,date,검색량
1,2021-07-01,44
2,2021-07-02,45
3,2021-07-03,41
4,2021-07-04,40
5,2021-07-05,38
6,2021-07-06,42
7,2021-07-07,41
8,2021-07-08,43
9,2021-07-09,46
10,2021-07-10,46
11,2021-07-11,40
12,2021-07-12,45
13,2021-07-13,47
14,2021-07-14,43
15,2021-07-15,44
16,2021-07-16,48
17,2021-07-17,47
18,2021-07-18,42
19,2021-07-19,45
20,2021-07-20,44
21,2021-07-21,44
22,2021-07-22,44
23,2021-07-23,45
24,2021-07-24,41
25,2021-07-25,42
26,2021-07-26,54
27,2021-07-27,56
28,2021-07-28,47
29,2021-07-29,46
30,2021-07-30,46
31,2021-07-31,40
32,2021-08-01,38
33,2021-08-02,46
34,2021-08-03,46
35,2021-08-04,46
36,2021-08-05,43
37,2021-08-06,42
38,2021-08-07,37
39,2021-08-08,39
40,2021-08-09,43
41,2021-08-10,43
42,2021-08-11,43
43,2021-08-12,43
44,2021-08-13,43
45,2021-08-14,37
46,2021-08-15,38
47,2021-08-16,44
48,2021-08-17,46
49,2021-08-18,47
50,2021-08-19,47
51,2021-08-20,64
52,2021-08-21,50
53,2021-08-22,47
54,2021-08-23,51
55,2021-08-24,54
56,2021-08-25,44
57,2021-08-26,47
58,2021-08-27,43
59,2021-08-28,40
60,2021-08-29,39
61,2021-08-30,43
62,2021-08-31,44
63,2021-09-01,40
64,2021-09-02,40
65,2021-09-03,41
66,2021-09-04,37
67,2021-09-05,36
68,2021-09-06,36
69,2021-09-07,42
70,2021-09-08,41
71,2021-09-09,42
72,2021-09-10,42
73,2021-09-11,37
74,2021-09-12,37
75,2021-09-13,41
76,2021-09-14,40
77,2021-09-15,39
78,2021-09-16,41
79,2021-09-17,41
80,2021-09-18,37
81,2021-09-19,38
82,2021-09-20,41
83,2021-09-21,38
84,2021-09-22,38
85,2021-09-23,39
86,2021-09-24,41
87,2021-09-25,38
88,2021-09-26,36
89,2021-09-27,43
90,2021-09-28,43
91,2021-09-29,42
92,2021-09-30,40
93,2021-10-01,40
94,2021-10-02,38
95,2021-10-03,38
96,2021-10-04,42
97,2021-10-05,42
98,2021-10-06,41
99,2021-10-07,45
100,2021-10-08,47
101,2021-10-09,42
102,2021-10-10,38
103,2021-10-11,42
104,2021-10-12,44
105,2021-10-13,43
106,2021-10-14,43
107,2021-10-15,46
108,2021-10-16,43
109,2021-10-17,40
110,2021-10-18,47
111,2021-10-19,46
112,2021-10-20,50
113,2021-10-21,55
114,2021-10-22,52
115,2021-10-23,43
116,2021-10-24,43
117,2021-10-25,82
118,2021-10-26,100
119,2021-10-27,74
120,2021-10-28,67
121,2021-10-29,65
122,2021-10-30,51
123,2021-10-31,51
124,2021-11-01,73
125,2021-11-02,80
126,2021-11-03,65
127,2021-11-04,65
128,2021-11-05,63
129,2021-11-06,51
130,2021-11-07,55
131,2021-11-08,81
132,2021-11-09,72
133,2021-11-10,76
134,2021-11-11,73
135,2021-11-12,63
136,2021-11-13,52
137,2021-11-14,50
138,2021-11-15,62
139,2021-11-16,61
140,2021-11-17,58
141,2021-11-18,54
142,2021-11-19,56
143,2021-11-20,51
144,2021-11-21,47
145,2021-11-22,56
146,2021-11-23,56
147,2021-11-24,53
148,2021-11-25,43
149,2021-11-26,50
150,2021-11-27,41
151,2021-11-28,41
152,2021-11-29,48
153,2021-11-30,50
154,2021-12-01,52
155,2021-12-02,54
156,2021-12-03,57
157,2021-12-04,45
158,2021-12-05,42
159,2021-12-06,53
160,2021-12-07,51
161,2021-12-08,50
162,2021-12-09,48
163,2021-12-10,52
164,2021-12-11,42
165,2021-12-12,39
166,2021-12-13,49
167,2021-12-14,57
168,2021-12-15,56
169,2021-12-16,52
170,2021-12-17,49
171,2021-12-18,41
172,2021-12-19,42
173,2021-12-20,49
174,2021-12-21,52
175,2021-12-22,53
176,2021-12-23,55
177,2021-12-24,52
178,2021-12-25,48
179,2021-12-26,46
180,2021-12-27,56
181,2021-12-28,55
182,2021-12-29,54
183,2021-12-30,59
184,2021-12-31,54
186,2017-01-01,65
187,2017-01-02,63
188,2017-01-03,62
189,2017-01-04,71
190,2017-01-05,71
191,2017-01-06,70
192,2017-01-07,71
193,2017-01-08,69
194,2017-01-09,64
195,2017-01-10,64
196,2017-01-11,61
197,2017-01-12,60
198,2017-01-13,67
199,2017-01-14,69
200,2017-01-15,61
201,2017-01-16,60
202,2017-01-17,59
203,2017-01-18,60
204,2017-01-19,64
205,2017-01-20,62
206,2017-01-21,62
207,2017-01-22,65
208,2017-01-23,61
209,2017-01-24,64
210,2017-01-25,61
211,2017-01-26,61
212,2017-01-27,66
213,2017-01-28,65
214,2017-01-29,63
215,2017-01-30,59
216,2017-01-31,59
217,2017-02-01,60
218,2017-02-02,59
219,2017-02-03,61
220,2017-02-04,62
221,2017-02-05,63
222,2017-02-06,60
223,2017-02-07,62
224,2017-02-08,70
225,2017-02-09,70
226,2017-02-10,66
227,2017-02-11,66
228,2017-02-12,61
229,2017-02-13,66
230,2017-02-14,68
231,2017-02-15,69
232,2017-02-16,78
233,2017-02-17,72
234,2017-02-18,70
235,2017-02-19,69
236,2017-02-20,64
237,2017-02-21,66
238,2017-02-22,75
239,2017-02-23,82
240,2017-02-24,69
241,2017-02-25,67
242,2017-02-26,68
243,2017-02-27,66
244,2017-02-28,70
245,2017-03-01,62
246,2017-03-02,64
247,2017-03-03,66
248,2017-03-04,64
249,2017-03-05,71
250,2017-03-06,63
251,2017-03-07,63
252,2017-03-08,62
253,2017-03-09,64
254,2017-03-10,65
255,2017-03-11,64
256,2017-03-12,62
257,2017-03-13,61
258,2017-03-14,65
259,2017-03-15,66
260,2017-03-16,65
261,2017-03-17,64
262,2017-03-18,67
263,2017-03-19,65
264,2017-03-20,62
265,2017-03-21,63
266,2017-03-22,62
267,2017-03-23,61
268,2017-03-24,67
269,2017-03-25,70
270,2017-03-26,68
271,2017-03-27,66
272,2017-03-28,71
273,2017-03-29,69
274,2017-03-30,69
275,2017-03-31,68
276,2017-04-01,68
277,2017-04-02,67
278,2017-04-03,84
279,2017-04-04,100
280,2017-04-05,79
281,2017-04-06,71
282,2017-04-07,67
283,2017-04-08,71
284,2017-04-09,66
285,2017-04-10,82
286,2017-04-11,87
287,2017-04-12,75
288,2017-04-13,79
289,2017-04-14,83
290,2017-04-15,76
291,2017-04-16,77
292,2017-04-17,74
293,2017-04-18,72
294,2017-04-19,68
295,2017-04-20,71
296,2017-04-21,74
297,2017-04-22,74
298,2017-04-23,66
299,2017-04-24,70
300,2017-04-25,72
301,2017-04-26,68
302,2017-04-27,68
303,2017-04-28,68
304,2017-04-29,69
305,2017-04-30,73
306,2017-05-01,74
307,2017-05-02,71
308,2017-05-03,75
309,2017-05-04,84
310,2017-05-05,76
311,2017-05-06,73
312,2017-05-07,70
313,2017-05-08,70
314,2017-05-09,69
315,2017-05-10,81
316,2017-05-11,90
317,2017-05-12,82
318,2017-05-13,76
319,2017-05-14,74
320,2017-05-15,72
321,2017-05-16,73
322,2017-05-17,70
323,2017-05-18,70
324,2017-05-19,72
325,2017-05-20,71
326,2017-05-21,68
327,2017-05-22,70
328,2017-05-23,65
329,2017-05-24,66
330,2017-05-25,67
331,2017-05-26,72
332,2017-05-27,67
333,2017-05-28,66
334,2017-05-29,64
335,2017-05-30,69
336,2017-05-31,67
337,2017-06-01,73
338,2017-06-02,76
339,2017-06-03,69
340,2017-06-04,70
341,2017-06-05,69
342,2017-06-06,70
343,2017-06-07,80
344,2017-06-08,74
345,2017-06-09,78
346,2017-06-10,72
347,2017-06-11,72
348,2017-06-12,70
349,2017-06-13,75
350,2017-06-14,76
351,2017-06-15,75
352,2017-06-16,73
353,2017-06-17,73
354,2017-06-18,70
355,2017-06-19,69
356,2017-06-20,76
357,2017-06-21,72
358,2017-06-22,75
359,2017-06-23,78
360,2017-06-24,74
361,2017-06-25,72
362,2017-06-26,71
363,2017-06-27,73
364,2017-06-28,68
365,2017-06-29,71
366,2017-06-30,70
368,2016-07-01,100
369,2016-07-02,63
370,2016-07-03,50
371,2016-07-04,46
372,2016-07-05,45
373,2016-07-06,43
374,2016-07-07,41
375,2016-07-08,39
376,2016-07-09,43
377,2016-07-10,49
378,2016-07-11,46
379,2016-07-12,41
380,2016-07-13,44
381,2016-07-14,42
382,2016-07-15,39
383,2016-07-16,38
384,2016-07-17,39
385,2016-07-18,39
386,2016-07-19,38
387,2016-07-20,40
388,2016-07-21,53
389,2016-07-22,44
390,2016-07-23,40
391,2016-07-24,39
392,2016-07-25,37
393,2016-07-26,41
394,2016-07-27,44
395,2016-07-28,39
396,2016-07-29,41
397,2016-07-30,46
398,2016-07-31,41
399,2016-08-01,42
400,2016-08-02,40
401,2016-08-03,40
402,2016-08-04,43
403,2016-08-05,39
404,2016-08-06,36
405,2016-08-07,38
406,2016-08-08,35
407,2016-08-09,38
408,2016-08-10,37
409,2016-08-11,34
410,2016-08-12,34
411,2016-08-13,36
412,2016-08-14,35
413,2016-08-15,36
414,2016-08-16,38
415,2016-08-17,37
416,2016-08-18,33
417,2016-08-19,35
418,2016-08-20,36
419,2016-08-21,34
420,2016-08-22,35
421,2016-08-23,50
422,2016-08-24,57
423,2016-08-25,46
424,2016-08-26,41
425,2016-08-27,42
426,2016-08-28,42
427,2016-08-29,38
428,2016-08-30,39
429,2016-08-31,38
430,2016-09-01,42
431,2016-09-02,43
432,2016-09-03,39
433,2016-09-04,38
434,2016-09-05,38
435,2016-09-06,36
436,2016-09-07,40
437,2016-09-08,40
438,2016-09-09,39
439,2016-09-10,39
440,2016-09-11,41
441,2016-09-12,41
442,2016-09-13,40
443,2016-09-14,37
444,2016-09-15,39
445,2016-09-16,39
446,2016-09-17,40
447,2016-09-18,38
448,2016-09-19,37
449,2016-09-20,38
450,2016-09-21,39
451,2016-09-22,44
452,2016-09-23,42
453,2016-09-24,43
454,2016-09-25,41
455,2016-09-26,38
456,2016-09-27,40
457,2016-09-28,41
458,2016-09-29,43
459,2016-09-30,46
460,2016-10-01,44
461,2016-10-02,40
462,2016-10-03,44
463,2016-10-04,40
464,2016-10-05,41
465,2016-10-06,41
466,2016-10-07,41
467,2016-10-08,41
468,2016-10-09,44
469,2016-10-10,42
470,2016-10-11,45
471,2016-10-12,42
472,2016-10-13,40
473,2016-10-14,40
474,2016-10-15,42
475,2016-10-16,42
476,2016-10-17,43
477,2016-10-18,43
478,2016-10-19,55
479,2016-10-20,68
480,2016-10-21,48
481,2016-10-22,44
482,2016-10-23,45
483,2016-10-24,41
484,2016-10-25,40
485,2016-10-26,45
486,2016-10-27,48
487,2016-10-28,43
488,2016-10-29,66
489,2016-10-30,55
490,2016-10-31,54
491,2016-11-01,52
492,2016-11-02,49
493,2016-11-03,46
494,2016-11-04,47
495,2016-11-05,49
496,2016-11-06,48
497,2016-11-07,45
498,2016-11-08,46
499,2016-11-09,38
500,2016-11-10,42
501,2016-11-11,41
502,2016-11-12,41
503,2016-11-13,41
504,2016-11-14,41
505,2016-11-15,41
506,2016-11-16,41
507,2016-11-17,44
508,2016-11-18,47
509,2016-11-19,47
510,2016-11-20,44
511,2016-11-21,44
512,2016-11-22,44
513,2016-11-23,45
514,2016-11-24,44
515,2016-11-25,41
516,2016-11-26,41
517,2016-11-27,41
518,2016-11-28,39
519,2016-11-29,42
520,2016-11-30,40
521,2016-12-01,41
522,2016-12-02,44
523,2016-12-03,40
524,2016-12-04,39
525,2016-12-05,39
526,2016-12-06,37
527,2016-12-07,39
528,2016-12-08,41
529,2016-12-09,38
530,2016-12-10,37
531,2016-12-11,39
532,2016-12-12,38
533,2016-12-13,38
534,2016-12-14,39
535,2016-12-15,41
536,2016-12-16,38
537,2016-12-17,39
538,2016-12-18,39
539,2016-12-19,37
540,2016-12-20,38
541,2016-12-21,39
542,2016-12-22,37
543,2016-12-23,40
544,2016-12-24,43
545,2016-12-25,45
546,2016-12-26,41
547,2016-12-27,42
548,2016-12-28,53
549,2016-12-29,51
550,2016-12-30,48
551,2016-12-31,43
553,2016-01-01,6
554,2016-01-02,6
555,2016-01-03,5
556,2016-01-04,6
557,2016-01-05,6
558,2016-01-06,6
559,2016-01-07,6
560,2016-01-08,6
561,2016-01-09,5
562,2016-01-10,6
563,2016-01-11,7
564,2016-01-12,6
565,2016-01-13,6
566,2016-01-14,6
567,2016-01-15,6
568,2016-01-16,6
569,2016-01-17,5
570,2016-01-18,5
571,2016-01-19,5
572,2016-01-20,5
573,2016-01-21,5
574,2016-01-22,5
575,2016-01-23,5
576,2016-01-24,5
577,2016-01-25,5
578,2016-01-26,5
579,2016-01-27,5
580,2016-01-28,6
581,2016-01-29,7
582,2016-01-30,7
583,2016-01-31,7
584,2016-02-01,6
585,2016-02-02,6
586,2016-02-03,7
587,2016-02-04,7
588,2016-02-05,6
589,2016-02-06,7
590,2016-02-07,7
591,2016-02-08,7
592,2016-02-09,6
593,2016-02-10,8
594,2016-02-11,10
595,2016-02-12,8
596,2016-02-13,7
597,2016-02-14,6
598,2016-02-15,6
599,2016-02-16,6
600,2016-02-17,6
601,2016-02-18,6
602,2016-02-19,6
603,2016-02-20,6
604,2016-02-21,6
605,2016-02-22,6
606,2016-02-23,6
607,2016-02-24,6
608,2016-02-25,6
609,2016-02-26,6
610,2016-02-27,5
611,2016-02-28,7
612,2016-02-29,6
613,2016-03-01,6
614,2016-03-02,6
615,2016-03-03,6
616,2016-03-04,6
617,2016-03-05,6
618,2016-03-06,6
619,2016-03-07,6
620,2016-03-08,6
621,2016-03-09,6
622,2016-03-10,6
623,2016-03-11,6
624,2016-03-12,6
625,2016-03-13,6
626,2016-03-14,6
627,2016-03-15,6
628,2016-03-16,6
629,2016-03-17,6
630,2016-03-18,6
631,2016-03-19,6
632,2016-03-20,6
633,2016-03-21,6
634,2016-03-22,6
635,2016-03-23,7
636,2016-03-24,7
637,2016-03-25,7
638,2016-03-26,7
639,2016-03-27,7
640,2016-03-28,7
641,2016-03-29,7
642,2016-03-30,9
643,2016-03-31,30
644,2016-04-01,100
645,2016-04-02,43
646,2016-04-03,28
647,2016-04-04,26
648,2016-04-05,21
649,2016-04-06,15
650,2016-04-07,14
651,2016-04-08,13
652,2016-04-09,11
653,2016-04-10,10
654,2016-04-11,9
655,2016-04-12,10
656,2016-04-13,9
657,2016-04-14,8
658,2016-04-15,9
659,2016-04-16,9
660,2016-04-17,8
661,2016-04-18,8
662,2016-04-19,8
663,2016-04-20,8
664,2016-04-21,7
665,2016-04-22,8
666,2016-04-23,8
667,2016-04-24,8
668,2016-04-25,7
669,2016-04-26,7
670,2016-04-27,8
671,2016-04-28,7
672,2016-04-29,7
673,2016-04-30,7
674,2016-05-01,7
675,2016-05-02,7
676,2016-05-03,7
677,2016-05-04,8
678,2016-05-05,9
679,2016-05-06,8
680,2016-05-07,7
681,2016-05-08,7
682,2016-05-09,7
683,2016-05-10,7
684,2016-05-11,7
685,2016-05-12,7
686,2016-05-13,7
687,2016-05-14,7
688,2016-05-15,7
689,2016-05-16,6
690,2016-05-17,6
691,2016-05-18,7
692,2016-05-19,7
693,2016-05-20,7
694,2016-05-21,7
695,2016-05-22,7
696,2016-05-23,6
697,2016-05-24,6
698,2016-05-25,7
699,2016-05-26,7
700,2016-05-27,7
701,2016-05-28,7
702,2016-05-29,7
703,2016-05-30,7
704,2016-05-31,7
705,2016-06-01,7
706,2016-06-02,7
707,2016-06-03,6
708,2016-06-04,7
709,2016-06-05,6
710,2016-06-06,6
711,2016-06-07,6
712,2016-06-08,7
713,2016-06-09,7
714,2016-06-10,7
715,2016-06-11,7
716,2016-06-12,7
717,2016-06-13,6
718,2016-06-14,6
719,2016-06-15,6
720,2016-06-16,6
721,2016-06-17,6
722,2016-06-18,6
723,2016-06-19,7
724,2016-06-20,7
725,2016-06-21,7
726,2016-06-22,8
727,2016-06-23,7
728,2016-06-24,6
729,2016-06-25,6
730,2016-06-26,6
731,2016-06-27,6
732,2016-06-28,6
733,2016-06-29,7
734,2016-06-30,8
735,2016-07-01,16
736,2016-07-02,10
737,2016-07-03,8
738,2016-07-04,7
739,2016-07-05,7
740,2016-07-06,7
741,2016-07-07,7
742,2016-07-08,6
743,2016-07-09,7
744,2016-07-10,8
745,2016-07-11,7
746,2016-07-12,7
747,2016-07-13,7
748,2016-07-14,7
749,2016-07-15,6
750,2016-07-16,6
751,2016-07-17,6
752,2016-07-18,6
753,2016-07-19,6
754,2016-07-20,7
755,2016-07-21,9
756,2016-07-22,7
757,2016-07-23,6
758,2016-07-24,6
759,2016-07-25,6
760,2016-07-26,7
761,2016-07-27,7
762,2016-07-28,6
763,2016-07-29,7
764,2016-07-30,8
765,2016-07-31,7
767,2015-07-01,22
768,2015-07-02,25
769,2015-07-03,26
770,2015-07-04,23
771,2015-07-05,23
772,2015-07-06,22
773,2015-07-07,25
774,2015-07-08,26
775,2015-07-09,25
776,2015-07-10,34
777,2015-07-11,33
778,2015-07-12,27
779,2015-07-13,25
780,2015-07-14,23
781,2015-07-15,23
782,2015-07-16,25
783,2015-07-17,33
784,2015-07-18,38
785,2015-07-19,32
786,2015-07-20,31
787,2015-07-21,30
788,2015-07-22,28
789,2015-07-23,29
790,2015-07-24,28
791,2015-07-25,28
792,2015-07-26,30
793,2015-07-27,27
794,2015-07-28,26
795,2015-07-29,26
796,2015-07-30,27
797,2015-07-31,28
798,2015-08-01,27
799,2015-08-02,27
800,2015-08-03,25
801,2015-08-04,27
802,2015-08-05,28
803,2015-08-06,36
804,2015-08-07,35
805,2015-08-08,30
806,2015-08-09,30
807,2015-08-10,29
808,2015-08-11,28
809,2015-08-12,27
810,2015-08-13,28
811,2015-08-14,29
812,2015-08-15,26
813,2015-08-16,26
814,2015-08-17,28
815,2015-08-18,29
816,2015-08-19,28
817,2015-08-20,28
818,2015-08-21,28
819,2015-08-22,28
820,2015-08-23,27
821,2015-08-24,27
822,2015-08-25,26
823,2015-08-26,25
824,2015-08-27,33
825,2015-08-28,37
826,2015-08-29,33
827,2015-08-30,31
828,2015-08-31,28
829,2015-09-01,29
830,2015-09-02,34
831,2015-09-03,39
832,2015-09-04,32
833,2015-09-05,28
834,2015-09-06,30
835,2015-09-07,26
836,2015-09-08,26
837,2015-09-09,25
838,2015-09-10,27
839,2015-09-11,29
840,2015-09-12,28
841,2015-09-13,25
842,2015-09-14,26
843,2015-09-15,29
844,2015-09-16,27
845,2015-09-17,26
846,2015-09-18,28
847,2015-09-19,26
848,2015-09-20,28
849,2015-09-21,27
850,2015-09-22,28
851,2015-09-23,27
852,2015-09-24,30
853,2015-09-25,33
854,2015-09-26,32
855,2015-09-27,35
856,2015-09-28,30
857,2015-09-29,36
858,2015-09-30,100
859,2015-10-01,51
860,2015-10-02,38
861,2015-10-03,39
862,2015-10-04,35
863,2015-10-05,32
864,2015-10-06,34
865,2015-10-07,32
866,2015-10-08,29
867,2015-10-09,33
868,2015-10-10,31
869,2015-10-11,30
870,2015-10-12,31
871,2015-10-13,29
872,2015-10-14,28
873,2015-10-15,39
874,2015-10-16,36
875,2015-10-17,33
876,2015-10-18,31
877,2015-10-19,30
878,2015-10-20,33
879,2015-10-21,34
880,2015-10-22,31
881,2015-10-23,33
882,2015-10-24,31
883,2015-10-25,30
884,2015-10-26,28
885,2015-10-27,30
886,2015-10-28,28
887,2015-10-29,27
888,2015-10-30,28
889,2015-10-31,26
890,2015-11-01,27
891,2015-11-02,27
892,2015-11-03,29
893,2015-11-04,32
894,2015-11-05,27
895,2015-11-06,27
896,2015-11-07,27
897,2015-11-08,27
898,2015-11-09,26
899,2015-11-10,27
900,2015-11-11,26
901,2015-11-12,26
902,2015-11-13,26
903,2015-11-14,23
904,2015-11-15,23
905,2015-11-16,23
906,2015-11-17,22
907,2015-11-18,24
908,2015-11-19,24
909,2015-11-20,30
910,2015-11-21,28
911,2015-11-22,25
912,2015-11-23,25
913,2015-11-24,26
914,2015-11-25,27
915,2015-11-26,26
916,2015-11-27,24
917,2015-11-28,24
918,2015-11-29,25
919,2015-11-30,24
920,2015-12-01,24
921,2015-12-02,25
922,2015-12-03,25
923,2015-12-04,25
924,2015-12-05,24
925,2015-12-06,24
926,2015-12-07,25
927,2015-12-08,25
928,2015-12-09,25
929,2015-12-10,26
930,2015-12-11,26
931,2015-12-12,27
932,2015-12-13,27
933,2015-12-14,27
934,2015-12-15,25
935,2015-12-16,25
936,2015-12-17,25
937,2015-12-18,25
938,2015-12-19,26
939,2015-12-20,25
940,2015-12-21,23
941,2015-12-22,28
942,2015-12-23,27
943,2015-12-24,29
944,2015-12-25,33
945,2015-12-26,29
946,2015-12-27,29
947,2015-12-28,27
948,2015-12-29,27
949,2015-12-30,27
950,2015-12-31,26
952,2015-01-01,21
953,2015-01-02,22
954,2015-01-03,27
955,2015-01-04,22
956,2015-01-05,19
957,2015-01-06,23
958,2015-01-07,22
959,2015-01-08,25
960,2015-01-09,22
961,2015-01-10,23
962,2015-01-11,22
963,2015-01-12,23
964,2015-01-13,23
965,2015-01-14,28
966,2015-01-15,25
967,2015-01-16,24
968,2015-01-17,22
969,2015-01-18,21
970,2015-01-19,21
971,2015-01-20,25
972,2015-01-21,24
973,2015-01-22,23
974,2015-01-23,23
975,2015-01-24,21
976,2015-01-25,24
977,2015-01-26,21
978,2015-01-27,30
979,2015-01-28,47
980,2015-01-29,41
981,2015-01-30,38
982,2015-01-31,31
983,2015-02-01,28
984,2015-02-02,24
985,2015-02-03,26
986,2015-02-04,25
987,2015-02-05,27
988,2015-02-06,28
989,2015-02-07,24
990,2015-02-08,24
991,2015-02-09,23
992,2015-02-10,24
993,2015-02-11,28
994,2015-02-12,35
995,2015-02-13,33
996,2015-02-14,31
997,2015-02-15,30
998,2015-02-16,28
999,2015-02-17,27
1000,2015-02-18,32
1001,2015-02-19,26
1002,2015-02-20,29
1003,2015-02-21,27
1004,2015-02-22,26
1005,2015-02-23,24
1006,2015-02-24,24
1007,2015-02-25,26
1008,2015-02-26,24
1009,2015-02-27,24
1010,2015-02-28,25
1011,2015-03-01,24
1012,2015-03-02,23
1013,2015-03-03,23
1014,2015-03-04,23
1015,2015-03-05,22
1016,2015-03-06,24
1017,2015-03-07,23
1018,2015-03-08,23
1019,2015-03-09,23
1020,2015-03-10,22
1021,2015-03-11,23
1022,2015-03-12,23
1023,2015-03-13,23
1024,2015-03-14,24
1025,2015-03-15,26
1026,2015-03-16,27
1027,2015-03-17,24
1028,2015-03-18,25
1029,2015-03-19,31
1030,2015-03-20,30
1031,2015-03-21,26
1032,2015-03-22,26
1033,2015-03-23,24
1034,2015-03-24,23
1035,2015-03-25,24
1036,2015-03-26,21
1037,2015-03-27,23
1038,2015-03-28,23
1039,2015-03-29,22
1040,2015-03-30,26
1041,2015-03-31,29
1042,2015-04-01,26
1043,2015-04-02,27
1044,2015-04-03,29
1045,2015-04-04,28
1046,2015-04-05,30
1047,2015-04-06,28
1048,2015-04-07,27
1049,2015-04-08,32
1050,2015-04-09,30
1051,2015-04-10,27
1052,2015-04-11,25
1053,2015-04-12,27
1054,2015-04-13,26
1055,2015-04-14,24
1056,2015-04-15,24
1057,2015-04-16,25
1058,2015-04-17,26
1059,2015-04-18,24
1060,2015-04-19,24
1061,2015-04-20,26
1062,2015-04-21,25
1063,2015-04-22,28
1064,2015-04-23,28
1065,2015-04-24,27
1066,2015-04-25,28
1067,2015-04-26,27
1068,2015-04-27,28
1069,2015-04-28,26
1070,2015-04-29,26
1071,2015-04-30,33
1072,2015-05-01,100
1073,2015-05-02,59
1074,2015-05-03,44
1075,2015-05-04,43
1076,2015-05-05,38
1077,2015-05-06,39
1078,2015-05-07,44
1079,2015-05-08,37
1080,2015-05-09,34
1081,2015-05-10,35
1082,2015-05-11,31
1083,2015-05-12,33
1084,2015-05-13,30
1085,2015-05-14,30
1086,2015-05-15,29
1087,2015-05-16,29
1088,2015-05-17,29
1089,2015-05-18,30
1090,2015-05-19,30
1091,2015-05-20,28
1092,2015-05-21,29
1093,2015-05-22,29
1094,2015-05-23,28
1095,2015-05-24,27
1096,2015-05-25,27
1097,2015-05-26,28
1098,2015-05-27,28
1099,2015-05-28,28
1100,2015-05-29,28
1101,2015-05-30,31
1102,2015-05-31,27
1103,2015-06-01,28
1104,2015-06-02,27
1105,2015-06-03,25
1106,2015-06-04,26
1107,2015-06-05,26
1108,2015-06-06,27
1109,2015-06-07,26
1110,2015-06-08,24
1111,2015-06-09,28
1112,2015-06-10,30
1113,2015-06-11,29
1114,2015-06-12,28
1115,2015-06-13,26
1116,2015-06-14,27
1117,2015-06-15,28
1118,2015-06-16,31
1119,2015-06-17,27
1120,2015-06-18,28
1121,2015-06-19,28
1122,2015-06-20,28
1123,2015-06-21,28
1124,2015-06-22,26
1125,2015-06-23,27
1126,2015-06-24,27
1127,2015-06-25,28
1128,2015-06-26,28
1129,2015-06-27,25
1130,2015-06-28,29
1131,2015-06-29,24
1132,2015-06-30,23
1134,2021-01-01,35
1135,2021-01-02,35
1136,2021-01-03,35
1137,2021-01-04,47
1138,2021-01-05,45
1139,2021-01-06,46
1140,2021-01-07,71
1141,2021-01-08,100
1142,2021-01-09,59
1143,2021-01-10,48
1144,2021-01-11,66
1145,2021-01-12,67
1146,2021-01-13,64
1147,2021-01-14,66
1148,2021-01-15,56
1149,2021-01-16,45
1150,2021-01-17,40
1151,2021-01-18,42
1152,2021-01-19,47
1153,2021-01-20,46
1154,2021-01-21,47
1155,2021-01-22,47
1156,2021-01-23,40
1157,2021-01-24,37
1158,2021-01-25,50
1159,2021-01-26,50
1160,2021-01-27,62
1161,2021-01-28,77
1162,2021-01-29,65
1163,2021-01-30,48
1164,2021-01-31,42
1165,2021-02-01,53
1166,2021-02-02,53
1167,2021-02-03,49
1168,2021-02-04,45
1169,2021-02-05,44
1170,2021-02-06,36
1171,2021-02-07,32
1172,2021-02-08,56
1173,2021-02-09,51
1174,2021-02-10,50
1175,2021-02-11,46
1176,2021-02-12,47
1177,2021-02-13,37
1178,2021-02-14,35
1179,2021-02-15,37
1180,2021-02-16,42
1181,2021-02-17,48
1182,2021-02-18,46
1183,2021-02-19,44
1184,2021-02-20,37
1185,2021-02-21,35
1186,2021-02-22,48
1187,2021-02-23,68
1188,2021-02-24,57
1189,2021-02-25,51
1190,2021-02-26,51
1191,2021-02-27,36
1192,2021-02-28,32
1193,2021-03-01,45
1194,2021-03-02,44
1195,2021-03-03,43
1196,2021-03-04,50
1197,2021-03-05,59
1198,2021-03-06,42
1199,2021-03-07,37
1200,2021-03-08,52
1201,2021-03-09,61
1202,2021-03-10,58
1203,2021-03-11,48
1204,2021-03-12,49
1205,2021-03-13,36
1206,2021-03-14,34
1207,2021-03-15,44
1208,2021-03-16,43
1209,2021-03-17,43
1210,2021-03-18,42
1211,2021-03-19,42
1212,2021-03-20,34
1213,2021-03-21,33
1214,2021-03-22,44
1215,2021-03-23,40
1216,2021-03-24,46
1217,2021-03-25,43
1218,2021-03-26,41
1219,2021-03-27,34
1220,2021-03-28,30
1221,2021-03-29,40
1222,2021-03-30,40
1223,2021-03-31,41
1224,2021-04-01,43
1225,2021-04-02,39
1226,2021-04-03,34
1227,2021-04-04,33
1228,2021-04-05,45
1229,2021-04-06,39
1230,2021-04-07,38
1231,2021-04-08,38
1232,2021-04-09,37
1233,2021-04-10,30
1234,2021-04-11,30
1235,2021-04-12,39
1236,2021-04-13,43
1237,2021-04-14,43
1238,2021-04-15,40
1239,2021-04-16,40
1240,2021-04-17,32
1241,2021-04-18,33
1242,2021-04-19,50
1243,2021-04-20,45
1244,2021-04-21,40
1245,2021-04-22,41
1246,2021-04-23,41
1247,2021-04-24,32
1248,2021-04-25,31
1249,2021-04-26,49
1250,2021-04-27,50
1251,2021-04-28,39
1252,2021-04-29,38
1253,2021-04-30,38
1254,2021-05-01,30
1255,2021-05-02,29
1256,2021-05-03,38
1257,2021-05-04,37
1258,2021-05-05,34
1259,2021-05-06,37
1260,2021-05-07,37
1261,2021-05-08,32
1262,2021-05-09,35
1263,2021-05-10,40
1264,2021-05-11,45
1265,2021-05-12,45
1266,2021-05-13,57
1267,2021-05-14,46
1268,2021-05-15,35
1269,2021-05-16,36
1270,2021-05-17,44
1271,2021-05-18,44
1272,2021-05-19,46
1273,2021-05-20,44
1274,2021-05-21,43
1275,2021-05-22,35
1276,2021-05-23,34
1277,2021-05-24,38
1278,2021-05-25,38
1279,2021-05-26,37
1280,2021-05-27,37
1281,2021-05-28,37
1282,2021-05-29,32
1283,2021-05-30,30
1284,2021-05-31,31
1285,2021-06-01,37
1286,2021-06-02,37
1287,2021-06-03,38
1288,2021-06-04,39
1289,2021-06-05,33
1290,2021-06-06,32
1291,2021-06-07,35
1292,2021-06-08,35
1293,2021-06-09,34
1294,2021-06-10,35
1295,2021-06-11,42
1296,2021-06-12,34
1297,2021-06-13,33
1298,2021-06-14,35
1299,2021-06-15,33
1300,2021-06-16,33
1301,2021-06-17,33
1302,2021-06-18,35
1303,2021-06-19,30
1304,2021-06-20,31
1305,2021-06-21,32
1306,2021-06-22,32
1307,2021-06-23,33
1308,2021-06-24,39
1309,2021-06-25,37
1310,2021-06-26,32
1311,2021-06-27,30
1312,2021-06-28,34
1313,2021-06-29,35
1314,2021-06-30,33
1316,2020-07-01,44
1317,2020-07-02,56
1318,2020-07-03,43
1319,2020-07-04,35
1320,2020-07-05,34
1321,2020-07-06,56
1322,2020-07-07,57
1323,2020-07-08,49
1324,2020-07-09,45
1325,2020-07-10,54
1326,2020-07-11,51
1327,2020-07-12,46
1328,2020-07-13,73
1329,2020-07-14,64
1330,2020-07-15,54
1331,2020-07-16,51
1332,2020-07-17,48
1333,2020-07-18,40
1334,2020-07-19,38
1335,2020-07-20,50
1336,2020-07-21,56
1337,2020-07-22,73
1338,2020-07-23,75
1339,2020-07-24,60
1340,2020-07-25,45
1341,2020-07-26,39
1342,2020-07-27,47
1343,2020-07-28,47
1344,2020-07-29,43
1345,2020-07-30,41
1346,2020-07-31,44
1347,2020-08-01,36
1348,2020-08-02,37
1349,2020-08-03,41
1350,2020-08-04,39
1351,2020-08-05,37
1352,2020-08-06,36
1353,2020-08-07,37
1354,2020-08-08,31
1355,2020-08-09,30
1356,2020-08-10,36
1357,2020-08-11,43
1358,2020-08-12,56
1359,2020-08-13,52
1360,2020-08-14,46
1361,2020-08-15,38
1362,2020-08-16,37
1363,2020-08-17,52
1364,2020-08-18,58
1365,2020-08-19,55
1366,2020-08-20,61
1367,2020-08-21,67
1368,2020-08-22,48
1369,2020-08-23,41
1370,2020-08-24,58
1371,2020-08-25,52
1372,2020-08-26,53
1373,2020-08-27,60
1374,2020-08-28,63
1375,2020-08-29,49
1376,2020-08-30,45
1377,2020-08-31,98
1378,2020-09-01,95
1379,2020-09-02,82
1380,2020-09-03,81
1381,2020-09-04,81
1382,2020-09-05,50
1383,2020-09-06,42
1384,2020-09-07,49
1385,2020-09-08,85
1386,2020-09-09,88
1387,2020-09-10,71
1388,2020-09-11,63
1389,2020-09-12,43
1390,2020-09-13,38
1391,2020-09-14,58
1392,2020-09-15,64
1393,2020-09-16,57
1394,2020-09-17,54
1395,2020-09-18,56
1396,2020-09-19,39
1397,2020-09-20,38
1398,2020-09-21,63
1399,2020-09-22,97
1400,2020-09-23,100
1401,2020-09-24,71
1402,2020-09-25,58
1403,2020-09-26,42
1404,2020-09-27,39
1405,2020-09-28,51
1406,2020-09-29,49
1407,2020-09-30,49
1408,2020-10-01,49
1409,2020-10-02,54
1410,2020-10-03,40
1411,2020-10-04,36
1412,2020-10-05,47
1413,2020-10-06,46
1414,2020-10-07,46
1415,2020-10-08,43
1416,2020-10-09,43
1417,2020-10-10,34
1418,2020-10-11,33
1419,2020-10-12,42
1420,2020-10-13,40
1421,2020-10-14,43
1422,2020-10-15,49
1423,2020-10-16,49
1424,2020-10-17,35
1425,2020-10-18,31
1426,2020-10-19,42
1427,2020-10-20,45
1428,2020-10-21,54
1429,2020-10-22,54
1430,2020-10-23,46
1431,2020-10-24,34
1432,2020-10-25,30
1433,2020-10-26,39
1434,2020-10-27,39
1435,2020-10-28,36
1436,2020-10-29,38
1437,2020-10-30,38
1438,2020-10-31,26
1439,2020-11-01,24
1440,2020-11-02,37
1441,2020-11-03,36
1442,2020-11-04,29
1443,2020-11-05,33
1444,2020-11-06,39
1445,2020-11-07,29
1446,2020-11-08,27
1447,2020-11-09,41
1448,2020-11-10,39
1449,2020-11-11,35
1450,2020-11-12,35
1451,2020-11-13,36
1452,2020-11-14,29
1453,2020-11-15,27
1454,2020-11-16,41
1455,2020-11-17,63
1456,2020-11-18,56
1457,2020-11-19,53
1458,2020-11-20,48
1459,2020-11-21,32
1460,2020-11-22,28
1461,2020-11-23,45
1462,2020-11-24,62
1463,2020-11-25,58
1464,2020-11-26,41
1465,2020-11-27,46
1466,2020-11-28,34
1467,2020-11-29,32
1468,2020-11-30,47
1469,2020-12-01,50
1470,2020-12-02,48
1471,2020-12-03,49
1472,2020-12-04,47
1473,2020-12-05,35
1474,2020-12-06,31
1475,2020-12-07,51
1476,2020-12-08,60
1477,2020-12-09,58
1478,2020-12-10,58
1479,2020-12-11,52
1480,2020-12-12,35
1481,2020-12-13,31
1482,2020-12-14,45
1483,2020-12-15,46
1484,2020-12-16,46
1485,2020-12-17,46
1486,2020-12-18,58
1487,2020-12-19,45
1488,2020-12-20,39
1489,2020-12-21,57
1490,2020-12-22,57
1491,2020-12-23,54
1492,2020-12-24,48
1493,2020-12-25,38
1494,2020-12-26,37
1495,2020-12-27,38
1496,2020-12-28,55
1497,2020-12-29,54
1498,2020-12-30,51
1499,2020-12-31,53
1501,2020-01-01,36
1502,2020-01-02,37
1503,2020-01-03,39
1504,2020-01-04,36
1505,2020-01-05,35
1506,2020-01-06,34
1507,2020-01-07,40
1508,2020-01-08,43
1509,2020-01-09,43
1510,2020-01-10,38
1511,2020-01-11,34
1512,2020-01-12,32
1513,2020-01-13,40
1514,2020-01-14,44
1515,2020-01-15,41
1516,2020-01-16,40
1517,2020-01-17,37
1518,2020-01-18,35
1519,2020-01-19,38
1520,2020-01-20,34
1521,2020-01-21,39
1522,2020-01-22,48
1523,2020-01-23,49
1524,2020-01-24,42
1525,2020-01-25,34
1526,2020-01-26,32
1527,2020-01-27,36
1528,2020-01-28,36
1529,2020-01-29,45
1530,2020-01-30,62
1531,2020-01-31,48
1532,2020-02-01,39
1533,2020-02-02,34
1534,2020-02-03,56
1535,2020-02-04,100
1536,2020-02-05,96
1537,2020-02-06,74
1538,2020-02-07,57
1539,2020-02-08,40
1540,2020-02-09,36
1541,2020-02-10,46
1542,2020-02-11,44
1543,2020-02-12,42
1544,2020-02-13,45
1545,2020-02-14,43
1546,2020-02-15,37
1547,2020-02-16,37
1548,2020-02-17,38
1549,2020-02-18,44
1550,2020-02-19,50
1551,2020-02-20,49
1552,2020-02-21,47
1553,2020-02-22,37
1554,2020-02-23,35
1555,2020-02-24,46
1556,2020-02-25,44
1557,2020-02-26,41
1558,2020-02-27,44
1559,2020-02-28,50
1560,2020-02-29,37
1561,2020-03-01,33
1562,2020-03-02,42
1563,2020-03-03,42
1564,2020-03-04,38
1565,2020-03-05,39
1566,2020-03-06,39
1567,2020-03-07,32
1568,2020-03-08,28
1569,2020-03-09,44
1570,2020-03-10,42
1571,2020-03-11,38
1572,2020-03-12,42
1573,2020-03-13,40
1574,2020-03-14,29
1575,2020-03-15,24
1576,2020-03-16,37
1577,2020-03-17,37
1578,2020-03-18,42
1579,2020-03-19,40
1580,2020-03-20,38
1581,2020-03-21,23
1582,2020-03-22,21
1583,2020-03-23,32
1584,2020-03-24,32
1585,2020-03-25,32
1586,2020-03-26,30
1587,2020-03-27,29
1588,2020-03-28,21
1589,2020-03-29,20
1590,2020-03-30,25
1591,2020-03-31,27
1592,2020-04-01,26
1593,2020-04-02,29
1594,2020-04-03,29
1595,2020-04-04,20
1596,2020-04-05,17
1597,2020-04-06,25
1598,2020-04-07,25
1599,2020-04-08,26
1600,2020-04-09,25
1601,2020-04-10,20
1602,2020-04-11,18
1603,2020-04-12,18
1604,2020-04-13,25
1605,2020-04-14,32
1606,2020-04-15,32
1607,2020-04-16,29
1608,2020-04-17,29
1609,2020-04-18,21
1610,2020-04-19,21
1611,2020-04-20,28
1612,2020-04-21,29
1613,2020-04-22,29
1614,2020-04-23,27
1615,2020-04-24,26
1616,2020-04-25,20
1617,2020-04-26,19
1618,2020-04-27,28
1619,2020-04-28,29
1620,2020-04-29,37
1621,2020-04-30,38
1622,2020-05-01,45
1623,2020-05-02,42
1624,2020-05-03,29
1625,2020-05-04,33
1626,2020-05-05,32
1627,2020-05-06,33
1628,2020-05-07,32
1629,2020-05-08,32
1630,2020-05-09,29
1631,2020-05-10,32
1632,2020-05-11,37
1633,2020-05-12,38
1634,2020-05-13,34
1635,2020-05-14,31
1636,2020-05-15,31
1637,2020-05-16,25
1638,2020-05-17,24
1639,2020-05-18,28
1640,2020-05-19,27
1641,2020-05-20,28
1642,2020-05-21,28
1643,2020-05-22,26
1644,2020-05-23,25
1645,2020-05-24,23
1646,2020-05-25,25
1647,2020-05-26,28
1648,2020-05-27,41
1649,2020-05-28,34
1650,2020-05-29,31
1651,2020-05-30,42
1652,2020-05-31,41
1653,2020-06-01,35
1654,2020-06-02,33
1655,2020-06-03,31
1656,2020-06-04,32
1657,2020-06-05,31
1658,2020-06-06,32
1659,2020-06-07,32
1660,2020-06-08,36
1661,2020-06-09,40
1662,2020-06-10,48
1663,2020-06-11,48
1664,2020-06-12,42
1665,2020-06-13,35
1666,2020-06-14,32
1667,2020-06-15,37
1668,2020-06-16,37
1669,2020-06-17,35
1670,2020-06-18,35
1671,2020-06-19,37
1672,2020-06-20,33
1673,2020-06-21,33
1674,2020-06-22,37
1675,2020-06-23,33
1676,2020-06-24,35
1677,2020-06-25,35
1678,2020-06-26,35
1679,2020-06-27,32
1680,2020-06-28,32
1681,2020-06-29,34
1682,2020-06-30,38
1684,2019-07-01,8
1685,2019-07-02,9
1686,2019-07-03,11
1687,2019-07-04,8
1688,2019-07-05,8
1689,2019-07-06,8
1690,2019-07-07,7
1691,2019-07-08,8
1692,2019-07-09,8
1693,2019-07-10,10
1694,2019-07-11,8
1695,2019-07-12,8
1696,2019-07-13,8
1697,2019-07-14,8
1698,2019-07-15,8
1699,2019-07-16,10
1700,2019-07-17,9
1701,2019-07-18,9
1702,2019-07-19,9
1703,2019-07-20,8
1704,2019-07-21,8
1705,2019-07-22,8
1706,2019-07-23,9
1707,2019-07-24,11
1708,2019-07-25,12
1709,2019-07-26,10
1710,2019-07-27,8
1711,2019-07-28,8
1712,2019-07-29,8
1713,2019-07-30,8
1714,2019-07-31,8
1715,2019-08-01,8
1716,2019-08-02,8
1717,2019-08-03,8
1718,2019-08-04,8
1719,2019-08-05,8
1720,2019-08-06,8
1721,2019-08-07,8
1722,2019-08-08,7
1723,2019-08-09,8
1724,2019-08-10,8
1725,2019-08-11,8
1726,2019-08-12,8
1727,2019-08-13,8
1728,2019-08-14,8
1729,2019-08-15,8
1730,2019-08-16,8
1731,2019-08-17,8
1732,2019-08-18,8
1733,2019-08-19,9
1734,2019-08-20,8
1735,2019-08-21,9
1736,2019-08-22,8
1737,2019-08-23,8
1738,2019-08-24,8
1739,2019-08-25,8
1740,2019-08-26,8
1741,2019-08-27,7
1742,2019-08-28,8
1743,2019-08-29,7
1744,2019-08-30,8
1745,2019-08-31,7
1746,2019-09-01,7
1747,2019-09-02,7
1748,2019-09-03,7
1749,2019-09-04,8
1750,2019-09-05,8
1751,2019-09-06,8
1752,2019-09-07,8
1753,2019-09-08,7
1754,2019-09-09,8
1755,2019-09-10,9
1756,2019-09-11,9
1757,2019-09-12,9
1758,2019-09-13,9
1759,2019-09-14,8
1760,2019-09-15,8
1761,2019-09-16,8
1762,2019-09-17,9
1763,2019-09-18,9
1764,2019-09-19,9
1765,2019-09-20,8
1766,2019-09-21,8
1767,2019-09-22,8
1768,2019-09-23,9
1769,2019-09-24,9
1770,2019-09-25,9
1771,2019-09-26,9
1772,2019-09-27,10
1773,2019-09-28,9
1774,2019-09-29,10
1775,2019-09-30,10
1776,2019-10-01,9
1777,2019-10-02,10
1778,2019-10-03,10
1779,2019-10-04,10
1780,2019-10-05,8
1781,2019-10-06,8
1782,2019-10-07,9
1783,2019-10-08,9
1784,2019-10-09,9
1785,2019-10-10,8
1786,2019-10-11,9
1787,2019-10-12,8
1788,2019-10-13,8
1789,2019-10-14,9
1790,2019-10-15,9
1791,2019-10-16,9
1792,2019-10-17,9
1793,2019-10-18,9
1794,2019-10-19,8
1795,2019-10-20,8
1796,2019-10-21,8
1797,2019-10-22,8
1798,2019-10-23,11
1799,2019-10-24,15
1800,2019-10-25,12
1801,2019-10-26,11
1802,2019-10-27,10
1803,2019-10-28,11
1804,2019-10-29,9
1805,2019-10-30,9
1806,2019-10-31,8
1807,2019-11-01,8
1808,2019-11-02,8
1809,2019-11-03,8
1810,2019-11-04,8
1811,2019-11-05,8
1812,2019-11-06,8
1813,2019-11-07,9
1814,2019-11-08,10
1815,2019-11-09,8
1816,2019-11-10,8
1817,2019-11-11,9
1818,2019-11-12,10
1819,2019-11-13,14
1820,2019-11-14,11
1821,2019-11-15,10
1822,2019-11-16,9
1823,2019-11-17,9
1824,2019-11-18,11
1825,2019-11-19,10
1826,2019-11-20,11
1827,2019-11-21,15
1828,2019-11-22,100
1829,2019-11-23,68
1830,2019-11-24,52
1831,2019-11-25,45
1832,2019-11-26,35
1833,2019-11-27,28
1834,2019-11-28,26
1835,2019-11-29,22
1836,2019-11-30,20
1837,2019-12-01,17
1838,2019-12-02,15
1839,2019-12-03,14
1840,2019-12-04,14
1841,2019-12-05,13
1842,2019-12-06,13
1843,2019-12-07,13
1844,2019-12-08,12
1845,2019-12-09,12
1846,2019-12-10,12
1847,2019-12-11,11
1848,2019-12-12,11
1849,2019-12-13,12
1850,2019-12-14,12
1851,2019-12-15,11
1852,2019-12-16,11
1853,2019-12-17,11
1854,2019-12-18,11
1855,2019-12-19,12
1856,2019-12-20,12
1857,2019-12-21,12
1858,2019-12-22,12
1859,2019-12-23,14
1860,2019-12-24,14
1861,2019-12-25,14
1862,2019-12-26,13
1863,2019-12-27,14
1864,2019-12-28,13
1865,2019-12-29,12
1866,2019-12-30,13
1867,2019-12-31,12
1869,2019-01-01,26
1870,2019-01-02,34
1871,2019-01-03,31
1872,2019-01-04,30
1873,2019-01-05,27
1874,2019-01-06,29
1875,2019-01-07,28
1876,2019-01-08,28
1877,2019-01-09,29
1878,2019-01-10,29
1879,2019-01-11,28
1880,2019-01-12,26
1881,2019-01-13,26
1882,2019-01-14,24
1883,2019-01-15,26
1884,2019-01-16,26
1885,2019-01-17,25
1886,2019-01-18,38
1887,2019-01-19,29
1888,2019-01-20,25
1889,2019-01-21,25
1890,2019-01-22,26
1891,2019-01-23,27
1892,2019-01-24,26
1893,2019-01-25,25
1894,2019-01-26,25
1895,2019-01-27,24
1896,2019-01-28,25
1897,2019-01-29,24
1898,2019-01-30,29
1899,2019-01-31,31
1900,2019-02-01,26
1901,2019-02-02,25
1902,2019-02-03,25
1903,2019-02-04,24
1904,2019-02-05,27
1905,2019-02-06,28
1906,2019-02-07,27
1907,2019-02-08,25
1908,2019-02-09,26
1909,2019-02-10,25
1910,2019-02-11,25
1911,2019-02-12,24
1912,2019-02-13,24
1913,2019-02-14,25
1914,2019-02-15,25
1915,2019-02-16,25
1916,2019-02-17,26
1917,2019-02-18,24
1918,2019-02-19,25
1919,2019-02-20,27
1920,2019-02-21,26
1921,2019-02-22,27
1922,2019-02-23,26
1923,2019-02-24,24
1924,2019-02-25,25
1925,2019-02-26,27
1926,2019-02-27,26
1927,2019-02-28,46
1928,2019-03-01,84
1929,2019-03-02,51
1930,2019-03-03,40
1931,2019-03-04,48
1932,2019-03-05,42
1933,2019-03-06,38
1934,2019-03-07,42
1935,2019-03-08,37
1936,2019-03-09,33
1937,2019-03-10,29
1938,2019-03-11,36
1939,2019-03-12,32
1940,2019-03-13,30
1941,2019-03-14,42
1942,2019-03-15,100
1943,2019-03-16,52
1944,2019-03-17,41
1945,2019-03-18,43
1946,2019-03-19,39
1947,2019-03-20,34
1948,2019-03-21,33
1949,2019-03-22,35
1950,2019-03-23,32
1951,2019-03-24,30
1952,2019-03-25,31
1953,2019-03-26,31
1954,2019-03-27,30
1955,2019-03-28,29
1956,2019-03-29,29
1957,2019-03-30,29
1958,2019-03-31,28
1959,2019-04-01,30
1960,2019-04-02,31
1961,2019-04-03,31
1962,2019-04-04,42
1963,2019-04-05,33
1964,2019-04-06,30
1965,2019-04-07,30
1966,2019-04-08,32
1967,2019-04-09,30
1968,2019-04-10,30
1969,2019-04-11,29
1970,2019-04-12,37
1971,2019-04-13,32
1972,2019-04-14,29
1973,2019-04-15,29
1974,2019-04-16,28
1975,2019-04-17,29
1976,2019-04-18,29
1977,2019-04-19,29
1978,2019-04-20,30
1979,2019-04-21,31
1980,2019-04-22,45
1981,2019-04-23,49
1982,2019-04-24,51
1983,2019-04-25,47
1984,2019-04-26,39
1985,2019-04-27,31
1986,2019-04-28,29
1987,2019-04-29,32
1988,2019-04-30,32
1989,2019-05-01,38
1990,2019-05-02,42
1991,2019-05-03,39
1992,2019-05-04,32
1993,2019-05-05,29
1994,2019-05-06,30
1995,2019-05-07,29
1996,2019-05-08,32
1997,2019-05-09,37
1998,2019-05-10,51
1999,2019-05-11,46
2000,2019-05-12,37
2001,2019-05-13,37
2002,2019-05-14,34
2003,2019-05-15,34
2004,2019-05-16,32
2005,2019-05-17,38
2006,2019-05-18,32
2007,2019-05-19,29
2008,2019-05-20,36
2009,2019-05-21,41
2010,2019-05-22,44
2011,2019-05-23,44
2012,2019-05-24,39
2013,2019-05-25,32
2014,2019-05-26,34
2015,2019-05-27,30
2016,2019-05-28,35
2017,2019-05-29,37
2018,2019-05-30,33
2019,2019-05-31,37
2020,2019-06-01,30
2021,2019-06-02,33
2022,2019-06-03,42
2023,2019-06-04,46
2024,2019-06-05,40
2025,2019-06-06,37
2026,2019-06-07,40
2027,2019-06-08,34
2028,2019-06-09,32
2029,2019-06-10,35
2030,2019-06-11,35
2031,2019-06-12,41
2032,2019-06-13,35
2033,2019-06-14,34
2034,2019-06-15,31
2035,2019-06-16,30
2036,2019-06-17,34
2037,2019-06-18,33
2038,2019-06-19,34
2039,2019-06-20,34
2040,2019-06-21,32
2041,2019-06-22,30
2042,2019-06-23,31
2043,2019-06-24,32
2044,2019-06-25,34
2045,2019-06-26,33
2046,2019-06-27,30
2047,2019-06-28,33
2048,2019-06-29,30
2049,2019-06-30,28
2051,2018-07-01,41
2052,2018-07-02,52
2053,2018-07-03,43
2054,2018-07-04,38
2055,2018-07-05,39
2056,2018-07-06,40
2057,2018-07-07,40
2058,2018-07-08,42
2059,2018-07-09,39
2060,2018-07-10,45
2061,2018-07-11,42
2062,2018-07-12,40
2063,2018-07-13,42
2064,2018-07-14,41
2065,2018-07-15,40
2066,2018-07-16,40
2067,2018-07-17,41
2068,2018-07-18,41
2069,2018-07-19,40
2070,2018-07-20,41
2071,2018-07-21,40
2072,2018-07-22,41
2073,2018-07-23,46
2074,2018-07-24,43
2075,2018-07-25,41
2076,2018-07-26,40
2077,2018-07-27,40
2078,2018-07-28,39
2079,2018-07-29,39
2080,2018-07-30,42
2081,2018-07-31,42
2082,2018-08-01,61
2083,2018-08-02,71
2084,2018-08-03,48
2085,2018-08-04,40
2086,2018-08-05,41
2087,2018-08-06,40
2088,2018-08-07,84
2089,2018-08-08,91
2090,2018-08-09,62
2091,2018-08-10,47
2092,2018-08-11,43
2093,2018-08-12,41
2094,2018-08-13,46
2095,2018-08-14,45
2096,2018-08-15,44
2097,2018-08-16,44
2098,2018-08-17,60
2099,2018-08-18,51
2100,2018-08-19,45
2101,2018-08-20,54
2102,2018-08-21,50
2103,2018-08-22,42
2104,2018-08-23,42
2105,2018-08-24,46
2106,2018-08-25,47
2107,2018-08-26,41
2108,2018-08-27,45
2109,2018-08-28,42
2110,2018-08-29,41
2111,2018-08-30,41
2112,2018-08-31,41
2113,2018-09-01,37
2114,2018-09-02,37
2115,2018-09-03,37
2116,2018-09-04,40
2117,2018-09-05,42
2118,2018-09-06,42
2119,2018-09-07,100
2120,2018-09-08,85
2121,2018-09-09,51
2122,2018-09-10,65
2123,2018-09-11,63
2124,2018-09-12,58
2125,2018-09-13,50
2126,2018-09-14,46
2127,2018-09-15,42
2128,2018-09-16,40
2129,2018-09-17,44
2130,2018-09-18,51
2131,2018-09-19,45
2132,2018-09-20,44
2133,2018-09-21,43
2134,2018-09-22,40
2135,2018-09-23,40
2136,2018-09-24,41
2137,2018-09-25,39
2138,2018-09-26,41
2139,2018-09-27,53
2140,2018-09-28,90
2141,2018-09-29,58
2142,2018-09-30,78
2143,2018-10-01,80
2144,2018-10-02,66
2145,2018-10-03,48
2146,2018-10-04,50
2147,2018-10-05,52
2148,2018-10-06,45
2149,2018-10-07,40
2150,2018-10-08,50
2151,2018-10-09,51
2152,2018-10-10,48
2153,2018-10-11,48
2154,2018-10-12,46
2155,2018-10-13,43
2156,2018-10-14,44
2157,2018-10-15,45
2158,2018-10-16,45
2159,2018-10-17,43
2160,2018-10-18,43
2161,2018-10-19,53
2162,2018-10-20,44
2163,2018-10-21,43
2164,2018-10-22,43
2165,2018-10-23,50
2166,2018-10-24,70
2167,2018-10-25,78
2168,2018-10-26,58
2169,2018-10-27,44
2170,2018-10-28,43
2171,2018-10-29,46
2172,2018-10-30,44
2173,2018-10-31,41
2174,2018-11-01,43
2175,2018-11-02,43
2176,2018-11-03,42
2177,2018-11-04,41
2178,2018-11-05,43
2179,2018-11-06,39
2180,2018-11-07,38
2181,2018-11-08,41
2182,2018-11-09,43
2183,2018-11-10,41
2184,2018-11-11,39
2185,2018-11-12,39
2186,2018-11-13,40
2187,2018-11-14,40
2188,2018-11-15,40
2189,2018-11-16,42
2190,2018-11-17,40
2191,2018-11-18,39
2192,2018-11-19,41
2193,2018-11-20,38
2194,2018-11-21,39
2195,2018-11-22,37
2196,2018-11-23,37
2197,2018-11-24,37
2198,2018-11-25,37
2199,2018-11-26,39
2200,2018-11-27,40
2201,2018-11-28,40
2202,2018-11-29,40
2203,2018-11-30,40
2204,2018-12-01,40
2205,2018-12-02,38
2206,2018-12-03,40
2207,2018-12-04,41
2208,2018-12-05,43
2209,2018-12-06,43
2210,2018-12-07,43
2211,2018-12-08,41
2212,2018-12-09,41
2213,2018-12-10,47
2214,2018-12-11,43
2215,2018-12-12,41
2216,2018-12-13,42
2217,2018-12-14,42
2218,2018-12-15,41
2219,2018-12-16,42
2220,2018-12-17,42
2221,2018-12-18,50
2222,2018-12-19,47
2223,2018-12-20,45
2224,2018-12-21,43
2225,2018-12-22,46
2226,2018-12-23,47
2227,2018-12-24,45
2228,2018-12-25,46
2229,2018-12-26,45
2230,2018-12-27,46
2231,2018-12-28,46
2232,2018-12-29,46
2233,2018-12-30,44
2234,2018-12-31,42
2236,2018-01-01,22
2237,2018-01-02,22
2238,2018-01-03,24
2239,2018-01-04,25
2240,2018-01-05,22
2241,2018-01-06,23
2242,2018-01-07,24
2243,2018-01-08,24
2244,2018-01-09,22
2245,2018-01-10,22
2246,2018-01-11,22
2247,2018-01-12,22
2248,2018-01-13,23
2249,2018-01-14,23
2250,2018-01-15,22
2251,2018-01-16,21
2252,2018-01-17,21
2253,2018-01-18,21
2254,2018-01-19,21
2255,2018-01-20,21
2256,2018-01-21,20
2257,2018-01-22,21
2258,2018-01-23,22
2259,2018-01-24,23
2260,2018-01-25,22
2261,2018-01-26,23
2262,2018-01-27,23
2263,2018-01-28,22
2264,2018-01-29,22
2265,2018-01-30,22
2266,2018-01-31,21
2267,2018-02-01,21
2268,2018-02-02,22
2269,2018-02-03,21
2270,2018-02-04,22
2271,2018-02-05,22
2272,2018-02-06,50
2273,2018-02-07,100
2274,2018-02-08,74
2275,2018-02-09,55
2276,2018-02-10,44
2277,2018-02-11,39
2278,2018-02-12,35
2279,2018-02-13,29
2280,2018-02-14,25
2281,2018-02-15,24
2282,2018-02-16,25
2283,2018-02-17,25
2284,2018-02-18,26
2285,2018-02-19,24
2286,2018-02-20,24
2287,2018-02-21,23
2288,2018-02-22,23
2289,2018-02-23,23
2290,2018-02-24,23
2291,2018-02-25,22
2292,2018-02-26,22
2293,2018-02-27,21
2294,2018-02-28,21
2295,2018-03-01,21
2296,2018-03-02,22
2297,2018-03-03,22
2298,2018-03-04,21
2299,2018-03-05,21
2300,2018-03-06,21
2301,2018-03-07,21
2302,2018-03-08,20
2303,2018-03-09,22
2304,2018-03-10,22
2305,2018-03-11,23
2306,2018-03-12,21
2307,2018-03-13,20
2308,2018-03-14,20
2309,2018-03-15,20
2310,2018-03-16,20
2311,2018-03-17,21
2312,2018-03-18,20
2313,2018-03-19,21
2314,2018-03-20,20
2315,2018-03-21,20
2316,2018-03-22,21
2317,2018-03-23,21
2318,2018-03-24,23
2319,2018-03-25,22
2320,2018-03-26,20
2321,2018-03-27,22
2322,2018-03-28,34
2323,2018-03-29,34
2324,2018-03-30,32
2325,2018-03-31,28
2326,2018-04-01,27
2327,2018-04-02,42
2328,2018-04-03,36
2329,2018-04-04,26
2330,2018-04-05,24
2331,2018-04-06,23
2332,2018-04-07,21
2333,2018-04-08,20
2334,2018-04-09,21
2335,2018-04-10,20
2336,2018-04-11,20
2337,2018-04-12,22
2338,2018-04-13,23
2339,2018-04-14,21
2340,2018-04-15,21
2341,2018-04-16,21
2342,2018-04-17,25
2343,2018-04-18,23
2344,2018-04-19,22
2345,2018-04-20,21
2346,2018-04-21,21
2347,2018-04-22,20
2348,2018-04-23,21
2349,2018-04-24,20
2350,2018-04-25,20
2351,2018-04-26,21
2352,2018-04-27,20
2353,2018-04-28,21
2354,2018-04-29,21
2355,2018-04-30,20
2356,2018-05-01,21
2357,2018-05-02,25
2358,2018-05-03,40
2359,2018-05-04,26
2360,2018-05-05,23
2361,2018-05-06,21
2362,2018-05-07,22
2363,2018-05-08,23
2364,2018-05-09,21
2365,2018-05-10,24
2366,2018-05-11,24
2367,2018-05-12,23
2368,2018-05-13,23
2369,2018-05-14,24
2370,2018-05-15,24
2371,2018-05-16,23
2372,2018-05-17,22
2373,2018-05-18,22
2374,2018-05-19,21
2375,2018-05-20,23
2376,2018-05-21,23
2377,2018-05-22,24
2378,2018-05-23,22
2379,2018-05-24,22
2380,2018-05-25,21
2381,2018-05-26,22
2382,2018-05-27,22
2383,2018-05-28,20
2384,2018-05-29,21
2385,2018-05-30,22
2386,2018-05-31,22
2387,2018-06-01,21
2388,2018-06-02,21
2389,2018-06-03,20
2390,2018-06-04,20
2391,2018-06-05,21
2392,2018-06-06,25
2393,2018-06-07,23
2394,2018-06-08,22
2395,2018-06-09,21
2396,2018-06-10,21
2397,2018-06-11,21
2398,2018-06-12,24
2399,2018-06-13,26
2400,2018-06-14,21
2401,2018-06-15,21
2402,2018-06-16,20
2403,2018-06-17,22
2404,2018-06-18,22
2405,2018-06-19,23
2406,2018-06-20,21
2407,2018-06-21,20
2408,2018-06-22,21
2409,2018-06-23,20
2410,2018-06-24,20
2411,2018-06-25,20
2412,2018-06-26,20
2413,2018-06-27,21
2414,2018-06-28,23
2415,2018-06-29,24
2416,2018-06-30,22
2418,2017-07-01,14
2419,2017-07-02,16
2420,2017-07-03,28
2421,2017-07-04,20
2422,2017-07-05,19
2423,2017-07-06,20
2424,2017-07-07,23
2425,2017-07-08,18
2426,2017-07-09,24
2427,2017-07-10,25
2428,2017-07-11,19
2429,2017-07-12,16
2430,2017-07-13,15
2431,2017-07-14,16
2432,2017-07-15,15
2433,2017-07-16,14
2434,2017-07-17,15
2435,2017-07-18,15
2436,2017-07-19,14
2437,2017-07-20,15
2438,2017-07-21,15
2439,2017-07-22,15
2440,2017-07-23,15
2441,2017-07-24,14
2442,2017-07-25,15
2443,2017-07-26,16
2444,2017-07-27,16
2445,2017-07-28,22
2446,2017-07-29,60
2447,2017-07-30,37
2448,2017-07-31,31
2449,2017-08-01,28
2450,2017-08-02,26
2451,2017-08-03,30
2452,2017-08-04,21
2453,2017-08-05,21
2454,2017-08-06,19
2455,2017-08-07,20
2456,2017-08-08,18
2457,2017-08-09,16
2458,2017-08-10,16
2459,2017-08-11,16
2460,2017-08-12,16
2461,2017-08-13,16
2462,2017-08-14,14
2463,2017-08-15,15
2464,2017-08-16,14
2465,2017-08-17,14
2466,2017-08-18,15
2467,2017-08-19,15
2468,2017-08-20,14
2469,2017-08-21,14
2470,2017-08-22,14
2471,2017-08-23,14
2472,2017-08-24,15
2473,2017-08-25,15
2474,2017-08-26,14
2475,2017-08-27,14
2476,2017-08-28,13
2477,2017-08-29,14
2478,2017-08-30,14
2479,2017-08-31,15
2480,2017-09-01,14
2481,2017-09-02,15
2482,2017-09-03,14
2483,2017-09-04,13
2484,2017-09-05,13
2485,2017-09-06,14
2486,2017-09-07,14
2487,2017-09-08,14
2488,2017-09-09,14
2489,2017-09-10,14
2490,2017-09-11,15
2491,2017-09-12,14
2492,2017-09-13,15
2493,2017-09-14,16
2494,2017-09-15,14
2495,2017-09-16,15
2496,2017-09-17,14
2497,2017-09-18,14
2498,2017-09-19,14
2499,2017-09-20,14
2500,2017-09-21,14
2501,2017-09-22,15
2502,2017-09-23,14
2503,2017-09-24,14
2504,2017-09-25,13
2505,2017-09-26,15
2506,2017-09-27,13
2507,2017-09-28,14
2508,2017-09-29,15
2509,2017-09-30,15
2510,2017-10-01,13
2511,2017-10-02,13
2512,2017-10-03,15
2513,2017-10-04,15
2514,2017-10-05,14
2515,2017-10-06,15
2516,2017-10-07,15
2517,2017-10-08,15
2518,2017-10-09,15
2519,2017-10-10,14
2520,2017-10-11,13
2521,2017-10-12,14
2522,2017-10-13,14
2523,2017-10-14,17
2524,2017-10-15,15
2525,2017-10-16,15
2526,2017-10-17,14
2527,2017-10-18,14
2528,2017-10-19,14
2529,2017-10-20,14
2530,2017-10-21,14
2531,2017-10-22,14
2532,2017-10-23,14
2533,2017-10-24,14
2534,2017-10-25,15
2535,2017-10-26,15
2536,2017-10-27,14
2537,2017-10-28,14
2538,2017-10-29,14
2539,2017-10-30,13
2540,2017-10-31,13
2541,2017-11-01,15
2542,2017-11-02,19
2543,2017-11-03,16
2544,2017-11-04,15
2545,2017-11-05,14
2546,2017-11-06,14
2547,2017-11-07,14
2548,2017-11-08,15
2549,2017-11-09,15
2550,2017-11-10,15
2551,2017-11-11,14
2552,2017-11-12,14
2553,2017-11-13,15
2554,2017-11-14,14
2555,2017-11-15,15
2556,2017-11-16,20
2557,2017-11-17,100
2558,2017-11-18,58
2559,2017-11-19,36
2560,2017-11-20,39
2561,2017-11-21,34
2562,2017-11-22,26
2563,2017-11-23,25
2564,2017-11-24,22
2565,2017-11-25,20
2566,2017-11-26,19
2567,2017-11-27,18
2568,2017-11-28,18
2569,2017-11-29,17
2570,2017-11-30,17
2571,2017-12-01,18
2572,2017-12-02,17
2573,2017-12-03,17
2574,2017-12-04,17
2575,2017-12-05,15
2576,2017-12-06,15
2577,2017-12-07,15
2578,2017-12-08,16
2579,2017-12-09,16
2580,2017-12-10,15
2581,2017-12-11,15
2582,2017-12-12,15
2583,2017-12-13,15
2584,2017-12-14,14
2585,2017-12-15,15
2586,2017-12-16,15
2587,2017-12-17,14
2588,2017-12-18,14
2589,2017-12-19,16
2590,2017-12-20,16
2591,2017-12-21,15
2592,2017-12-22,15
2593,2017-12-23,18
2594,2017-12-24,17
2595,2017-12-25,17
2596,2017-12-26,15
2597,2017-12-27,17
2598,2017-12-28,16
2599,2017-12-29,15
2600,2017-12-30,16
2601,2017-12-31,15
2603,2022-01-01,62
2604,2022-01-02,72
2605,2022-01-03,99
2606,2022-01-04,100
2607,2022-01-05,83
2608,2022-01-06,84
2609,2022-01-07,84
2610,2022-01-08,69
2611,2022-01-09,64
2612,2022-01-10,74
2613,2022-01-11,76
2614,2022-01-12,72
2615,2022-01-13,72
2616,2022-01-14,83
2617,2022-01-15,64
2618,2022-01-16,61
2619,2022-01-17,64
2620,2022-01-18,70
2621,2022-01-19,67
2622,2022-01-20,72
2623,2022-01-21,76
2624,2022-01-22,61
2625,2022-01-23,59
2626,2022-01-24,89
2627,2022-01-25,81
2628,2022-01-26,96
2629,2022-01-27,100
2630,2022-01-28,94
2631,2022-01-29,65
2632,2022-01-30,56
2633,2022-01-31,77
2634,2022-02-01,75
2635,2022-02-02,75
2636,2022-02-03,74
2637,2022-02-04,73
2638,2022-02-05,60
2639,2022-02-06,55
2640,2022-02-07,72
2641,2022-02-08,68
2642,2022-02-09,70
2643,2022-02-10,70
2644,2022-02-11,71
2645,2022-02-12,59
2646,2022-02-13,56
2647,2022-02-14,65
2648,2022-02-15,70
2649,2022-02-16,68
2650,2022-02-17,68
2651,2022-02-18,69
2652,2022-02-19,60
2653,2022-02-20,56
2654,2022-02-21,58
2655,2022-02-22,71
2656,2022-02-23,71
2657,2022-02-24,81
2658,2022-02-25,71
2659,2022-02-26,52
2660,2022-02-27,52
2661,2022-02-28,70
2662,2022-03-01,67
2663,2022-03-02,68
2664,2022-03-03,71
2665,2022-03-04,76
2666,2022-03-05,68
2667,2022-03-06,67
2668,2022-03-07,82
2669,2022-03-08,0
