"날짜","종가","오픈","고가","저가","거래량","변동 %"
"2022년 03월 04일","25.54","26.01","26.20","25.33","370.09K","-3.88%"
"2022년 03월 03일","26.57","27.10","27.10","26.32","459.37K","-1.70%"
"2022년 03월 02일","27.03","26.83","27.10","26.53","428.76K","1.31%"
"2022년 03월 01일","26.68","27.21","27.34","26.43","602.36K","-2.73%"
"2022년 02월 28일","27.43","27.06","27.72","27.01","286.85K","-0.11%"
"2022년 02월 25일","27.46","27.10","27.50","26.73","420.17K","2.08%"
"2022년 02월 24일","26.90","25.16","26.90","25.11","639.05K","1.20%"
"2022년 02월 23일","26.58","27.45","27.56","26.53","356.42K","-1.92%"
"2022년 02월 22일","27.10","27.31","27.73","26.79","497.44K","-2.52%"
"2022년 02월 18일","27.80","28.26","28.28","27.62","417.96K","-1.66%"
"2022년 02월 17일","28.27","28.63","28.77","28.19","837.87K","-2.65%"
"2022년 02월 16일","29.04","28.80","29.15","28.63","208.35K","0.48%"
"2022년 02월 15일","28.90","28.25","28.95","28.17","346.37K","4.45%"
"2022년 02월 14일","27.67","27.69","27.98","27.37","220.62K","-0.14%"
"2022년 02월 11일","27.71","28.63","28.72","27.62","257.81K","-3.25%"
"2022년 02월 10일","28.64","28.63","29.42","28.50","354.05K","-1.88%"
"2022년 02월 09일","29.19","28.85","29.21","28.75","714.94K","3.14%"
"2022년 02월 08일","28.30","27.78","28.37","27.66","601.99K","1.87%"
"2022년 02월 07일","27.78","27.98","28.12","27.68","287.59K","-0.79%"
"2022년 02월 04일","28.00","27.59","28.05","27.35","315.67K","0.94%"
"2022년 02월 03일","27.74","27.93","28.40","27.69","467.34K","-3.14%"
"2022년 02월 02일","28.64","28.88","28.97","28.33","319.41K","-0.03%"
"2022년 02월 01일","28.65","28.45","28.65","27.96","357.20K","1.45%"
"2022년 01월 31일","28.24","27.25","28.27","27.19","468.91K","4.21%"
"2022년 01월 28일","27.10","26.78","27.11","26.29","468.37K","1.08%"
"2022년 01월 27일","26.81","27.86","27.90","26.75","466.24K","-2.86%"
"2022년 01월 26일","27.60","28.20","28.50","27.31","518.87K","0.15%"
"2022년 01월 25일","27.56","27.66","27.98","27.20","1.75M","-2.27%"
"2022년 01월 24일","28.20","27.39","28.20","26.63","1.02M","-0.46%"
"2022년 01월 21일","28.33","28.79","29.13","28.31","620.81K","-2.58%"
"2022년 01월 20일","29.08","29.71","30.09","28.98","1.17M","-1.79%"
"2022년 01월 19일","29.61","30.50","30.52","29.56","612.58K","-2.34%"
"2022년 01월 18일","30.32","30.68","30.79","30.25","566.86K","-2.48%"
"2022년 01월 14일","31.09","30.75","31.10","30.64","322.36K","0.39%"
"2022년 01월 13일","30.97","31.47","31.69","30.86","402.03K","-0.74%"
"2022년 01월 12일","31.20","31.29","31.43","30.91","631.62K","0.97%"
"2022년 01월 11일","30.90","30.44","30.96","30.26","1.47M","1.58%"
"2022년 01월 10일","30.42","30.08","30.42","29.71","462.50K","-0.49%"
"2022년 01월 07일","30.57","30.83","31.07","30.36","605.87K","-0.59%"
"2022년 01월 06일","30.75","30.75","30.95","30.30","453.47K","-0.23%"
"2022년 01월 05일","30.82","31.52","31.71","30.66","827.16K","-2.31%"
"2022년 01월 04일","31.55","31.53","31.67","31.08","830.78K","1.09%"
"2022년 01월 03일","31.21","30.89","31.24","30.80","1.13M","2.23%"
"2021년 12월 31일","30.53","30.50","30.74","30.50","160.51K","-0.13%"
"2021년 12월 30일","30.57","30.62","30.87","30.54","284.21K","-0.13%"
"2021년 12월 29일","30.61","30.64","30.70","30.38","199.00K","0.07%"
"2021년 12월 28일","30.59","30.74","30.84","30.53","710.45K","-0.62%"
"2021년 12월 27일","30.78","30.41","30.80","30.34","300.10K","1.55%"
"2021년 12월 23일","30.31","29.90","30.39","29.86","266.25K","1.61%"
"2021년 12월 22일","29.83","29.48","29.88","29.42","270.15K","1.39%"
"2021년 12월 21일","29.42","29.00","29.46","28.86","382.32K","2.76%"
"2021년 12월 20일","28.63","28.78","28.86","28.31","794.01K","-2.42%"
"2021년 12월 17일","29.34","29.26","29.70","29.02","480.55K","-0.71%"
"2021년 12월 16일","29.55","30.57","30.60","29.41","1.01M","-2.06%"
"2021년 12월 15일","30.17","29.61","30.20","29.15","309.41K","1.79%"
"2021년 12월 14일","29.64","29.54","29.88","29.37","351.93K","-0.97%"
"2021년 12월 13일","29.93","30.57","30.58","29.85","421.42K","-2.16%"
"2021년 12월 10일","30.59","30.63","30.74","30.29","335.78K","0.72%"
"2021년 12월 09일","30.37","30.84","30.94","30.35","639.03K","-1.94%"
"2021년 12월 08일","30.97","31.02","31.06","30.64","1.41M","0.19%"
"2021년 12월 07일","30.91","30.67","31.06","30.60","630.74K","3.10%"
"2021년 12월 06일","29.98","29.57","30.15","29.19","876.23K","0.87%"
"2021년 12월 03일","29.72","30.53","30.54","29.44","753.64K","-2.30%"
"2021년 12월 02일","30.42","30.10","30.52","29.96","780.45K","1.00%"
"2021년 12월 01일","30.12","31.18","31.39","30.10","946.38K","-1.21%"
"2021년 11월 30일","30.49","30.81","30.97","30.10","784.09K","-1.36%"
"2021년 11월 29일","30.91","30.95","31.03","30.46","897.25K","1.01%"
"2021년 11월 26일","30.60","30.77","30.80","30.22","648.62K","-3.20%"
"2021년 11월 24일","31.61","31.27","31.61","31.02","612.98K","-0.06%"
"2021년 11월 23일","31.63","31.76","31.97","31.24","596.72K","-0.41%"
"2021년 11월 22일","31.76","32.11","32.37","31.70","815.90K","0.03%"
"2021년 11월 19일","31.75","31.66","31.89","31.62","631.35K","0.13%"
"2021년 11월 18일","31.71","32.05","32.06","31.47","1.17M","-0.06%"
"2021년 11월 17일","31.73","32.05","32.06","31.63","1.12M","-0.63%"
"2021년 11월 16일","31.93","31.69","31.94","31.60","687.71K","0.98%"
"2021년 11월 15일","31.62","31.99","31.99","31.47","905.60K","-0.82%"
"2021년 11월 12일","31.88","31.63","31.89","31.61","785.39K","0.92%"
"2021년 11월 11일","31.59","31.57","31.64","31.25","669.02K","1.67%"
"2021년 11월 10일","31.07","31.30","31.62","30.90","957.37K","-1.99%"
"2021년 11월 09일","31.70","32.31","32.32","31.53","704.09K","-1.28%"
"2021년 11월 08일","32.11","31.84","32.21","31.78","1.01M","1.04%"
"2021년 11월 05일","31.78","31.85","31.92","31.55","536.55K","0.35%"
"2021년 11월 04일","31.67","31.59","31.74","31.42","782.58K","1.34%"
"2021년 11월 03일","31.25","30.85","31.26","30.74","460.27K","1.26%"
"2021년 11월 02일","30.86","30.80","30.88","30.65","398.96K","0.23%"
"2021년 11월 01일","30.79","30.27","30.79","30.21","609.85K","2.33%"
"2021년 10월 29일","30.09","29.78","30.09","29.76","440.89K","0.53%"
"2021년 10월 28일","29.93","29.55","29.94","29.54","447.59K","2.15%"
"2021년 10월 27일","29.30","29.46","29.58","29.30","334.08K","-0.58%"
"2021년 10월 26일","29.47","29.74","29.88","29.38","415.06K","-0.24%"
"2021년 10월 25일","29.54","29.20","29.60","29.16","389.86K","2.04%"
"2021년 10월 22일","28.95","29.28","29.28","28.85","458.65K","-1.13%"
"2021년 10월 21일","29.28","29.10","29.31","29.10","200.78K","0.34%"
"2021년 10월 20일","29.18","29.07","29.26","28.96","661.75K","0.24%"
"2021년 10월 19일","29.11","29.09","29.19","28.97","362.64K","0.52%"
"2021년 10월 18일","28.96","28.65","28.99","28.65","182.24K","0.45%"
"2021년 10월 15일","28.83","28.77","28.99","28.76","280.17K","0.84%"
"2021년 10월 14일","28.59","28.43","28.64","28.33","215.83K","1.71%"
"2021년 10월 13일","28.11","28.01","28.16","27.83","208.08K","1.19%"
"2021년 10월 12일","27.78","27.80","27.92","27.73","264.86K","0.14%"
"2021년 10월 11일","27.74","27.89","28.11","27.72","246.03K","0.07%"
"2021년 10월 08일","27.72","27.81","27.89","27.64","167.50K","0.07%"
"2021년 10월 07일","27.70","27.59","27.89","27.59","178.96K","2.29%"
"2021년 10월 06일","27.08","26.88","27.08","26.67","183.27K","-0.62%"
"2021년 10월 05일","27.25","27.12","27.39","27.00","254.92K","1.11%"
"2021년 10월 04일","26.95","27.31","27.41","26.89","338.01K","-1.75%"
"2021년 10월 01일","27.43","27.35","27.54","27.05","1.41M","0.04%"
"2021년 09월 30일","27.42","27.61","27.72","27.30","820.86K","-0.44%"
"2021년 09월 29일","27.54","27.80","27.86","27.46","214.23K","-0.65%"
"2021년 09월 28일","27.72","28.07","28.15","27.62","242.45K","-2.26%"
"2021년 09월 27일","28.36","28.09","28.42","28.05","1.27M","0.53%"
"2021년 09월 24일","28.21","28.16","28.30","28.03","215.17K","-0.56%"
"2021년 09월 23일","28.37","28.08","28.41","28.04","247.02K","1.87%"
"2021년 09월 22일","27.85","27.54","27.98","27.52","186.88K","2.01%"
"2021년 09월 21일","27.30","27.40","27.45","27.16","173.19K","0.40%"
"2021년 09월 20일","27.19","27.16","27.34","26.83","447.35K","-3.20%"
"2021년 09월 17일","28.09","28.33","28.34","27.96","195.27K","-0.92%"
"2021년 09월 16일","28.35","28.40","28.46","28.17","181.29K","-1.15%"
"2021년 09월 15일","28.68","28.35","28.68","28.31","221.10K","1.20%"
"2021년 09월 14일","28.34","28.62","28.62","28.27","220.79K","-0.21%"
"2021년 09월 13일","28.40","28.47","28.55","28.12","218.95K","0.57%"
"2021년 09월 10일","28.24","28.45","28.75","28.21","179.98K","-0.46%"
"2021년 09월 09일","28.37","28.26","28.60","28.26","167.91K","0.07%"
"2021년 09월 08일","28.35","28.80","28.80","28.21","180.84K","-1.66%"
"2021년 09월 07일","28.83","28.81","28.95","28.78","437.12K","-0.07%"
"2021년 09월 03일","28.85","28.82","28.97","28.73","161.10K","0.03%"
"2021년 09월 02일","28.84","28.79","29.00","28.79","255.57K","-0.14%"
"2021년 09월 01일","28.88","28.82","28.98","28.67","270.03K","0.49%"
"2021년 08월 31일","28.74","28.85","28.85","28.58","208.00K","0.10%"
"2021년 08월 30일","28.71","28.73","28.76","28.66","265.09K","0.49%"
"2021년 08월 27일","28.57","28.26","28.64","28.15","154.83K","1.78%"
"2021년 08월 26일","28.07","28.30","28.45","28.06","299.34K","-1.27%"
"2021년 08월 25일","28.43","28.39","28.54","28.39","225.42K","0.42%"
"2021년 08월 24일","28.31","28.11","28.40","28.11","649.60K","1.11%"
"2021년 08월 23일","28.00","27.64","28.03","27.64","241.25K","2.30%"
"2021년 08월 20일","27.37","27.19","27.37","27.07","341.95K","0.37%"
"2021년 08월 19일","27.27","27.47","27.47","27.17","500.73K","-2.05%"
"2021년 08월 18일","27.84","27.92","28.16","27.80","844.82K","-0.11%"
"2021년 08월 17일","27.87","28.10","28.12","27.57","384.27K","-2.38%"
"2021년 08월 16일","28.55","28.67","28.67","28.33","363.45K","-1.21%"
"2021년 08월 13일","28.90","29.01","29.11","28.89","299.93K","-0.86%"
"2021년 08월 12일","29.15","29.21","29.21","28.89","1.04M","0.03%"
"2021년 08월 11일","29.14","29.29","29.34","28.92","823.05K","0.24%"
"2021년 08월 10일","29.07","29.11","29.18","29.01","1.35M","0.35%"
"2021년 08월 09일","28.97","28.95","29.08","28.73","629.75K","0.28%"
"2021년 08월 06일","28.89","28.95","29.09","28.88","944.98K","0.00%"
"2021년 08월 05일","28.89","28.67","28.99","28.61","507.46K","1.12%"
"2021년 08월 04일","28.57","28.77","28.86","28.57","871.29K","-0.70%"
"2021년 08월 03일","28.77","28.70","28.80","28.47","461.32K","0.49%"
"2021년 08월 02일","28.63","28.84","29.06","28.62","454.18K","0.21%"
"2021년 07월 30일","28.57","28.46","28.71","28.46","155.46K","-0.28%"
"2021년 07월 29일","28.65","28.28","28.70","28.28","363.15K","1.99%"
"2021년 07월 28일","28.09","27.82","28.16","27.80","193.99K","1.66%"
"2021년 07월 27일","27.63","27.85","27.85","27.32","199.23K","-1.43%"
"2021년 07월 26일","28.03","27.88","28.07","27.83","184.84K","0.50%"
"2021년 07월 23일","27.89","27.90","27.91","27.68","278.75K","0.61%"
"2021년 07월 22일","27.72","27.89","27.94","27.60","485.90K","-0.43%"
"2021년 07월 21일","27.84","27.42","27.85","27.42","445.47K","2.09%"
"2021년 07월 20일","27.27","26.72","27.36","26.60","440.12K","2.06%"
"2021년 07월 19일","26.72","26.68","26.82","26.36","468.35K","-1.69%"
"2021년 07월 16일","27.18","27.74","27.81","27.15","175.08K","-1.74%"
"2021년 07월 15일","27.66","27.81","27.89","27.46","204.01K","-1.11%"
"2021년 07월 14일","27.97","28.23","28.33","27.88","155.84K","-0.43%"
"2021년 07월 13일","28.09","28.28","28.41","28.06","256.34K","-0.85%"
"2021년 07월 12일","28.33","28.10","28.33","28.08","183.16K","0.93%"
"2021년 07월 09일","28.07","27.74","28.10","27.69","179.39K","2.11%"
"2021년 07월 08일","27.49","27.26","27.60","27.15","256.77K","-1.22%"
"2021년 07월 07일","27.83","28.19","28.19","27.66","306.63K","-0.96%"
"2021년 07월 06일","28.10","28.38","28.43","27.87","355.67K","-1.09%"
"2021년 07월 02일","28.41","28.40","28.43","28.26","203.51K","0.28%"
"2021년 07월 01일","28.33","28.31","28.42","28.18","197.38K","0.07%"
"2021년 06월 30일","28.31","28.17","28.33","28.13","218.05K","0.11%"
"2021년 06월 29일","28.28","28.22","28.33","28.21","155.87K","0.00%"
"2021년 06월 28일","28.28","28.24","28.28","28.13","214.95K","0.60%"
"2021년 06월 25일","28.11","28.29","28.32","28.11","218.47K","-0.35%"
"2021년 06월 24일","28.21","28.11","28.25","28.10","1.03M","1.26%"
"2021년 06월 23일","27.86","27.82","28.03","27.80","389.35K","0.54%"
"2021년 06월 22일","27.71","27.60","27.77","27.39","165.01K","0.62%"
"2021년 06월 21일","27.54","27.30","27.55","27.25","195.19K","1.14%"
"2021년 06월 18일","27.23","27.40","27.48","27.14","290.04K","-1.94%"
"2021년 06월 17일","27.77","27.88","27.92","27.50","233.92K","-0.54%"
"2021년 06월 16일","27.92","28.09","28.13","27.69","301.53K","-0.99%"
"2021년 06월 15일","28.20","28.27","28.32","28.05","212.00K","-0.63%"
"2021년 06월 14일","28.38","28.46","28.46","28.25","383.46K","-0.28%"
"2021년 06월 11일","28.46","28.32","28.47","28.25","424.23K","0.89%"
"2021년 06월 10일","28.21","28.40","28.53","28.20","320.15K","-0.46%"
"2021년 06월 09일","28.34","28.58","28.59","28.31","236.00K","-0.84%"
"2021년 06월 08일","28.58","28.57","28.67","28.34","589.58K","0.21%"
"2021년 06월 07일","28.52","28.50","28.55","28.36","349.46K","0.07%"
"2021년 06월 04일","28.50","28.37","28.59","28.37","433.59K","1.17%"
"2021년 06월 03일","28.17","28.07","28.35","27.93","199.42K","-0.21%"
"2021년 06월 02일","28.23","28.09","28.26","28.09","319.44K","0.61%"
"2021년 06월 01일","28.06","27.99","28.12","27.90","312.09K","1.41%"
"2021년 05월 28일","27.67","27.70","27.77","27.61","215.40K","0.47%"
"2021년 05월 27일","27.54","27.27","27.60","27.27","208.70K","1.55%"
"2021년 05월 26일","27.12","26.86","27.17","26.86","138.43K","1.19%"
"2021년 05월 25일","26.80","27.02","27.18","26.77","191.65K","-0.59%"
"2021년 05월 24일","26.96","26.75","27.05","26.67","210.89K","1.28%"
"2021년 05월 21일","26.62","26.72","26.77","26.53","170.28K","0.41%"
"2021년 05월 20일","26.51","26.28","26.53","26.26","152.22K","1.61%"
"2021년 05월 19일","26.09","25.65","26.16","25.65","176.67K","-0.80%"
"2021년 05월 18일","26.30","26.49","26.63","26.30","328.97K","-0.15%"
"2021년 05월 17일","26.34","26.25","26.39","26.04","163.99K","-0.19%"
"2021년 05월 14일","26.39","26.10","26.42","25.98","235.40K","2.13%"
"2021년 05월 13일","25.84","25.81","26.07","25.52","338.82K","1.14%"
"2021년 05월 12일","25.55","26.09","26.26","25.50","582.07K","-3.18%"
"2021년 05월 11일","26.39","25.60","26.45","25.60","638.41K","-0.79%"
"2021년 05월 10일","26.60","27.24","27.24","26.60","300.20K","-2.35%"
"2021년 05월 07일","27.24","26.95","27.24","26.86","243.50K","1.45%"
"2021년 05월 06일","26.85","26.69","26.85","26.46","258.52K","0.15%"
"2021년 05월 05일","26.81","26.79","26.95","26.59","214.35K","1.32%"
"2021년 05월 04일","26.46","26.60","26.67","26.20","410.92K","-1.71%"
"2021년 05월 03일","26.92","27.12","27.15","26.87","279.55K","-0.11%"
"2021년 04월 30일","26.95","27.20","27.28","26.83","470.54K","-1.71%"
"2021년 04월 29일","27.42","27.83","27.85","27.14","307.37K","-0.94%"
"2021년 04월 28일","27.68","27.80","27.80","27.66","359.79K","-0.43%"
"2021년 04월 27일","27.80","27.90","27.90","27.66","207.84K","-0.29%"
"2021년 04월 26일","27.88","27.61","27.93","27.60","407.99K","1.01%"
"2021년 04월 23일","27.60","27.12","27.69","27.12","335.19K","1.88%"
"2021년 04월 22일","27.09","27.40","27.42","26.94","309.18K","-0.95%"
"2021년 04월 21일","27.35","26.70","27.35","26.66","378.08K","1.52%"
"2021년 04월 20일","26.94","27.33","27.35","26.75","369.10K","-1.97%"
"2021년 04월 19일","27.48","27.70","27.79","27.37","363.36K","-0.97%"
"2021년 04월 16일","27.75","27.67","27.78","27.59","234.60K","0.58%"
"2021년 04월 15일","27.59","27.50","27.59","27.42","274.80K","0.77%"
"2021년 04월 14일","27.38","27.48","27.63","27.31","320.16K","0.29%"
"2021년 04월 13일","27.30","27.29","27.35","27.05","324.78K","0.26%"
"2021년 04월 12일","27.23","27.44","27.44","27.11","308.68K","-0.55%"
"2021년 04월 09일","27.38","27.24","27.39","27.19","341.12K","0.22%"
"2021년 04월 08일","27.32","27.28","27.36","27.05","460.20K","0.48%"
"2021년 04월 07일","27.19","27.40","27.41","27.09","410.77K","-0.66%"
"2021년 04월 06일","27.37","27.56","27.56","27.30","464.00K","-0.58%"
"2021년 04월 05일","27.53","27.41","27.57","27.25","674.12K","1.96%"
"2021년 04월 01일","27.00","26.84","27.00","26.76","378.13K","1.73%"
"2021년 03월 31일","26.54","26.45","26.64","26.39","271.29K","0.87%"
"2021년 03월 30일","26.31","25.70","26.32","25.70","672.64K","1.43%"
"2021년 03월 29일","25.94","26.21","26.29","25.80","271.76K","-1.44%"
"2021년 03월 26일","26.32","25.96","26.32","25.71","247.76K","2.21%"
"2021년 03월 25일","25.75","25.16","25.83","25.15","374.58K","0.74%"
"2021년 03월 24일","25.56","26.30","26.30","25.55","459.91K","-2.37%"
"2021년 03월 23일","26.18","26.92","26.92","26.08","415.59K","-3.25%"
"2021년 03월 22일","27.06","27.11","27.19","26.85","325.55K","0.07%"
"2021년 03월 19일","27.04","27.00","27.16","26.65","497.95K","0.15%"
"2021년 03월 18일","27.00","27.60","27.67","26.94","771.71K","-2.77%"
"2021년 03월 17일","27.77","27.00","27.81","27.00","431.57K","1.35%"
"2021년 03월 16일","27.40","27.55","27.67","27.25","712.13K","-0.33%"
"2021년 03월 15일","27.49","27.34","27.50","27.15","484.81K","0.62%"
"2021년 03월 12일","27.32","26.98","27.35","26.88","486.12K","-0.15%"
"2021년 03월 11일","27.36","27.16","27.36","26.92","1.05M","2.78%"
"2021년 03월 10일","26.62","26.81","26.94","26.46","500.73K","0.38%"
"2021년 03월 09일","26.52","26.21","26.68","26.01","599.31K","2.95%"
"2021년 03월 08일","25.76","25.90","26.29","25.71","656.46K","-1.42%"
"2021년 03월 05일","26.13","26.04","26.17","24.90","1.06M","1.91%"
"2021년 03월 04일","25.64","26.39","26.61","25.28","1.31M","-3.65%"
"2021년 03월 03일","26.61","27.12","27.24","26.57","789.39K","-1.52%"
"2021년 03월 02일","27.02","27.36","27.39","27.02","560.71K","-1.57%"
"2021년 03월 01일","27.45","27.13","27.45","26.94","679.92K","3.58%"
"2021년 02월 26일","26.50","26.65","26.80","26.08","607.22K","-0.23%"
"2021년 02월 25일","26.56","27.61","27.69","26.40","787.88K","-4.25%"
"2021년 02월 24일","27.74","27.13","27.74","26.85","658.05K","2.36%"
"2021년 02월 23일","27.10","26.77","27.21","25.91","1.65M","-1.28%"
"2021년 02월 22일","27.45","27.58","27.87","27.41","877.72K","-1.82%"
"2021년 02월 19일","27.96","27.72","28.05","27.66","629.69K","2.04%"
"2021년 02월 18일","27.40","27.52","27.58","27.15","720.94K","-2.00%"
"2021년 02월 17일","27.96","28.10","28.13","27.66","1.07M","-1.34%"
"2021년 02월 16일","28.34","28.55","28.56","28.18","1.52M","0.39%"
"2021년 02월 12일","28.23","27.97","28.24","27.81","710.05K","0.53%"
"2021년 02월 11일","28.08","27.95","28.10","27.71","839.04K","0.68%"
"2021년 02월 10일","27.89","28.26","28.26","27.61","1.17M","-0.36%"
"2021년 02월 09일","27.99","27.90","28.03","27.80","1.20M","0.25%"
"2021년 02월 08일","27.92","27.65","27.92","27.65","1.37M","1.64%"
"2021년 02월 05일","27.47","27.47","27.52","27.21","1.24M","0.66%"
"2021년 02월 04일","27.29","27.16","27.29","27.05","1.07M","0.48%"
"2021년 02월 03일","27.16","27.20","27.23","26.98","1.41M","0.74%"
"2021년 02월 02일","26.96","27.01","27.01","26.72","1.32M","1.35%"
"2021년 02월 01일","26.60","26.38","26.63","26.05","1.03M","2.70%"
"2021년 01월 29일","25.90","26.53","26.59","25.70","1.63M","-3.00%"
"2021년 01월 28일","26.70","26.80","26.97","26.51","1.19M","-0.71%"
"2021년 01월 27일","26.89","27.00","27.36","26.61","1.86M","-3.20%"
"2021년 01월 26일","27.78","28.08","28.08","27.63","1.42M","-0.07%"
"2021년 01월 25일","27.80","28.21","28.25","27.26","2.24M","0.14%"
"2021년 01월 22일","27.76","27.52","27.82","27.41","2.22M","-0.32%"
"2021년 01월 21일","27.85","27.77","27.90","27.52","3.22M","1.05%"
"2021년 01월 20일","27.56","27.68","27.73","27.32","2.69M","1.21%"
"2021년 01월 19일","27.23","26.94","27.25","26.84","4.12M","3.14%"
"2021년 01월 15일","26.40","26.82","27.04","26.10","1.04M","-2.51%"
"2021년 01월 14일","27.08","26.97","27.19","26.92","1.09M","0.59%"
"2021년 01월 13일","26.92","27.14","27.23","26.72","1.58M","-0.07%"
"2021년 01월 12일","26.94","26.60","26.94","26.49","1.19M","2.39%"
"2021년 01월 11일","26.31","26.23","26.43","26.00","1.26M","-0.72%"
"2021년 01월 08일","26.50","27.01","27.05","26.20","2.17M","2.00%"
"2021년 01월 07일","25.98","25.56","26.07","25.53","1.58M","4.30%"
"2021년 01월 06일","24.91","24.72","25.34","24.70","1.27M","1.30%"
"2021년 01월 05일","24.59","24.13","24.59","24.13","744.81K","2.42%"
"2021년 01월 04일","24.01","24.44","24.49","23.81","1.05M","0.17%"
"2020년 12월 31일","23.97","24.20","24.20","23.84","360.34K","0.00%"
"2020년 12월 30일","23.97","23.70","23.97","23.70","409.79K","1.74%"
"2020년 12월 29일","23.56","23.87","23.89","23.38","420.30K","-0.55%"
"2020년 12월 28일","23.69","24.01","24.02","23.67","615.42K","0.38%"
"2020년 12월 24일","23.60","23.70","23.70","23.47","183.50K","-0.08%"
"2020년 12월 23일","23.62","23.65","23.70","23.48","419.94K","0.94%"
"2020년 12월 22일","23.40","23.55","23.60","23.11","565.97K","0.60%"
"2020년 12월 21일","23.26","23.11","23.32","22.84","359.54K","-0.13%"
"2020년 12월 18일","23.29","23.45","23.50","23.11","374.09K","-0.43%"
"2020년 12월 17일","23.39","23.30","23.39","23.22","284.70K","0.73%"
"2020년 12월 16일","23.22","23.46","23.46","23.04","416.20K","-0.21%"
"2020년 12월 15일","23.27","23.05","23.27","22.97","304.90K","2.60%"
"2020년 12월 14일","22.68","22.90","22.94","22.68","291.35K","0.53%"
"2020년 12월 11일","22.56","22.85","22.85","22.40","385.14K","-1.53%"
"2020년 12월 10일","22.91","22.56","22.92","22.50","246.87K","0.44%"
"2020년 12월 09일","22.81","23.35","23.41","22.62","612.53K","-1.43%"
"2020년 12월 08일","23.14","22.89","23.18","22.88","532.36K","1.09%"
"2020년 12월 07일","22.89","23.08","23.12","22.75","656.45K","0.18%"
"2020년 12월 04일","22.85","22.51","22.87","22.42","398.37K","2.56%"
"2020년 12월 03일","22.28","22.48","22.49","22.22","388.52K","0.41%"
"2020년 12월 02일","22.19","21.86","22.19","21.77","351.28K","0.14%"
"2020년 12월 01일","22.16","22.24","22.26","22.05","320.11K","1.60%"
"2020년 11월 30일","21.81","22.35","22.35","21.58","460.14K","-1.31%"
"2020년 11월 27일","22.10","22.36","22.36","22.03","320.87K","0.36%"
"2020년 11월 25일","22.02","21.84","22.05","21.69","476.14K","-0.50%"
"2020년 11월 24일","22.13","22.00","22.13","21.75","770.35K","2.26%"
"2020년 11월 23일","21.64","21.39","21.66","21.36","527.21K","3.15%"
"2020년 11월 20일","20.98","21.05","21.30","20.93","300.22K","0.24%"
"2020년 11월 19일","20.93","20.84","20.93","20.74","229.72K","0.77%"
"2020년 11월 18일","20.77","20.87","21.06","20.76","296.15K","-0.34%"
"2020년 11월 17일","20.84","20.81","20.91","20.57","233.24K","0.05%"
"2020년 11월 16일","20.83","20.70","20.83","20.48","431.88K","2.97%"
"2020년 11월 13일","20.23","20.14","20.25","20.00","169.82K","2.28%"
"2020년 11월 12일","19.78","20.02","20.31","19.73","188.15K","-0.85%"
"2020년 11월 11일","19.95","19.90","19.95","19.77","125.95K","1.12%"
"2020년 11월 10일","19.73","19.81","19.87","19.50","305.91K","-0.25%"
"2020년 11월 09일","19.78","20.34","20.38","19.77","255.26K","2.28%"
"2020년 11월 06일","19.34","19.26","19.37","19.13","193.53K","0.21%"
"2020년 11월 05일","19.30","19.25","19.30","18.93","334.94K","4.72%"
"2020년 11월 04일","18.43","18.46","18.60","18.16","80.54K","0.82%"
"2020년 11월 03일","18.28","18.02","18.34","17.99","108.90K","2.99%"
"2020년 11월 02일","17.75","17.70","17.88","17.59","118.78K","1.92%"
"2020년 10월 30일","17.42","17.56","17.60","17.26","79.71K","-1.55%"
"2020년 10월 29일","17.69","17.39","17.77","17.39","79.58K","2.85%"
"2020년 10월 28일","17.20","17.59","17.59","17.20","84.37K","-3.48%"
"2020년 10월 27일","17.82","17.97","17.97","17.82","38.66K","-0.39%"
"2020년 10월 26일","17.89","18.07","18.12","17.68","66.16K","-1.92%"
"2020년 10월 23일","18.24","18.29","18.30","18.15","52.33K","-0.11%"
"2020년 10월 22일","18.26","18.14","18.29","18.00","90.03K","0.88%"
"2020년 10월 21일","18.10","18.15","18.27","18.10","49.59K","0.11%"
"2020년 10월 20일","18.08","18.03","18.26","18.03","43.08K","0.50%"
"2020년 10월 19일","17.99","18.20","18.24","17.93","56.56K","-0.88%"
"2020년 10월 16일","18.15","18.26","18.28","18.15","80.55K","0.00%"
"2020년 10월 15일","18.15","18.01","18.19","17.84","82.75K","-0.22%"
"2020년 10월 14일","18.19","18.18","18.31","18.13","70.04K","0.39%"
"2020년 10월 13일","18.12","18.19","18.19","18.05","79.10K","-0.71%"
"2020년 10월 12일","18.25","18.26","18.31","18.15","90.91K","0.87%"
"2020년 10월 09일","18.09","18.11","18.15","18.04","77.45K","0.52%"
"2020년 10월 08일","18.00","18.00","18.07","17.90","87.97K","0.78%"
"2020년 10월 07일","17.86","17.60","17.86","17.60","69.75K","2.94%"
"2020년 10월 06일","17.35","17.60","17.79","17.32","169.05K","-0.80%"
"2020년 10월 05일","17.49","17.10","17.50","17.10","246.63K","2.82%"
"2020년 10월 02일","17.01","16.75","17.12","16.71","61.50K","-0.82%"
"2020년 10월 01일","17.15","17.12","17.18","17.01","63.37K","1.28%"
"2020년 09월 30일","16.93","16.82","17.05","16.82","46.64K","1.09%"
"2020년 09월 29일","16.75","16.75","16.85","16.67","78.87K","0.18%"
"2020년 09월 28일","16.72","16.65","16.74","16.58","76.04K","2.67%"
"2020년 09월 25일","16.29","16.08","16.30","15.97","58.08K","1.03%"
"2020년 09월 24일","16.12","16.00","16.33","15.85","80.54K","-0.19%"
"2020년 09월 23일","16.15","16.64","16.65","16.13","60.54K","-3.29%"
"2020년 09월 22일","16.70","16.69","16.72","16.47","74.83K","0.15%"
"2020년 09월 21일","16.67","16.74","16.74","16.30","76.09K","-2.49%"
"2020년 09월 18일","17.10","17.33","17.33","16.93","35.64K","-0.41%"
"2020년 09월 17일","17.17","16.96","17.24","16.88","54.72K","-0.46%"
"2020년 09월 16일","17.25","17.46","17.46","17.24","67.63K","-0.23%"
"2020년 09월 15일","17.29","17.31","17.36","17.22","81.18K","1.11%"
"2020년 09월 14일","17.10","16.96","17.11","16.93","33.01K","2.52%"
"2020년 09월 11일","16.68","16.80","16.84","16.54","45.87K","0.36%"
"2020년 09월 10일","16.62","17.02","17.10","16.55","51.40K","-1.42%"
"2020년 09월 09일","16.86","16.84","16.97","16.75","69.32K","2.00%"
"2020년 09월 08일","16.53","16.74","16.86","16.53","76.32K","-3.22%"
"2020년 09월 04일","17.08","17.06","17.26","16.50","71.48K","0.30%"
"2020년 09월 03일","17.03","17.70","17.70","16.90","196.23K","-4.16%"
"2020년 09월 02일","17.77","17.85","17.85","17.50","122.61K","0.74%"
"2020년 09월 01일","17.64","17.46","17.64","17.30","149.10K","1.61%"
"2020년 08월 31일","17.36","17.40","17.47","17.25","109.55K","0.17%"
"2020년 08월 28일","17.33","17.30","17.35","17.21","60.81K","0.99%"
"2020년 08월 27일","17.16","17.27","17.27","17.00","84.20K","-0.06%"
"2020년 08월 26일","17.17","17.05","17.18","17.05","67.54K","1.06%"
"2020년 08월 25일","16.99","16.86","17.00","16.85","48.66K","0.83%"
"2020년 08월 24일","16.85","16.84","16.85","16.67","183.56K","1.81%"
"2020년 08월 21일","16.55","16.50","16.58","16.45","28.89K","-0.30%"
"2020년 08월 20일","16.60","16.50","16.63","16.44","31.52K","-0.54%"
"2020년 08월 19일","16.69","16.77","16.80","16.61","50.29K","-0.18%"
"2020년 08월 18일","16.72","16.88","16.88","16.69","51.93K","-0.33%"
"2020년 08월 17일","16.77","16.74","16.81","16.68","71.21K","0.99%"
"2020년 08월 14일","16.61","16.60","16.63","16.52","28.19K","0.06%"
"2020년 08월 13일","16.60","16.89","16.89","16.59","68.02K","-1.48%"
"2020년 08월 12일","16.85","16.81","16.86","16.64","107.42K","1.97%"
"2020년 08월 11일","16.52","16.73","16.80","16.48","113.82K","0.00%"
"2020년 08월 10일","16.52","16.30","16.55","16.30","43.66K","1.99%"
"2020년 08월 07일","16.20","16.26","16.26","16.09","21.88K","-0.78%"
"2020년 08월 06일","16.33","16.21","16.37","16.20","42.72K","0.48%"
"2020년 08월 05일","16.25","16.03","16.29","16.03","77.32K","0.93%"
"2020년 08월 04일","16.10","16.00","16.10","15.85","54.09K","1.32%"
"2020년 08월 03일","15.89","15.70","15.92","15.70","73.68K","2.65%"
"2020년 07월 31일","15.48","15.73","15.73","15.31","22.68K","-1.60%"
"2020년 07월 30일","15.73","15.55","15.76","15.49","16.51K","-0.56%"
"2020년 07월 29일","15.82","15.84","15.90","15.75","24.94K","1.09%"
"2020년 07월 28일","15.65","15.76","15.87","15.65","30.97K","-1.29%"
"2020년 07월 27일","15.85","15.64","15.89","15.64","49.68K","1.90%"
"2020년 07월 24일","15.56","15.65","15.68","15.41","18.40K","-1.71%"
"2020년 07월 23일","15.83","16.20","16.20","15.73","22.93K","-1.37%"
"2020년 07월 22일","16.05","16.07","16.10","15.94","18.72K","0.69%"
"2020년 07월 21일","15.94","16.25","16.25","15.94","49.44K","-0.69%"
"2020년 07월 20일","16.05","15.88","16.09","15.71","39.99K","1.69%"
"2020년 07월 17일","15.78","15.82","15.83","15.73","12.24K","0.61%"
"2020년 07월 16일","15.69","15.73","15.78","15.61","22.01K","-1.44%"
"2020년 07월 15일","15.92","15.88","15.92","15.66","32.14K","1.90%"
"2020년 07월 14일","15.62","15.37","15.62","15.13","27.49K","1.45%"
"2020년 07월 13일","15.40","15.85","16.00","15.40","53.63K","-0.52%"
"2020년 07월 10일","15.48","15.27","15.50","15.19","26.35K","1.69%"
"2020년 07월 09일","15.22","15.31","15.34","15.04","24.00K","-0.18%"
"2020년 07월 08일","15.25","15.23","15.33","15.10","26.09K","0.54%"
"2020년 07월 07일","15.17","15.27","15.35","15.07","25.16K","-1.49%"
"2020년 07월 06일","15.40","15.13","15.40","15.13","53.87K","4.32%"
"2020년 07월 02일","14.76","14.74","14.90","14.73","24.13K","2.16%"
"2020년 07월 01일","14.45","14.60","14.60","14.45","16.23K","-0.69%"
"2020년 06월 30일","14.55","14.32","14.57","14.32","25.46K","1.61%"
"2020년 06월 29일","14.32","14.02","14.32","13.95","21.60K","2.05%"
"2020년 06월 26일","14.03","14.35","14.35","14.00","19.50K","-2.11%"
"2020년 06월 25일","14.33","14.13","14.33","14.07","10.84K","0.87%"
"2020년 06월 24일","14.21","14.61","14.61","14.10","30.47K","-2.72%"
"2020년 06월 23일","14.61","14.70","14.71","14.61","28.95K","1.20%"
"2020년 06월 22일","14.43","14.65","14.65","14.27","33.47K","0.59%"
"2020년 06월 19일","14.35","14.49","14.58","14.27","15.09K","-0.42%"
"2020년 06월 18일","14.41","14.34","14.50","14.34","16.47K","0.00%"
"2020년 06월 17일","14.41","14.59","14.59","14.39","11.81K","0.00%"
"2020년 06월 16일","14.41","14.64","14.77","14.30","15.91K","1.41%"
"2020년 06월 15일","14.21","13.68","14.30","13.64","27.11K","0.64%"
"2020년 06월 12일","14.12","14.25","14.34","13.84","22.12K","2.54%"
"2020년 06월 11일","13.77","14.41","14.44","13.77","68.22K","-7.95%"
"2020년 06월 10일","14.96","15.00","15.11","14.83","34.10K","0.43%"
"2020년 06월 09일","14.90","14.96","14.98","14.74","47.54K","-1.42%"
"2020년 06월 08일","15.11","15.03","15.11","14.85","42.49K","1.98%"
"2020년 06월 05일","14.82","14.82","14.96","14.80","30.99K","3.37%"
"2020년 06월 04일","14.33","14.26","14.45","14.22","21.05K","0.29%"
"2020년 06월 03일","14.29","14.10","14.35","14.10","19.05K","2.74%"
"2020년 06월 02일","13.91","13.78","13.94","13.78","14.11K","1.01%"
"2020년 06월 01일","13.77","13.70","13.80","13.64","11.80K","1.89%"
"2020년 05월 29일","13.52","13.47","13.57","13.33","9.35K","0.63%"
"2020년 05월 28일","13.43","13.72","13.78","13.43","14.27K","-2.11%"
"2020년 05월 27일","13.72","13.52","13.72","13.50","63.39K","2.10%"
"2020년 05월 26일","13.44","13.46","13.60","13.44","27.59K","2.71%"
"2020년 05월 22일","13.08","13.12","13.12","13.00","10.68K","-0.24%"
"2020년 05월 21일","13.11","13.29","13.29","13.07","24.59K","-1.24%"
"2020년 05월 20일","13.28","13.20","13.34","13.20","8.37K","2.36%"
"2020년 05월 19일","12.97","13.03","13.19","12.94","17.82K","-0.33%"
"2020년 05월 18일","13.02","12.74","13.07","12.74","16.19K","5.06%"
"2020년 05월 15일","12.39","12.37","12.39","12.37","6.10K","0.19%"
"2020년 05월 14일","12.37","12.09","12.39","11.89","7.07K","1.20%"
"2020년 05월 13일","12.22","12.52","12.57","12.13","11.15K","-2.70%"
"2020년 05월 12일","12.56","13.00","13.00","12.56","15.29K","-2.57%"
"2020년 05월 11일","12.89","12.87","12.94","12.76","27.38K","0.66%"
"2020년 05월 08일","12.81","12.64","12.84","12.64","8.53K","3.02%"
"2020년 05월 07일","12.43","12.52","12.55","12.43","17.34K","0.97%"
"2020년 05월 06일","12.31","12.42","12.48","12.31","8.76K","0.00%"
"2020년 05월 05일","12.31","12.42","12.55","12.30","8.95K","0.75%"
"2020년 05월 04일","12.22","12.00","12.22","11.98","7.85K","0.62%"
"2020년 05월 01일","12.14","12.43","12.43","12.08","17.89K","-4.33%"
"2020년 04월 30일","12.69","12.93","12.93","12.64","11.21K","-1.83%"
"2020년 04월 29일","12.93","12.74","13.00","12.74","13.31K","3.88%"
"2020년 04월 28일","12.45","12.68","12.74","12.45","12.98K","-0.27%"
"2020년 04월 27일","12.48","12.33","12.49","12.25","21.92K","2.79%"
"2020년 04월 24일","12.14","12.04","12.18","11.92","14.25K","1.60%"
"2020년 04월 23일","11.95","11.92","12.17","11.92","10.87K","0.08%"
"2020년 04월 22일","11.94","11.76","11.95","11.76","12.99K","3.38%"
"2020년 04월 21일","11.55","11.80","11.80","11.51","23.77K","-4.17%"
"2020년 04월 20일","12.05","12.11","12.25","12.03","15.73K","-1.81%"
"2020년 04월 17일","12.28","12.25","12.36","12.15","13.63K","2.78%"
"2020년 04월 16일","11.94","12.00","12.01","11.89","6.22K","0.51%"
"2020년 04월 15일","11.88","12.03","12.03","11.79","11.37K","-3.62%"
"2020년 04월 14일","12.33","12.11","12.34","12.11","12.31K","3.81%"
"2020년 04월 13일","11.88","11.95","11.95","11.72","16.07K","-0.48%"
"2020년 04월 09일","11.93","11.95","12.18","11.90","13.34K","1.49%"
"2020년 04월 08일","11.76","11.58","11.79","11.58","6.25K","1.55%"
"2020년 04월 07일","11.58","11.80","11.90","11.50","15.75K","1.45%"
"2020년 04월 06일","11.41","10.96","11.44","10.96","8.71K","9.03%"
"2020년 04월 03일","10.47","10.64","10.85","10.42","7.41K","-1.33%"
"2020년 04월 02일","10.61","10.57","10.78","10.50","4.84K","0.86%"
"2020년 04월 01일","10.52","10.71","10.87","10.50","11.76K","-4.88%"
"2020년 03월 31일","11.06","11.22","11.33","11.01","78.87K","-1.16%"
"2020년 03월 30일","11.19","10.92","11.23","10.92","24.62K","-0.44%"
"2020년 03월 27일","11.24","11.05","11.29","10.98","25.96K","-2.77%"
"2020년 03월 26일","11.56","11.46","11.61","11.41","14.16K","4.43%"
"2020년 03월 25일","11.07","10.93","11.46","10.77","23.93K","2.50%"
"2020년 03월 24일","10.80","10.51","10.86","10.40","19.94K","10.54%"
"2020년 03월 23일","9.77","9.77","9.89","9.51","21.06K","-0.50%"
"2020년 03월 20일","9.82","10.21","10.47","9.81","22.17K","-2.58%"
"2020년 03월 19일","10.08","9.89","10.13","9.85","8.93K","1.82%"
"2020년 03월 18일","9.90","9.75","10.18","9.32","22.50K","0.81%"
"2020년 03월 17일","9.82","10.25","10.72","9.82","60.96K","-4.20%"
"2020년 03월 16일","10.25","9.59","10.87","9.59","49.41K","-12.02%"
"2020년 03월 13일","11.65","11.56","11.68","10.88","16.53K","6.88%"
"2020년 03월 12일","10.90","11.92","12.00","10.71","32.21K","-10.73%"
"2020년 03월 11일","12.21","12.55","12.56","12.09","12.52K","-5.57%"
"2020년 03월 10일","12.93","12.75","12.93","12.26","12.03K","6.16%"
"2020년 03월 09일","12.18","12.34","12.51","12.16","24.06K","-8.70%"
"2020년 03월 06일","13.34","13.23","13.50","13.17","9.32K","-2.20%"
"2020년 03월 05일","13.64","13.80","13.97","13.64","10.51K","-4.15%"
"2020년 03월 04일","14.23","14.03","14.25","13.95","8.33K","2.60%"
"2020년 03월 03일","13.87","14.25","14.27","13.68","19.95K","-2.05%"
"2020년 03월 02일","14.16","13.84","14.16","13.59","19.31K","3.81%"
"2020년 02월 28일","13.64","13.20","13.67","13.13","41.32K","-0.29%"
"2020년 02월 27일","13.68","13.96","14.11","13.65","32.34K","-4.67%"
"2020년 02월 26일","14.35","14.37","14.63","14.27","23.80K","0.28%"
"2020년 02월 25일","14.31","14.92","14.92","14.30","36.23K","-3.11%"
"2020년 02월 24일","14.77","14.86","14.87","14.61","38.11K","-4.59%"
"2020년 02월 21일","15.48","15.76","15.76","15.43","29.56K","-2.15%"
"2020년 02월 20일","15.82","15.89","15.98","15.67","25.75K","-0.38%"
"2020년 02월 19일","15.88","15.80","15.90","15.80","14.92K","1.66%"
"2020년 02월 18일","15.62","15.55","15.70","15.55","25.06K","-0.38%"
"2020년 02월 14일","15.68","15.81","15.82","15.61","18.97K","-0.44%"
"2020년 02월 13일","15.75","15.74","15.79","15.60","44.79K","-0.63%"
"2020년 02월 12일","15.85","15.78","15.87","15.78","40.76K","1.67%"
"2020년 02월 11일","15.59","15.56","15.64","15.42","34.94K","1.37%"
"2020년 02월 10일","15.38","15.21","15.38","15.21","22.90K","1.18%"
"2020년 02월 07일","15.20","15.35","15.35","15.20","17.80K","-1.94%"
"2020년 02월 06일","15.50","15.55","15.55","15.36","38.82K","0.19%"
"2020년 02월 05일","15.47","15.58","15.58","15.32","47.75K","1.18%"
"2020년 02월 04일","15.29","15.15","15.40","15.15","20.98K","3.24%"
"2020년 02월 03일","14.81","14.61","14.87","14.59","14.83K","1.51%"
"2020년 01월 31일","14.59","14.86","14.87","14.58","6.21K","-1.95%"
"2020년 01월 30일","14.88","14.86","14.95","14.73","23.96K","-0.53%"
"2020년 01월 29일","14.96","15.03","15.03","14.93","28.92K","-0.40%"
"2020년 01월 28일","15.02","14.81","15.06","14.81","19.74K","1.28%"
"2020년 01월 27일","14.83","14.81","14.83","14.66","24.06K","-2.18%"
"2020년 01월 24일","15.16","15.41","15.41","15.10","16.49K","-1.11%"
"2020년 01월 23일","15.33","15.31","15.35","15.14","15.20K","-0.13%"
"2020년 01월 22일","15.35","15.49","15.50","15.33","10.28K","-0.07%"
"2020년 01월 21일","15.36","15.55","15.55","15.33","36.28K","-1.09%"
"2020년 01월 17일","15.53","15.50","15.53","15.44","9.95K","0.71%"
"2020년 01월 16일","15.42","15.43","15.43","15.35","22.55K","0.92%"
"2020년 01월 15일","15.28","15.35","15.35","15.25","27.32K","-0.71%"
"2020년 01월 14일","15.39","15.41","15.48","15.32","28.07K","0.26%"
"2020년 01월 13일","15.35","15.26","15.38","15.21","26.14K","1.66%"
"2020년 01월 10일","15.10","15.24","15.25","15.10","18.87K","-0.26%"
"2020년 01월 09일","15.14","15.24","15.28","15.10","35.07K","0.13%"
"2020년 01월 08일","15.12","15.12","15.15","14.98","27.59K","0.73%"
"2020년 01월 07일","15.01","15.04","15.06","14.94","19.07K","0.74%"
"2020년 01월 06일","14.90","14.81","14.91","14.70","12.13K","-0.07%"
"2020년 01월 03일","14.91","15.00","15.00","14.84","29.95K","-1.45%"
"2020년 01월 02일","15.13","15.00","15.13","14.94","16.74K","2.30%"
"2019년 12월 31일","14.79","14.78","14.80","14.77","5.79K","0.41%"
"2019년 12월 30일","14.73","14.95","14.95","14.71","14.98K","-1.01%"
"2019년 12월 27일","14.88","15.00","15.00","14.88","24.58K","-0.27%"
"2019년 12월 26일","14.92","14.91","14.94","14.86","9.40K","0.61%"
"2019년 12월 24일","14.83","14.88","14.88","14.79","6.62K","0.20%"
"2019년 12월 23일","14.80","14.75","14.86","14.75","8.55K","0.07%"
"2019년 12월 20일","14.79","14.87","14.87","14.77","5.23K","0.20%"
"2019년 12월 19일","14.76","14.71","14.81","14.71","6.16K","0.14%"
"2019년 12월 18일","14.74","14.77","14.77","14.70","2.87K","0.00%"
"2019년 12월 17일","14.74","14.66","14.75","14.66","2.95K","0.41%"
"2019년 12월 16일","14.68","14.70","14.78","14.65","5.57K","0.89%"
"2019년 12월 13일","14.55","14.63","14.76","14.54","7.06K","-0.14%"
"2019년 12월 12일","14.57","14.54","14.58","14.47","2.49K","1.75%"
"2019년 12월 11일","14.32","14.15","14.33","14.15","4.43K","1.34%"
"2019년 12월 10일","14.13","14.08","14.17","14.08","2.11K","0.14%"
"2019년 12월 09일","14.11","14.16","14.21","14.11","4.93K","-0.35%"
"2019년 12월 06일","14.16","14.08","14.16","14.08","1.38K","1.51%"
"2019년 12월 05일","13.95","14.02","14.02","13.95","3.71K","-0.21%"
"2019년 12월 04일","13.98","13.92","14.05","13.92","18.06K","0.94%"
"2019년 12월 03일","13.85","13.87","13.87","13.72","12.54K","-1.42%"
"2019년 12월 02일","14.05","14.20","14.21","14.02","4.58K","-0.64%"
"2019년 11월 29일","14.14","14.23","14.23","14.14","6.01K","-1.05%"
"2019년 11월 27일","14.29","14.24","14.29","14.24","1.64K","0.28%"
"2019년 11월 26일","14.25","14.20","14.27","14.20","1.87K","0.00%"
"2019년 11월 25일","14.25","14.17","14.25","14.14","73.05K","1.42%"
"2019년 11월 22일","14.05","14.06","14.06","14.01","1.27K","0.21%"
"2019년 11월 21일","14.02","14.00","14.04","13.97","3.43K","-0.21%"
"2019년 11월 20일","14.05","14.20","14.20","14.00","76.77K","-1.13%"
"2019년 11월 19일","14.21","14.35","14.35","14.18","5.35K","-0.35%"
"2019년 11월 18일","14.26","14.32","14.32","14.20","72.09K","-0.28%"
"2019년 11월 15일","14.30","14.28","14.35","14.28","71.56K","0.92%"
"2019년 11월 14일","14.17","14.21","14.21","14.14","64.09K","-0.49%"
"2019년 11월 13일","14.24","14.36","14.36","14.24","62.83K","-0.90%"
"2019년 11월 12일","14.37","14.45","14.47","14.37","8.74K","-0.35%"
"2019년 11월 11일","14.42","14.35","14.45","14.34","3.81K","-0.28%"
"2019년 11월 08일","14.46","14.38","14.49","14.37","8.10K","0.21%"
"2019년 11월 07일","14.43","14.48","14.50","14.40","37.32K","1.62%"
"2019년 11월 06일","14.20","14.27","14.33","14.20","8.96K","-0.77%"
"2019년 11월 05일","14.31","14.30","14.40","14.30","14.43K","0.35%"
"2019년 11월 04일","14.26","14.05","14.27","14.05","18.00K","2.15%"
"2019년 11월 01일","13.96","13.90","13.98","13.89","23.35K","2.50%"
"2019년 10월 31일","13.62","13.78","13.78","13.55","3.73K","-1.16%"
"2019년 10월 30일","13.78","13.74","13.78","13.67","10.37K","0.07%"
"2019년 10월 29일","13.77","13.86","13.86","13.77","17.01K","-0.72%"
"2019년 10월 28일","13.87","13.84","13.89","13.84","11.66K","1.17%"
"2019년 10월 25일","13.71","13.54","13.74","13.54","15.01K","1.56%"
"2019년 10월 24일","13.50","13.52","13.58","13.49","13.62K","0.52%"
"2019년 10월 23일","13.43","13.45","13.46","13.35","8.53K","-0.44%"
"2019년 10월 22일","13.49","13.43","13.53","13.41","18.51K","0.45%"
"2019년 10월 21일","13.43","13.50","13.50","13.41","13.66K","0.52%"
"2019년 10월 18일","13.36","13.41","13.41","13.30","14.55K","-0.52%"
"2019년 10월 17일","13.43","13.43","13.46","13.38","10.60K","0.67%"
"2019년 10월 16일","13.34","13.37","13.43","13.32","14.96K","0.00%"
"2019년 10월 15일","13.34","13.20","13.38","13.20","13.55K","1.44%"
"2019년 10월 14일","13.15","13.13","13.16","13.13","6.07K","-0.53%"
"2019년 10월 11일","13.22","13.07","13.28","13.07","8.40K","2.80%"
"2019년 10월 10일","12.86","12.93","12.96","12.81","24.15K","1.02%"
"2019년 10월 09일","12.73","12.68","12.73","12.65","2.69K","0.95%"
"2019년 10월 08일","12.61","12.73","12.73","12.60","2.67K","-1.87%"
"2019년 10월 07일","12.85","12.80","12.91","12.80","21.06K","-0.31%"
"2019년 10월 04일","12.89","12.79","12.89","12.78","5.76K","0.78%"
"2019년 10월 03일","12.79","12.67","12.79","12.54","4.22K","0.71%"
"2019년 10월 02일","12.70","12.90","12.90","12.61","31.66K","-1.93%"
"2019년 10월 01일","12.95","13.23","13.23","12.94","4.65K","-1.45%"
"2019년 09월 30일","13.14","13.13","13.17","13.09","10.54K","0.23%"
"2019년 09월 27일","13.11","13.23","13.23","13.11","3.88K","-0.83%"
"2019년 09월 26일","13.22","13.20","13.23","13.09","37.87K","0.84%"
"2019년 09월 25일","13.11","13.10","13.11","12.98","24.06K","0.08%"
"2019년 09월 24일","13.10","13.39","13.39","13.07","11.44K","-1.80%"
"2019년 09월 23일","13.34","13.30","13.36","13.30","8.16K","-0.07%"
"2019년 09월 20일","13.35","13.51","13.51","13.33","9.88K","-0.82%"
"2019년 09월 19일","13.46","13.53","13.61","13.46","22.75K","-0.15%"
"2019년 09월 18일","13.48","13.56","13.56","13.43","14.73K","-0.22%"
"2019년 09월 17일","13.51","13.50","13.51","13.45","14.47K","-0.73%"
"2019년 09월 16일","13.61","13.74","13.74","13.55","15.96K","-0.87%"
"2019년 09월 13일","13.73","13.65","13.76","13.65","10.97K","0.88%"
"2019년 09월 12일","13.61","13.62","13.67","13.54","15.43K","0.37%"
"2019년 09월 11일","13.56","13.43","13.56","13.40","21.25K","1.19%"
"2019년 09월 10일","13.40","13.28","13.40","13.28","9.70K","1.06%"
"2019년 09월 09일","13.26","13.20","13.27","13.14","5.33K","1.53%"
"2019년 09월 06일","13.06","13.09","13.09","13.04","5.02K","0.46%"
"2019년 09월 05일","13.00","12.91","13.07","12.91","26.88K","2.69%"
"2019년 09월 04일","12.66","12.61","12.67","12.60","9.12K","2.18%"
"2019년 09월 03일","12.39","12.39","12.43","12.38","3.58K","-1.04%"
"2019년 08월 30일","12.52","12.64","12.64","12.52","2.53K","0.48%"
"2019년 08월 29일","12.46","12.37","12.47","12.37","17.91K","1.55%"
"2019년 08월 28일","12.27","12.10","12.30","12.10","7.10K","0.66%"
"2019년 08월 27일","12.19","12.30","12.30","12.16","1.05K","-0.08%"
"2019년 08월 26일","12.20","12.28","12.28","12.18","5.46K","0.91%"
"2019년 08월 23일","12.09","12.43","12.46","12.09","16.56K","-3.59%"
"2019년 08월 22일","12.54","12.53","12.58","12.45","11.72K","-0.32%"
"2019년 08월 21일","12.58","12.58","12.62","12.57","13.79K","0.64%"
"2019년 08월 20일","12.50","12.59","12.59","12.48","5.66K","-0.48%"
"2019년 08월 19일","12.56","12.53","12.60","12.52","15.04K","1.29%"
"2019년 08월 16일","12.40","12.22","12.40","12.22","2.40K","2.82%"
"2019년 08월 15일","12.06","12.20","12.20","12.02","3.12K","-1.31%"
"2019년 08월 14일","12.22","12.38","12.38","12.21","5.86K","-3.70%"
"2019년 08월 13일","12.69","12.45","12.77","12.35","15.18K","1.85%"
"2019년 08월 12일","12.46","12.54","12.54","12.45","5.71K","-1.74%"
"2019년 08월 09일","12.68","12.80","12.80","12.62","9.71K","-1.25%"
"2019년 08월 08일","12.84","12.75","12.84","12.73","12.84K","1.42%"
"2019년 08월 07일","12.66","12.57","12.66","12.48","15.64K","0.64%"
"2019년 08월 06일","12.58","12.62","12.63","12.48","8.57K","0.72%"
"2019년 08월 05일","12.49","12.65","12.65","12.44","11.91K","-2.88%"
"2019년 08월 02일","12.86","13.01","13.01","12.80","42.32K","-1.83%"
"2019년 08월 01일","13.10","13.39","13.49","13.10","13.13K","-1.73%"
"2019년 07월 31일","13.33","13.56","13.56","13.31","10.59K","-1.48%"
"2019년 07월 30일","13.53","13.53","13.58","13.49","13.27K","-0.66%"
"2019년 07월 29일","13.62","13.60","13.64","13.57","6.11K","-0.58%"
"2019년 07월 26일","13.70","13.63","13.71","13.63","2.90K","0.66%"
"2019년 07월 25일","13.61","13.78","13.78","13.61","3.66K","-1.73%"
"2019년 07월 24일","13.85","13.68","13.89","13.68","8.25K","1.02%"
"2019년 07월 23일","13.71","13.45","13.71","13.45","411.16K","2.24%"
"2019년 07월 22일","13.41","13.43","13.49","13.41","39.39K","-0.15%"
"2019년 07월 19일","13.43","13.40","13.49","13.40","7.82K","0.67%"
"2019년 07월 18일","13.34","13.31","13.34","13.28","4.85K","0.00%"
"2019년 07월 17일","13.34","13.43","13.45","13.34","17.49K","-0.82%"
"2019년 07월 16일","13.45","13.40","13.46","13.39","4.62K","0.45%"
"2019년 07월 15일","13.39","13.40","13.40","13.38","15.71K","0.07%"
"2019년 07월 12일","13.38","13.30","13.40","13.30","12.90K","1.29%"
"2019년 07월 11일","13.21","13.22","13.27","13.20","32.34K","-0.08%"
"2019년 07월 10일","13.22","13.26","13.35","13.21","5.77K","0.08%"
"2019년 07월 09일","13.21","13.16","13.21","13.13","4.35K","-0.23%"
"2019년 07월 08일","13.24","13.29","13.29","13.20","38.09K","-1.12%"
"2019년 07월 05일","13.39","13.35","13.39","13.24","9.23K","-0.22%"
"2019년 07월 03일","13.42","13.45","13.45","13.35","7.72K","0.07%"
"2019년 07월 02일","13.41","13.44","13.47","13.35","11.60K","-0.22%"
"2019년 07월 01일","13.44","13.66","13.66","13.40","13.82K","0.75%"
"2019년 06월 28일","13.34","13.40","13.40","13.34","10.78K","0.00%"
"2019년 06월 27일","13.34","13.32","13.34","13.29","2.81K","0.00%"
"2019년 06월 26일","13.34","13.32","13.34","13.31","2.73K","1.75%"
"2019년 06월 25일","13.11","13.26","13.26","13.11","6.64K","-1.06%"
"2019년 06월 24일","13.25","13.29","13.30","13.24","4.71K","-0.15%"
"2019년 06월 21일","13.27","13.32","13.32","13.26","2.91K","-0.52%"
"2019년 06월 20일","13.34","13.40","13.40","13.25","11.74K","1.29%"
"2019년 06월 19일","13.17","13.16","13.17","13.14","2.53K","0.30%"
"2019년 06월 18일","13.13","12.95","13.16","12.95","7.64K","2.18%"
"2019년 06월 17일","12.85","12.86","12.89","12.82","3.01K","0.23%"
"2019년 06월 14일","12.82","12.93","12.93","12.82","5.47K","-1.08%"
"2019년 06월 13일","12.96","13.00","13.00","12.96","2.52K","0.00%"
"2019년 06월 12일","12.96","13.05","13.05","12.94","4.08K","-0.92%"
"2019년 06월 11일","13.08","13.15","13.16","13.07","11.25K","0.54%"
"2019년 06월 10일","13.01","12.95","13.10","12.95","11.45K","1.32%"
"2019년 06월 07일","12.84","12.75","12.84","12.74","5.21K","1.26%"
"2019년 06월 06일","12.68","12.58","12.68","12.58","1.43K","0.79%"
"2019년 06월 05일","12.58","12.75","12.75","12.55","4.18K","-0.08%"
"2019년 06월 04일","12.59","12.56","12.59","12.56","1.81K","3.54%"
"2019년 06월 03일","12.16","12.18","12.31","12.16","9.77K","-0.08%"
"2019년 05월 31일","12.17","12.17","12.21","12.12","8.31K","-1.46%"
"2019년 05월 30일","12.35","12.29","12.42","12.29","17.73K","0.49%"
"2019년 05월 29일","12.29","12.24","12.32","12.21","11.04K","-0.73%"
"2019년 05월 28일","12.38","12.47","12.48","12.34","15.77K","0.08%"
"2019년 05월 24일","12.37","12.39","12.48","12.33","6.57K","0.65%"
"2019년 05월 23일","12.29","12.33","12.33","12.26","8.66K","-2.15%"
"2019년 05월 22일","12.56","12.66","12.70","12.56","13.01K","-1.87%"
"2019년 05월 21일","12.80","12.74","12.80","12.71","2.80K","1.99%"
"2019년 05월 20일","12.55","12.67","12.67","12.55","16.92K","-2.26%"
"2019년 05월 17일","12.84","13.04","13.04","12.84","18.94K","-1.91%"
"2019년 05월 16일","13.09","13.21","13.21","13.09","18.69K","-0.91%"
"2019년 05월 15일","13.21","12.94","13.21","12.94","5.31K","1.07%"
"2019년 05월 14일","13.07","12.97","13.12","12.97","1.89K","1.32%"
"2019년 05월 13일","12.90","13.07","13.07","12.80","19.36K","-3.59%"
"2019년 05월 10일","13.38","13.35","13.40","13.19","4.70K","0.00%"
"2019년 05월 09일","13.38","13.40","13.44","13.23","7.82K","-2.05%"
"2019년 05월 08일","13.66","13.59","13.72","13.59","3.69K","0.44%"
"2019년 05월 07일","13.60","13.88","13.88","13.58","8.18K","-2.72%"
"2019년 05월 06일","13.98","13.79","13.98","13.72","5.06K","-1.41%"
"2019년 05월 03일","14.18","14.09","14.18","14.05","9.68K","1.94%"
"2019년 05월 02일","13.91","13.99","13.99","13.91","2.79K","-0.07%"
"2019년 05월 01일","13.92","14.12","14.12","13.92","7.27K","-0.43%"
"2019년 04월 30일","13.98","13.99","13.99","13.92","3.15K","-0.57%"
"2019년 04월 29일","14.06","14.02","14.07","13.97","11.77K","0.43%"
"2019년 04월 26일","14.00","13.95","14.01","13.95","3.55K","-0.07%"
"2019년 04월 25일","14.01","14.23","14.23","13.93","52.68K","-1.89%"
"2019년 04월 24일","14.28","14.28","14.28","14.26","13.53K","-0.14%"
"2019년 04월 23일","14.30","14.30","14.34","14.30","9.64K","-0.28%"
"2019년 04월 22일","14.34","14.35","14.35","14.31","8.45K","-0.42%"
"2019년 04월 18일","14.40","14.39","14.40","14.35","6.23K","0.14%"
"2019년 04월 17일","14.38","14.45","14.45","14.36","10.66K","1.20%"
"2019년 04월 16일","14.21","14.09","14.24","14.09","22.76K","1.36%"
"2019년 04월 15일","14.02","14.14","14.14","13.93","43.38K","-0.36%"
"2019년 04월 12일","14.07","14.05","14.08","14.03","8.26K","1.08%"
"2019년 04월 11일","13.92","13.91","13.94","13.90","2.08K","-0.14%"
"2019년 04월 10일","13.94","13.88","13.94","13.88","4.52K","0.58%"
"2019년 04월 09일","13.86","13.95","13.95","13.84","25.27K","-1.00%"
"2019년 04월 08일","14.00","13.94","14.00","13.89","9.51K","0.50%"
"2019년 04월 05일","13.93","13.95","13.97","13.93","14.45K","0.07%"
"2019년 04월 04일","13.92","13.82","13.92","13.81","11.56K","0.94%"
"2019년 04월 03일","13.79","13.69","13.88","13.69","11.01K","1.17%"
"2019년 04월 02일","13.63","13.56","13.63","13.55","3.05K","0.66%"
"2019년 04월 01일","13.54","13.46","13.56","13.39","3.57K","2.42%"
"2019년 03월 29일","13.22","13.29","13.29","13.20","7.77K","0.61%"
"2019년 03월 28일","13.14","13.11","13.14","13.08","1.97K","0.23%"
"2019년 03월 27일","13.11","13.25","13.25","13.06","6.43K","-0.38%"
"2019년 03월 26일","13.16","13.20","13.23","13.15","7.38K","0.84%"
"2019년 03월 25일","13.05","13.16","13.16","13.05","4.63K","-1.14%"
"2019년 03월 22일","13.20","13.58","13.58","13.20","6.96K","-2.87%"
"2019년 03월 21일","13.59","13.39","13.59","13.39","4.21K","1.42%"
"2019년 03월 20일","13.40","13.37","13.45","13.27","18.01K","-0.22%"
"2019년 03월 19일","13.43","13.38","13.48","13.38","12.91K","0.37%"
"2019년 03월 18일","13.38","13.35","13.38","13.32","2.68K","0.90%"
"2019년 03월 15일","13.26","13.19","13.34","13.19","4.53K","0.53%"
"2019년 03월 14일","13.19","13.28","13.28","13.19","4.68K","-0.53%"
"2019년 03월 13일","13.26","13.26","13.26","13.26","0.21K","0.38%"
"2019년 03월 12일","13.21","13.25","13.25","13.19","2.51K","0.15%"
"2019년 03월 11일","13.19","13.00","13.19","13.00","2.55K","2.17%"
"2019년 03월 08일","12.91","12.88","12.91","12.80","2.82K","-0.54%"
"2019년 03월 07일","12.98","13.30","13.30","12.98","16.94K","-1.89%"
"2019년 03월 06일","13.23","13.43","13.43","13.23","4.36K","-1.27%"
"2019년 03월 05일","13.40","13.50","13.50","13.34","11.93K","-0.59%"
"2019년 03월 04일","13.48","13.58","13.58","13.39","4.98K","-0.07%"
"2019년 03월 01일","13.49","13.59","13.59","13.45","2.67K","0.30%"
"2019년 02월 28일","13.45","13.54","13.54","13.40","6.40K","-0.88%"
"2019년 02월 27일","13.57","13.62","13.62","13.55","3.86K","-0.37%"
"2019년 02월 26일","13.62","13.67","13.67","13.59","4.25K","-0.37%"
"2019년 02월 25일","13.67","13.64","13.74","13.64","22.23K","1.33%"
"2019년 02월 22일","13.49","13.49","13.50","13.45","4.01K","1.05%"
"2019년 02월 21일","13.35","13.39","13.39","13.35","4.38K","-0.52%"
"2019년 02월 20일","13.42","13.38","13.42","13.38","3.11K","1.05%"
"2019년 02월 19일","13.28","13.19","13.28","13.19","3.33K","0.38%"
"2019년 02월 15일","13.23","13.20","13.23","13.18","2.50K","1.22%"
"2019년 02월 14일","13.07","13.04","13.07","13.04","1.03K","0.15%"
"2019년 02월 13일","13.05","13.08","13.08","13.04","7.02K","0.54%"
"2019년 02월 12일","12.98","12.94","12.98","12.94","3.58K","1.64%"
"2019년 02월 11일","12.77","12.75","12.77","12.73","2.34K","0.63%"
"2019년 02월 08일","12.69","12.64","12.69","12.60","0.63K","-1.09%"
"2019년 02월 07일","12.83","12.82","12.84","12.81","2.11K","-2.58%"
"2019년 02월 06일","13.17","13.24","13.24","13.17","4.07K","0.61%"
"2019년 02월 05일","13.09","13.08","13.16","13.08","2.42K","0.54%"
"2019년 02월 04일","13.02","12.95","13.02","12.95","1.98K","0.54%"
"2019년 02월 01일","12.95","12.91","13.00","12.91","2.93K","0.39%"
"2019년 01월 31일","12.90","12.92","12.92","12.90","3.32K","0.86%"
"2019년 01월 30일","12.79","12.72","12.84","12.72","6.07K","1.59%"
"2019년 01월 29일","12.59","12.68","12.68","12.59","4.61K","-0.24%"
"2019년 01월 28일","12.62","12.56","12.63","12.56","2.22K","-1.64%"
"2019년 01월 25일","12.83","12.79","12.86","12.79","4.42K","2.07%"
"2019년 01월 24일","12.57","12.44","12.58","12.44","3.82K","2.11%"
"2019년 01월 23일","12.31","12.41","12.41","12.29","2.89K","-0.32%"
"2019년 01월 22일","12.35","12.58","12.58","12.35","6.38K","-2.76%"
"2019년 01월 18일","12.70","12.69","12.73","12.69","3.91K","1.28%"
"2019년 01월 17일","12.54","12.38","12.54","12.38","4.60K","0.72%"
"2019년 01월 16일","12.45","12.43","12.50","12.41","6.99K","0.81%"
"2019년 01월 15일","12.35","12.33","12.39","12.33","2.38K","0.16%"
"2019년 01월 14일","12.33","12.32","12.33","12.31","1.64K","-0.64%"
"2019년 01월 11일","12.41","12.33","12.41","12.33","1.86K","0.73%"
"2019년 01월 10일","12.32","12.26","12.35","12.26","2.69K","-0.16%"
"2019년 01월 09일","12.34","12.25","12.35","12.25","5.57K","2.15%"
"2019년 01월 08일","12.08","12.17","12.21","12.04","4.69K","-0.17%"
"2019년 01월 07일","12.10","11.92","12.11","11.92","2.11K","2.20%"
"2019년 01월 04일","11.84","11.59","11.89","11.59","13.08K","3.95%"
"2019년 01월 03일","11.39","11.52","11.52","11.39","2.81K","-3.15%"
"2019년 01월 02일","11.76","11.51","11.77","11.46","4.30K","0.86%"
"2018년 12월 31일","11.66","11.77","11.81","11.63","6.24K","0.09%"
"2018년 12월 28일","11.65","11.73","11.73","11.61","3.93K","0.43%"
"2018년 12월 27일","11.60","11.65","11.73","11.55","5.99K","-1.11%"
"2018년 12월 26일","11.73","11.42","11.73","11.34","13.81K","2.45%"
"2018년 12월 24일","11.45","11.50","11.56","11.44","10.35K","-1.80%"
"2018년 12월 21일","11.66","11.96","11.96","11.66","3.89K","-1.60%"
"2018년 12월 20일","11.85","12.09","12.09","11.81","4.34K","-3.74%"
"2018년 12월 18일","12.31","12.37","12.45","12.30","3.97K","1.40%"
"2018년 12월 17일","12.14","12.37","12.43","12.14","2.39K","-3.11%"
"2018년 12월 14일","12.53","12.50","12.57","12.50","0.97K","-0.87%"
"2018년 12월 13일","12.64","12.72","12.74","12.62","5.51K","-0.55%"
"2018년 12월 12일","12.71","12.68","12.85","12.64","15.88K","1.44%"
"2018년 12월 11일","12.53","12.67","12.71","12.53","8.24K","0.40%"
"2018년 12월 10일","12.48","12.52","12.56","12.26","42.06K","-0.40%"
"2018년 12월 07일","12.53","12.77","12.77","12.49","6.19K","-2.34%"
"2018년 12월 06일","12.83","12.77","12.83","12.70","4.56K","-2.36%"
"2018년 12월 04일","13.14","13.44","13.44","13.13","3.56K","-2.95%"
"2018년 12월 03일","13.54","13.66","13.66","13.51","2.23K","2.19%"
"2018년 11월 30일","13.25","13.16","13.25","13.10","1.63K","0.30%"
"2018년 11월 29일","13.21","13.16","13.21","13.14","1.33K","0.23%"
"2018년 11월 28일","13.18","12.98","13.18","12.91","2.28K","1.54%"
"2018년 11월 27일","12.98","12.99","12.99","12.96","1.21K","-0.23%"
"2018년 11월 26일","13.01","12.99","13.01","12.99","3.33K","0.62%"
"2018년 11월 21일","12.93","12.83","12.93","12.83","1.67K","1.89%"
"2018년 11월 20일","12.69","12.75","12.85","12.64","6.47K","-2.31%"
"2018년 11월 19일","12.99","13.23","13.23","12.99","9.23K","-1.74%"
"2018년 11월 16일","13.22","13.21","13.22","13.20","1.06K","0.23%"
"2018년 11월 15일","13.19","13.05","13.25","13.05","1.74K","1.07%"
"2018년 11월 14일","13.05","13.21","13.22","13.05","4.35K","-0.31%"
"2018년 11월 13일","13.09","13.07","13.11","13.07","1.28K","0.23%"
"2018년 11월 12일","13.06","13.26","13.30","13.04","10.66K","-2.25%"
"2018년 11월 09일","13.36","13.54","13.54","13.36","2.27K","-1.98%"
"2018년 11월 08일","13.63","13.64","13.66","13.63","3.63K","-0.58%"
"2018년 11월 07일","13.71","13.60","13.71","13.60","2.86K","1.11%"
"2018년 11월 06일","13.56","13.50","13.56","13.50","1.58K","1.50%"
"2018년 11월 05일","13.36","13.50","13.50","13.36","1.19K","-0.74%"
"2018년 11월 02일","13.46","13.64","13.64","13.40","3.30K","-0.30%"
"2018년 11월 01일","13.50","13.30","13.53","13.30","2.78K","1.96%"
"2018년 10월 31일","13.24","13.24","13.25","13.19","2.36K","2.95%"
"2018년 10월 30일","12.86","12.79","12.93","12.79","9.87K","0.47%"
"2018년 10월 29일","12.80","13.18","13.18","12.80","6.73K","-0.23%"
"2018년 10월 26일","12.83","12.67","13.02","12.62","82.80K","-1.38%"
"2018년 10월 25일","13.01","12.82","13.01","12.82","54.18K","1.09%"
"2018년 10월 24일","12.87","13.29","13.29","12.86","22.24K","-3.45%"
"2018년 10월 23일","13.33","13.22","13.40","13.11","28.60K","-0.82%"
"2018년 10월 22일","13.44","13.35","13.45","13.35","5.63K","0.37%"
"2018년 10월 19일","13.39","13.52","13.52","13.39","1.09K","-0.45%"
"2018년 10월 18일","13.45","13.70","13.70","13.38","10.37K","-1.90%"
"2018년 10월 17일","13.71","13.89","13.89","13.70","3.68K","-0.22%"
"2018년 10월 16일","13.74","13.59","13.75","13.59","64.88K","1.93%"
"2018년 10월 15일","13.48","13.62","13.62","13.48","29.40K","-0.07%"
"2018년 10월 12일","13.49","13.68","13.70","13.47","2.56K","-0.07%"
"2018년 10월 11일","13.50","13.63","13.77","13.41","7.98K","-1.39%"
"2018년 10월 10일","13.69","14.19","14.19","13.67","7.21K","-3.05%"
"2018년 10월 09일","14.12","14.17","14.24","14.12","6.04K","-0.98%"
"2018년 10월 08일","14.26","14.28","14.32","14.17","6.02K","-0.56%"
"2018년 10월 05일","14.34","14.50","14.50","14.28","3.86K","-1.38%"
"2018년 10월 04일","14.54","14.67","14.67","14.54","1.47K","-1.82%"
"2018년 10월 03일","14.81","14.84","14.84","14.81","3.08K","-0.20%"
"2018년 10월 02일","14.84","14.73","14.85","14.73","1.69K","-0.07%"
"2018년 10월 01일","14.85","14.84","14.90","14.84","3.28K","0.81%"
"2018년 09월 28일","14.73","14.72","14.79","14.72","2.05K","-0.34%"
"2018년 09월 27일","14.78","14.86","14.86","14.78","3.38K","0.00%"
"2018년 09월 26일","14.78","14.81","14.87","14.78","6.22K","-0.40%"
"2018년 09월 25일","14.84","14.97","14.97","14.81","4.87K","-0.47%"
"2018년 09월 24일","14.91","14.98","14.98","14.91","2.54K","-0.86%"
"2018년 09월 21일","15.04","15.09","15.09","15.03","2.11K","0.20%"
"2018년 09월 20일","15.01","14.92","15.05","14.92","8.21K","1.35%"
"2018년 09월 19일","14.81","14.72","14.81","14.72","2.16K","0.95%"
"2018년 09월 18일","14.67","14.70","14.74","14.67","2.14K","0.27%"
"2018년 09월 17일","14.63","14.71","14.71","14.63","2.52K","-0.27%"
"2018년 09월 14일","14.67","14.63","14.70","14.63","2.98K","0.41%"
"2018년 09월 13일","14.61","14.54","14.66","14.54","3.42K","1.32%"
"2018년 09월 12일","14.42","14.32","14.42","14.30","3.48K","0.14%"
"2018년 09월 11일","14.40","14.36","14.43","14.30","6.93K","-0.55%"
"2018년 09월 10일","14.48","14.51","14.51","14.45","3.51K","0.49%"
"2018년 09월 07일","14.41","14.41","14.47","14.41","3.26K","-0.89%"
"2018년 09월 06일","14.54","14.63","14.63","14.51","4.74K","-0.62%"
"2018년 09월 05일","14.63","14.59","14.65","14.58","4.15K","-0.75%"
"2018년 09월 04일","14.74","14.73","14.76","14.72","2.70K","-0.54%"
"2018년 08월 31일","14.82","14.85","14.88","14.78","2.97K","-0.60%"
"2018년 08월 30일","14.91","14.96","14.96","14.86","5.87K","-0.86%"
"2018년 08월 29일","15.04","15.05","15.08","14.97","10.36K","0.20%"
"2018년 08월 28일","15.01","15.02","15.04","14.98","3.06K","0.47%"
"2018년 08월 27일","14.94","14.76","15.05","14.76","3.55K","1.49%"
"2018년 08월 24일","14.72","14.68","14.72","14.68","4.90K","1.17%"
"2018년 08월 23일","14.55","14.60","14.60","14.55","2.49K","-0.34%"
"2018년 08월 22일","14.60","14.56","14.66","14.56","1.64K","-0.27%"
"2018년 08월 21일","14.64","14.60","14.69","14.60","2.15K","0.97%"
"2018년 08월 20일","14.50","14.39","14.53","14.39","7.20K","0.83%"
"2018년 08월 17일","14.38","14.27","14.41","14.27","6.23K","0.28%"
"2018년 08월 16일","14.34","14.36","14.43","14.34","2.20K","0.49%"
"2018년 08월 15일","14.27","14.44","14.44","14.15","3.30K","-2.06%"
"2018년 08월 14일","14.57","14.50","14.57","14.50","1.75K","0.62%"
"2018년 08월 13일","14.48","14.59","14.60","14.46","8.77K","-0.82%"
"2018년 08월 10일","14.60","14.63","14.65","14.60","1.24K","-1.88%"
"2018년 08월 09일","14.88","14.94","14.95","14.87","1.00K","-0.40%"
"2018년 08월 08일","14.94","14.96","14.97","14.89","2.88K","-0.07%"
"2018년 08월 07일","14.95","14.88","14.98","14.88","1.27K","0.67%"
"2018년 08월 06일","14.85","14.83","14.85","14.65","1.83K","0.27%"
"2018년 08월 03일","14.81","14.83","14.83","14.78","0.83K","0.20%"
"2018년 08월 02일","14.78","14.67","14.78","14.61","8.31K","0.48%"
"2018년 08월 01일","14.71","14.82","14.82","14.68","2.35K","-0.81%"
"2018년 07월 31일","14.83","14.84","14.85","14.83","1.03K","0.34%"
"2018년 07월 30일","14.78","14.85","14.87","14.78","5.33K","-0.54%"
"2018년 07월 27일","14.86","15.05","15.05","14.84","5.43K","-0.73%"
"2018년 07월 26일","14.97","14.93","14.99","14.93","2.26K","1.22%"
"2018년 07월 25일","14.79","14.83","14.83","14.63","4.98K","-0.54%"
"2018년 07월 24일","14.87","14.99","15.00","14.85","4.04K","0.81%"
"2018년 07월 23일","14.75","14.77","14.79","14.65","3.66K","-0.27%"
"2018년 07월 20일","14.79","14.80","14.87","14.79","3.11K","-0.47%"
"2018년 07월 19일","14.86","15.00","15.00","14.81","5.36K","-0.73%"
"2018년 07월 18일","14.97","14.96","14.98","14.85","16.04K","0.54%"
"2018년 07월 17일","14.89","14.76","14.93","14.74","5.04K","0.95%"
"2018년 07월 16일","14.75","14.84","14.84","14.75","8.73K","-0.61%"
"2018년 07월 13일","14.84","14.85","14.87","14.79","3.89K","0.07%"
"2018년 07월 12일","14.83","14.80","14.84","14.71","1.44K","1.09%"
"2018년 07월 11일","14.67","14.79","14.79","14.66","3.83K","-2.00%"
"2018년 07월 10일","14.97","14.91","14.97","14.85","7.51K","0.67%"
"2018년 07월 09일","14.87","14.84","14.87","14.78","5.86K","1.16%"
"2018년 07월 06일","14.70","14.60","14.73","14.60","4.39K","0.96%"
"2018년 07월 05일","14.56","14.58","14.58","14.56","0.78K","1.32%"
"2018년 07월 03일","14.37","14.49","14.50","14.37","3.27K","-0.55%"
"2018년 07월 02일","14.45","14.39","14.45","14.35","7.44K","-0.41%"
"2018년 06월 29일","14.51","14.59","14.61","14.51","5.51K","0.83%"
"2018년 06월 28일","14.39","14.43","14.44","14.35","1.96K","-1.37%"
"2018년 06월 27일","14.59","14.74","14.81","14.58","16.33K","-0.75%"
"2018년 06월 26일","14.70","14.69","14.75","14.63","2.50K","0.75%"
"2018년 06월 25일","14.59","14.84","14.84","14.50","11.70K","-2.67%"
"2018년 06월 22일","14.99","15.02","15.05","14.93","13.18K","-0.07%"
"2018년 06월 21일","15.00","15.26","15.26","15.00","6.87K","-1.51%"
"2018년 06월 20일","15.23","15.24","15.25","15.18","15.45K","0.20%"
"2018년 06월 19일","15.20","15.25","15.25","15.01","10.46K","-1.55%"
"2018년 06월 18일","15.44","15.38","15.45","15.29","12.18K","-0.06%"
"2018년 06월 15일","15.45","15.50","15.50","15.41","12.70K","-0.77%"
"2018년 06월 14일","15.57","15.59","15.62","15.56","11.59K","-0.13%"
"2018년 06월 13일","15.59","15.55","15.63","15.55","4.55K","0.19%"
"2018년 06월 12일","15.56","15.66","15.66","15.54","8.99K","-0.64%"
"2018년 06월 11일","15.66","15.63","15.69","15.61","25.88K","0.26%"
"2018년 06월 08일","15.62","15.62","15.62","15.58","9.40K","-0.38%"
"2018년 06월 07일","15.68","15.76","15.78","15.62","12.24K","-0.19%"
"2018년 06월 06일","15.71","15.70","15.73","15.59","12.31K","0.90%"
"2018년 06월 05일","15.57","15.55","15.57","15.51","5.02K","0.45%"
"2018년 06월 04일","15.50","15.45","15.50","15.44","8.57K","0.91%"
"2018년 06월 01일","15.36","15.30","15.36","15.30","8.29K","1.59%"
"2018년 05월 31일","15.12","15.32","15.32","15.12","17.99K","-0.40%"
"2018년 05월 30일","15.18","15.17","15.21","15.12","10.39K","0.86%"
"2018년 05월 29일","15.05","15.08","15.18","15.01","13.58K","-1.44%"
"2018년 05월 25일","15.27","15.22","15.30","15.22","4.93K","-0.33%"
"2018년 05월 24일","15.32","15.34","15.34","15.20","12.66K","-0.39%"
"2018년 05월 23일","15.38","15.35","15.38","15.25","16.95K","-0.71%"
"2018년 05월 22일","15.49","15.60","15.60","15.49","25.25K","0.32%"
"2018년 05월 21일","15.44","15.51","15.52","15.44","9.09K","0.39%"
"2018년 05월 18일","15.38","15.38","15.42","15.36","11.78K","-0.19%"
"2018년 05월 17일","15.41","15.48","15.54","15.38","8.64K","-0.32%"
"2018년 05월 16일","15.46","15.43","15.47","15.37","5.71K","1.18%"
"2018년 05월 15일","15.28","15.32","15.32","15.24","6.59K","-1.10%"
"2018년 05월 14일","15.45","15.49","15.53","15.45","33.52K","0.39%"
"2018년 05월 11일","15.39","15.41","15.46","15.36","9.17K","0.07%"
"2018년 05월 10일","15.38","15.44","15.44","15.27","20.57K","1.32%"
"2018년 05월 09일","15.18","15.15","15.20","15.07","10.24K","1.00%"
"2018년 05월 08일","15.03","15.02","15.08","15.02","10.98K","-0.20%"
"2018년 05월 07일","15.06","15.08","15.14","15.05","13.06K","0.20%"
"2018년 05월 04일","15.03","14.85","15.03","14.85","5.15K","1.42%"
"2018년 05월 03일","14.82","14.67","14.86","14.60","12.45K","0.14%"
"2018년 05월 02일","14.80","14.88","14.91","14.80","12.39K","-0.07%"
"2018년 05월 01일","14.81","14.66","14.81","14.64","12.19K","0.34%"
"2018년 04월 30일","14.76","14.98","14.98","14.75","9.90K","-0.40%"
"2018년 04월 27일","14.82","14.99","14.99","14.82","5.05K","-0.74%"
"2018년 04월 26일","14.93","14.86","14.93","14.77","5.03K","1.77%"
"2018년 04월 25일","14.67","14.67","14.72","14.56","8.37K","-0.14%"
"2018년 04월 24일","14.69","14.96","14.99","14.68","9.60K","-1.08%"
"2018년 04월 23일","14.85","15.03","15.03","14.83","14.21K","-1.00%"
"2018년 04월 20일","15.00","15.14","15.14","14.96","72.16K","-1.06%"
"2018년 04월 19일","15.16","15.31","15.31","15.14","817.39K","-1.04%"
"2018년 04월 18일","15.32","15.34","15.37","15.26","85.68K","0.26%"