,date,PSI종가,PSI거래량,SOXX종가,SOXX거래량,SOXL종가,SOXL거래량
0,2022-03-04,122.11,37.09,449.36,1480.0,34.77,47010.0
1,2022-03-03,127.0,18.19,461.61,1360.0,37.55,45210.0
2,2022-03-02,129.92,22.03,471.5,947.15,40.12,41310.0
3,2022-03-01,125.2,31.62,456.97,1400.0,36.58,46390.0
4,2022-02-28,130.16,81.54,474.16,1450.0,41.01,43100.0
5,2022-02-25,131.13,55.76,477.06,2350.0,41.78,40950.0
6,2022-02-24,129.15,61.15,469.24,2870.0,39.94,67840.0
7,2022-02-23,123.31,43.55,452.68,2170.0,35.91,52270.0
8,2022-02-22,126.58,47.52,463.73,2760.0,38.61,49470.0
9,2022-02-18,128.41,34.94,466.57,1960.0,39.63,46900.0
10,2022-02-17,130.5,30.83,471.84,2000.0,40.87,41540.0
11,2022-02-16,135.63,20.15,490.25,889.39,46.1,34950.0
12,2022-02-15,135.0,27.63,490.09,1630.0,46.01,39850.0
13,2022-02-14,127.34,54.2,464.46,1890.0,39.59,41060.0
14,2022-02-11,127.03,41.16,464.02,2630.0,39.54,51210.0
15,2022-02-10,133.69,34.56,488.9,1530.0,46.42,50990.0
16,2022-02-09,138.08,34.91,504.63,1680.0,51.02,35130.0
17,2022-02-08,133.27,40.73,488.6,980.4,46.6,33690.0
18,2022-02-07,129.54,33.13,476.55,1160.0,43.41,28280.0
19,2022-02-04,129.58,35.16,476.82,1690.0,43.46,30580.0
20,2022-02-03,128.29,72.6,474.1,2110.0,42.63,32240.000000000004
21,2022-02-02,134.71,169.3,495.67,1730.0,49.34,39960.0
22,2022-02-01,132.22,53.82,483.46,1340.0,45.91,37000.0
23,2022-01-31,131.09,68.59,479.47,2610.0,44.58,39100.0
24,2022-01-28,123.33,83.69,455.03,2390.0,38.41,43950.0
25,2022-01-27,120.47,170.88,446.47,2780.0,36.36,49300.0
26,2022-01-26,126.63,115.88,467.27,2820.0,42.12,45880.0
27,2022-01-25,124.83,74.3,460.2,3540.0,40.19,39670.0
28,2022-01-24,129.77,197.94,478.04,5150.0,45.45,53450.0
29,2022-01-21,127.54,176.1,472.64,4650.0,43.71,45830.0
30,2022-01-20,130.01,59.05,480.64,2750.0,45.99,31900.0
31,2022-01-19,134.1,128.94,496.2,3000.0,50.82,28250.0
32,2022-01-18,138.56,70.01,511.24,2260.0,55.98,28960.0
33,2022-01-14,146.05,41.82,535.16,1130.0,64.48,23880.0
34,2022-01-13,142.29,38.42,522.65,1090.0,60.2,28710.0
35,2022-01-12,146.23,45.44,535.14,1190.0,64.58,19350.0
36,2022-01-11,145.27,55.5,531.24,1040.0,63.29,21980.0
37,2022-01-10,142.99,76.94,521.43,1780.0,60.0,24910.0
38,2022-01-07,143.01,47.5,521.24,761.55,59.74,22630.0
39,2022-01-06,148.43,105.18,536.81,977.67,65.54,19230.0
40,2022-01-05,147.31,100.84,532.67,1230.0,64.01,20580.0
41,2022-01-04,154.02,94.07,551.4,1140.0,71.07,21920.0
42,2022-01-03,155.95,50.13,553.1,561.37,72.1,15710.0
43,2021-12-31,153.52,24.63,542.32,405.84,68.01,10150.0
44,2021-12-30,152.89,28.57,543.96,428.0,68.36,11080.0
45,2021-12-29,154.19,23.91,550.34,410.59,71.0,10670.0
46,2021-12-28,153.35,42.83,549.5,658.18,70.52,14310.0
47,2021-12-27,155.43,55.32,555.63,816.01,72.99,15480.0
48,2021-12-23,150.0,45.49,540.81,700.13,67.41,14510.0
49,2021-12-22,147.98,21.5,535.63,702.89,65.38,12940.0
50,2021-12-21,146.69,37.4,530.12,535.14,63.5,20320.0
51,2021-12-20,141.93,44.2,511.66,700.59,57.55,15500.0
52,2021-12-17,143.5,38.71,515.7,900.71,58.96,17750.0
53,2021-12-16,143.12,58.16,516.92,929.69,59.23,27480.0
54,2021-12-15,150.2,36.61,540.5,741.0,68.12,18770.0
55,2021-12-14,144.84,44.69,521.36,906.17,61.52,13090.0
56,2021-12-13,146.05,52.67,523.88,743.4,62.34,13410.0
57,2021-12-10,150.61,26.25,539.09,673.54,67.6,12330.0
58,2021-12-09,150.31,41.16,534.05,557.24,65.9,14420.0
59,2021-12-08,154.61,38.87,546.62,555.2,70.69,12470.0
60,2021-12-07,154.64,44.85,550.2,846.03,71.99,21440.0
61,2021-12-06,146.42,40.59,523.77,677.91,62.6,13720.0
62,2021-12-03,147.19,43.4,524.44,830.36,62.93,18840.0
63,2021-12-02,148.88,32.95,525.77,1040.0,63.25,21010.0
64,2021-12-01,148.97,67.34,525.01,1040.0,63.16,24890.0
65,2021-11-30,149.27,50.92,529.24,1090.0,64.67,22250.0
66,2021-11-29,152.15,59.53,538.68,804.1,68.41,18350.0
67,2021-11-26,146.88,44.25,518.74,815.93,61.37,14910.0
68,2021-11-24,151.55,27.35,533.59,705.75,66.88,14760.0
69,2021-11-23,150.45,55.93,527.79,809.13,64.74,16230.0
70,2021-11-22,151.11,57.98,529.92,1470.0,65.43,16810.0
71,2021-11-19,153.35,54.43,537.71,1140.0,68.61,14530.0
72,2021-11-18,153.53,49.61,536.22,667.35,67.98,14100.0
73,2021-11-17,152.44,44.91,527.4,514.35,64.52,11490.0
74,2021-11-16,153.27,33.73,531.1,674.43,66.15,12690.0
75,2021-11-15,150.63,43.35,523.26,772.69,63.2,11840.0
76,2021-11-12,150.37,30.99,523.65,656.85,63.35,13050.0
77,2021-11-11,148.86,28.25,518.58,759.96,61.64,12830.0
78,2021-11-10,145.98,44.3,507.84,1310.0,57.95,17650.0
79,2021-11-09,150.01,74.11,523.27,907.61,63.4,16390.0
80,2021-11-08,149.75,128.24,523.27,973.82,63.54,15600.0
81,2021-11-05,149.02,116.96,516.29,1510.0,60.91,19540.0
82,2021-11-04,146.3,68.58,510.62,1360.0,59.08,20540.0
83,2021-11-03,142.37,56.58,494.0,725.05,53.67,11470.0
84,2021-11-02,140.17,72.3,488.37,741.83,51.82,12420.0
85,2021-11-01,139.15,64.12,482.37,849.09,49.96,14650.0
86,2021-10-29,135.86,76.68,474.63,711.92,47.65,12740.0
87,2021-10-28,134.68,42.51,472.52,1090.0,47.0,15900.0
88,2021-10-27,129.81,26.89,462.1,1080.0,44.09,13080.0
89,2021-10-26,131.4,25.96,465.44,626.49,44.96,12070.0
90,2021-10-25,131.96,19.3,465.09,561.59,45.06,9710.0
91,2021-10-22,130.95,30.09,461.92,1090.0,44.05,12690.0
92,2021-10-21,131.02,36.49,467.16,434.55,45.59,10020.0
93,2021-10-20,129.49,25.62,462.5,420.46,44.2,9910.0
94,2021-10-19,129.58,14.45,463.46,464.73,44.43,11480.0
95,2021-10-18,127.94,54.25,457.85,450.9,42.86,8500.0
96,2021-10-15,127.06,32.38,454.19,546.45,41.84,10990.0
97,2021-10-14,126.54,50.77,451.18,828.73,41.05,14800.0
98,2021-10-13,122.97,118.22,437.6,585.55,37.65,11660.0
99,2021-10-12,123.11,40.43,435.09,1070.0,37.05,19850.0
100,2021-10-11,124.9,38.47,440.59,510.69,38.38,9450.0
101,2021-10-08,125.47,30.38,443.56,557.63,39.33,10300.0
102,2021-10-07,127.08,36.89,448.15,637.96,40.39,13230.0
103,2021-10-06,125.43,38.62,442.97,1140.0,39.06,16400.0
104,2021-10-05,125.91,47.93,441.25,1050.0,38.65,15190.0
105,2021-10-04,124.36,256.72,434.67,1390.0,37.02,20560.0
106,2021-10-01,128.02,21.8,446.16,1040.0,40.07,16370.000000000002
107,2021-09-30,127.56,47.28,445.87,1510.0,40.04,14470.0
108,2021-09-29,127.68,46.74,446.05,2260.0,40.12,19890.0
109,2021-09-28,130.49,71.89,453.2,1820.0,42.23,23990.0
110,2021-09-27,135.92,86.43,471.65,446.63,47.69,10240.0
111,2021-09-24,136.17,24.14,472.8,397.29,47.95,7460.0
112,2021-09-23,136.46,36.44,474.5,802.35,48.1,11820.0
113,2021-09-22,133.83,31.12,468.26,436.37,46.26,11090.0
114,2021-09-21,130.86,27.87,458.74,738.01,43.6,9970.0
115,2021-09-20,130.44,48.03,457.39,1040.0,43.3,19450.0
116,2021-09-17,133.52,40.5,469.0,808.87,46.75,14480.0
117,2021-09-16,135.51,21.37,476.6,551.76,49.07,9090.0
118,2021-09-15,135.06,19.34,475.69,1260.0,48.59,9320.0
119,2021-09-14,134.1,23.71,472.97,860.78,47.87,10130.0
120,2021-09-13,133.43,20.65,472.95,945.3,47.87,11310.0
121,2021-09-10,131.66,35.08,468.46,986.69,46.59,14400.0
122,2021-09-09,130.76,17.37,464.77,1310.0,45.55,8640.0
123,2021-09-08,129.76,22.07,463.14,1030.0,44.95,11790.0
124,2021-09-07,132.18,35.38,469.15,547.0,46.77,5670.0
125,2021-09-03,132.18,16.47,470.88,452.13,47.24,7380.0
126,2021-09-02,131.32,26.76,467.38,500.82,46.3,7190.0
127,2021-09-01,129.86,18.4,465.64,544.33,45.96,7250.0
128,2021-08-31,130.63,31.91,468.19,702.79,46.55,9620.0
129,2021-08-30,131.81,24.81,471.96,839.77,47.74,10290.0
130,2021-08-27,131.23,28.81,471.02,801.52,47.3,12360.0
131,2021-08-26,127.51,18.74,462.2,761.53,44.68,9530.0
132,2021-08-25,127.68,23.99,461.77,758.08,44.78,10130.0
133,2021-08-24,126.6,14.38,458.28,553.95,43.73,8560.0
134,2021-08-23,125.99,24.3,458.28,727.05,43.69,12230.0
135,2021-08-20,122.99,21.79,445.73,599.48,40.43,10730.0
136,2021-08-19,122.59,89.7,442.41,725.22,39.63,14860.0
137,2021-08-18,122.42,12.31,438.81,626.5,38.66,10760.0
138,2021-08-17,123.68,23.73,444.69,616.89,40.46,13980.0
139,2021-08-16,126.45,20.11,453.47,381.35,43.01,6660.0
140,2021-08-13,126.81,24.03,455.16,353.37,43.48,7660.0
141,2021-08-12,126.49,33.84,452.32,510.47,42.62,9760.0
142,2021-08-11,128.98,48.33,457.23,432.29,44.17,10020.0
143,2021-08-10,129.45,120.49,458.8,884.79,44.45,9990.0
144,2021-08-09,131.2,45.11,464.19,350.04,46.15,5940.0
145,2021-08-08,131.21,,,,46.63,
146,2021-08-07,131.21,,,,46.63,
147,2021-08-06,131.21,34.35,465.77,411.03,46.63,6200.0
148,2021-08-05,130.41,30.38,468.1,473.31,47.17,8580.0
149,2021-08-04,130.65,29.27,468.02,542.03,47.61,13770.0
150,2021-08-03,129.11,88.37,463.3,589.57,45.97,10800.0
151,2021-08-02,128.74,46.74,459.8,954.78,45.21,17020.0
152,2021-07-30,127.86,22.15,456.91,773.55,44.39,13600.0
153,2021-07-29,126.32,28.27,453.2,767.91,43.45,15320.0
154,2021-07-28,124.12,25.41,444.14,751.78,41.18,12980.0
155,2021-07-27,121.05,21.91,437.0,822.33,39.15,17920.0
156,2021-07-26,123.61,23.34,445.17,374.43,41.45,7700.0
157,2021-07-23,123.76,12.32,445.03,437.48,41.55,8740.0
158,2021-07-22,122.86,20.09,442.77,395.09,40.74,8150.0
159,2021-07-21,124.27,43.99,445.4,679.88,41.85,12600.0
160,2021-07-20,120.53,27.21,432.13,1070.0,38.34,12490.0
161,2021-07-19,117.79,37.12,426.32,1360.0,36.84,17530.0
162,2021-07-16,118.12,20.16,426.75,857.17,36.76,14430.0
163,2021-07-15,120.9,37.26,436.23,885.67,39.42,14970.0
164,2021-07-14,123.13,24.88,446.13,752.18,42.16,15360.0
165,2021-07-13,123.84,18.02,448.2,707.43,42.62,9290.0
166,2021-07-12,124.84,14.44,450.0,1320.0,43.33,9020.0
167,2021-07-09,123.64,64.11,444.3,611.01,41.77,9800.0
168,2021-07-08,121.04,40.67,437.17,666.67,39.78,14760.0
169,2021-07-07,122.97,66.07,442.86,629.48,41.24,10620.0
170,2021-07-06,125.01,37.56,449.67,667.31,43.04,10020.0
171,2021-07-05,125.9,,,,43.32,
172,2021-07-04,125.9,,,,43.32,
173,2021-07-03,125.9,,,,43.32,
174,2021-07-02,125.9,24.91,450.44,609.01,43.32,10930.0
175,2021-07-01,125.93,52.23,447.71,754.71,42.57,11580.0
176,2021-06-30,128.38,110.35,454.22,439.06,44.54,9830.0
177,2021-06-29,128.16,46.21,453.84,582.91,44.64,13090.0
178,2021-06-28,127.6,37.43,450.31,883.3,43.65,18210.0
179,2021-06-25,125.1,48.07,439.81,447.74,40.66,9240.0
180,2021-06-24,125.27,64.09,441.01,462.66,41.08,12720.0
181,2021-06-23,122.4,38.53,433.64,627.41,39.05,8620.0
182,2021-06-22,121.97,36.37,431.84,579.45,38.6,10500.0
183,2021-06-21,121.34,29.95,429.81,744.48,38.12,12720.0
184,2021-06-18,120.46,54.37,428.23,963.27,37.32,21350.0
185,2021-06-17,124.45,27.83,438.73,1290.0,40.31,18470.0
186,2021-06-16,124.12,26.25,434.05,1200.0,39.18,18090.0
187,2021-06-15,125.07,23.55,438.17,796.07,40.04,13300.0
188,2021-06-14,126.06,33.97,441.79,1220.0,41.17,18510.0
189,2021-06-11,124.83,23.31,435.6,588.41,39.49,7970.0
190,2021-06-10,124.01,29.85,433.41,721.69,39.04,17600.0
191,2021-06-09,122.91,31.59,429.0,869.25,37.7,11720.0
192,2021-06-08,123.5,69.27,431.12,844.96,38.17,13480.0
193,2021-06-07,124.08,28.15,433.6,792.13,38.91,11450.0
194,2021-06-04,125.06,39.64,437.0,940.65,39.74,15960.0
195,2021-06-03,122.07,31.04,426.64,1080.0,37.12,16950.0
196,2021-06-02,124.45,51.68,434.1,713.54,39.19,12370.0
197,2021-06-01,124.03,53.91,431.47,1110.0,38.34,18160.0
198,2021-05-28,124.24,32.04,432.68,726.53,38.78,15890.0
199,2021-05-27,123.43,42.95,428.7,1100.0,37.86,16450.0
200,2021-05-26,122.02,31.33,426.9,830.79,37.18,13440.0
201,2021-05-25,121.3,81.07,425.76,1450.0,36.94,19470.0
202,2021-05-24,120.95,67.69,424.5,1120.0,36.53,21580.0
203,2021-05-21,117.78,35.66,414.04,1750.0,34.14,25100.0
204,2021-05-20,118.62,87.89,416.34,1670.0,34.64,28590.0
205,2021-05-19,115.03,55.56,405.67,1380.0,32.05,29210.0
206,2021-05-18,112.27,108.09,397.91,784.91,30.29,15260.0
207,2021-05-17,113.08,278.43,401.14,1120.0,31.1,19220.0
208,2021-05-14,113.86,59.6,404.67,1550.0,31.93,21880.0
209,2021-05-13,110.5,43.81,392.52,1630.0,29.33,25520.0
210,2021-05-12,108.8,134.65,387.58,2590.0,28.13,34050.0
211,2021-05-11,114.04,95.66,404.04,2240.0,32.11,29950.0
212,2021-05-10,113.58,110.04,403.5,2120.0,31.93,25440.0
213,2021-05-07,119.74,74.73,422.28,957.18,36.93,16780.0
214,2021-05-06,117.17,47.17,416.56,1220.0,35.4,15390.0
215,2021-05-05,117.48,43.56,413.17,1600.0,34.55,16030.000000000002
216,2021-05-04,116.74,99.68,410.6,2020.0,33.97,24430.0
217,2021-05-03,119.44,80.95,417.64,1070.0,35.61,13900.0
218,2021-04-30,121.11,36.72,422.03,1300.0,36.9,19390.0
219,2021-04-29,124.71,51.33,434.13,1080.0,40.31,14810.0
220,2021-04-28,124.8,50.05,431.33,785.53,39.42,12750.0
221,2021-04-27,126.75,55.98,437.98,1630.0,41.34,12560.0
222,2021-04-26,127.76,82.06,441.29,1190.0,42.21,13530.0
223,2021-04-23,125.32,70.35,433.35,1330.0,40.15,13250.0
224,2021-04-22,121.47,52.07,425.59,1810.0,37.98,20960.0
225,2021-04-21,124.16,82.96,435.06,1440.0,40.75,15160.0
226,2021-04-20,119.89,85.81,423.94,1790.0,37.71,13890.0
227,2021-04-19,122.45,56.7,430.07,2970.0,39.6,20270.0
228,2021-04-16,125.65,46.35,441.68,904.38,42.75,11020.0
229,2021-04-15,125.69,62.2,443.76,1890.0,43.47,13640.0
230,2021-04-14,124.1,81.83,436.45,1670.0,41.27,12840.0
231,2021-04-13,124.94,60.52,441.3,1110.0,42.69,14060.0
232,2021-04-12,125.71,51.85,442.0,869.29,43.09,14930.0
233,2021-04-09,126.94,52.21,446.8,822.33,44.48,10750.0
234,2021-04-08,127.95,70.78,448.2,1430.0,44.79,12960.0
235,2021-04-07,126.69,51.93,443.15,1100.0,43.38,12420.0
236,2021-04-06,127.61,175.63,443.44,1970.0,43.38,17960.0
237,2021-04-05,129.1,194.35,448.45,2170.0,45.0,26450.0
238,2021-04-01,126.15,164.25,439.58,2460.0,42.41,27800.0
239,2021-03-31,120.42,121.77,423.99,1990.0,38.21,25360.0
240,2021-03-30,116.54,22.18,413.88,1420.0,35.52,17930.0
241,2021-03-29,116.57,30.84,414.87,2180.0,35.79,28420.0
242,2021-03-26,119.38,51.15,421.33,2160.0,37.69,35670.0
243,2021-03-25,113.79,75.33,401.51,1860.0,32.81,30290.0
244,2021-03-24,113.67,72.09,401.84,2200.0,32.59,26200.0
245,2021-03-23,115.06,54.77,407.43,1880.0,34.03,26950.0
246,2021-03-22,119.36,104.57,418.43,1040.0,37.0,23760.0
247,2021-03-19,117.55,67.19,409.76,2200.0,34.75,20610.0
248,2021-03-18,116.01,64.69,404.76,2020.0,33.71,25850.0
249,2021-03-17,121.25,63.33,422.23,1920.0,38.42,21740.0
250,2021-03-16,120.09,78.85,416.98,2260.0,36.98,27400.0
251,2021-03-15,118.52,36.62,411.66,1300.0,35.57,15450.0
252,2021-03-12,115.88,45.72,403.16,1050.0,33.42,17050.0
253,2021-03-11,116.76,68.22,407.46,1230.0,34.47,19090.0
254,2021-03-10,111.7,60.71,391.0,1360.0,30.72,19950.0
255,2021-03-09,113.74,99.63,398.52,1380.0,32.45,19990.0
256,2021-03-08,106.78,62.0,375.21,2450.0,27.52,28760.0
257,2021-03-05,112.47,92.84,396.61,2100.0,32.75,30950.0
258,2021-03-04,109.42,103.37,385.06,2410.0,29.98,34290.0
259,2021-03-03,115.73,142.67,404.53,1480.0,35.01,21750.0
260,2021-03-02,118.78,80.26,417.3,1060.0,38.55,19690.0
261,2021-03-01,124.02,85.73,430.2,772.77,42.56,24580.0
262,2021-02-26,118.66,65.66,416.91,1520.0,38.71,29540.0
263,2021-02-25,116.35,94.87,407.62,1780.0,36.22,35820.0
264,2021-02-24,125.48,81.69,432.24,1050.0,43.75,17960.0
265,2021-02-23,119.95,92.26,418.66,1340.0,39.98,27030.0
266,2021-02-22,120.79,89.35,421.83,883.97,40.81,22420.0
267,2021-02-19,125.9,93.33,437.69,751.48,45.8,23600.0
268,2021-02-18,122.42,57.96,427.39,752.37,42.69,15630.0
269,2021-02-17,125.48,118.72,431.83,929.02,44.01,19390.0
270,2021-02-16,128.5,140.36,439.36,1050.0,46.58,14370.0
271,2021-02-12,127.07,119.87,437.16,641.96,45.77,15840.0
272,2021-02-11,123.87,67.73,431.82,704.18,44.16,20780.0
273,2021-02-10,118.31,61.33,417.37,740.13,40.0,15430.0
274,2021-02-09,118.88,35.43,416.55,461.19,39.62,8660.0
275,2021-02-08,118.75,60.73,417.78,649.08,40.13,17280.0
276,2021-02-05,114.8,67.4,405.61,487.6,36.72,8240.0
277,2021-02-04,115.41,45.12,408.4,611.11,37.54,8400.0
278,2021-02-03,113.34,50.29,405.08,922.57,36.63,14180.0
279,2021-02-02,115.97,65.82,413.48,809.9,39.05,10790.0
280,2021-02-01,113.96,59.93,406.88,641.12,37.35,13750.0
281,2021-01-29,109.16,43.89,391.42,920.59,33.4,15260.0
282,2021-01-28,111.43,36.74,398.37,1120.0,35.13,16110.0
283,2021-01-27,109.94,74.18,389.82,1800.0,33.14,25060.0
284,2021-01-26,116.92,37.67,411.16,408.33,39.06,7640.0
285,2021-01-25,119.55,63.43,417.95,561.25,40.97,12500.0
286,2021-01-22,120.49,48.06,417.35,556.06,40.79,12570.0
287,2021-01-21,120.98,63.2,424.55,848.37,43.16,11100.0
288,2021-01-20,120.49,58.76,418.5,617.02,41.32,11220.0
289,2021-01-19,120.78,59.05,420.0,839.01,41.67,13350.0
290,2021-01-15,115.71,37.66,406.07,801.39,37.82,16300.0
291,2021-01-14,118.02,49.54,414.5,583.03,40.39,11370.0
292,2021-01-13,114.84,45.32,405.9,400.12,37.92,6900.0
293,2021-01-12,115.91,70.01,405.24,1500.0,37.82,10500.0
294,2021-01-11,114.56,579.42,402.8,543.54,37.09,9660.0
295,2021-01-08,112.2,40.39,398.76,706.62,35.79,13090.0
296,2021-01-07,112.23,27.44,398.55,603.03,35.76,10440.0
297,2021-01-06,107.85,42.63,384.06,1070.0,32.21,16780.0
298,2021-01-05,107.33,130.5,385.31,556.94,32.45,8540.0
299,2021-01-04,104.94,55.5,377.59,829.16,30.67,17730.0
300,2020-12-31,104.93,15.63,379.18,397.72,31.1,5870.0
301,2020-12-30,104.68,34.65,377.98,386.65,30.77,7810.0
302,2020-12-29,101.63,19.84,371.75,444.92,29.26,7830.0
303,2020-12-28,103.37,41.58,372.71,369.49,29.49,7540.0
304,2020-12-24,103.17,12.53,373.12,191.44,29.65,2640.0
305,2020-12-23,102.43,7.35,369.82,419.0,28.82,4340.0
306,2020-12-22,103.23,27.66,372.62,224.89,29.43,6240.0
307,2020-12-21,103.22,13.04,373.17,599.89,29.55,11620.0
308,2020-12-18,103.62,18.07,374.84,386.74,30.14,8800.0
309,2020-12-17,103.87,10.34,377.08,413.42,30.54,6110.0
310,2020-12-16,103.43,21.89,376.39,431.06,30.38,6370.0
311,2020-12-15,103.71,16.42,376.17,368.92,30.44,7410.0
312,2020-12-14,102.25,22.19,371.0,437.82,29.22,10850.0
313,2020-12-11,100.49,28.92,367.65,535.57,28.16,13250.0
314,2020-12-10,101.35,23.08,371.26,655.83,29.17,11490.0
315,2020-12-09,101.23,29.0,371.78,650.08,29.23,19230.0
316,2020-12-08,105.22,22.04,382.56,401.05,31.96,6290.0
317,2020-12-07,104.77,24.27,381.33,552.61,31.56,8890.0
318,2020-12-04,103.62,19.11,379.41,541.47,31.15,10470.0
319,2020-12-03,100.33,22.75,369.34,365.56,28.76,7800.0
320,2020-12-02,99.93,89.36,368.86,711.19,28.72,7210.0
321,2020-12-01,99.52,60.72,367.78,666.12,28.5,12750.0
322,2020-11-30,97.56,18.59,361.81,621.53,27.06,10630.0
323,2020-11-27,97.16,7.37,357.67,571.07,26.08,8940.0
324,2020-11-25,95.46,21.98,353.46,324.69,25.22,6960.0
325,2020-11-24,96.1,16.91,354.24,608.17,25.49,9940.0
326,2020-11-23,95.64,15.24,352.32,464.64,25.08,11440.0
327,2020-11-20,94.22,19.5,347.37,457.14,24.0,11360.0
328,2020-11-19,94.24,9.65,349.0,352.3,24.39,8220.0
329,2020-11-18,92.8,12.81,343.92,454.05,23.31,10460.0
330,2020-11-17,93.67,13.34,346.5,457.31,23.82,9010.0
331,2020-11-16,94.18,16.11,349.38,485.65,24.41,12470.0
332,2020-11-13,92.12,12.85,340.9,356.95,22.73,10980.0
333,2020-11-12,91.0,14.24,336.77,401.24,21.92,11980.0
334,2020-11-11,92.09,12.78,340.98,556.8,22.8,11780.0
335,2020-11-10,88.92,18.2,329.12,620.82,20.56,16570.0
336,2020-11-09,91.46,25.75,339.3,640.34,22.6,16740.0
337,2020-11-06,92.07,14.47,343.3,671.96,23.49,15370.0
338,2020-11-05,90.36,36.98,337.79,936.24,22.34,20560.0
339,2020-11-04,86.76,21.39,323.27,1010.0,19.74,17590.0
340,2020-11-03,83.48,24.69,312.35,461.72,17.87,12470.0
341,2020-11-02,80.96,9.86,306.57,485.44,16.86,10900.0
342,2020-10-30,80.27,15.44,305.48,445.66,16.6,11210.0
343,2020-10-29,81.5,13.7,309.61,501.83,17.45,10750.0
344,2020-10-28,77.72,32.27,301.95,493.22,16.16,15630.0
345,2020-10-27,80.34,8.56,312.17,296.72,17.95,7830.0
346,2020-10-26,81.09,12.35,313.4,557.09,18.13,13960.0
347,2020-10-23,82.76,14.55,320.34,261.97,19.37,6970.0
348,2020-10-22,82.4,21.88,321.47,304.08,19.66,9830.0
349,2020-10-21,82.25,13.12,321.34,358.14,19.59,8160.0
350,2020-10-20,83.19,9.09,323.51,350.67,20.01,6910.0
351,2020-10-19,82.98,10.57,324.04,402.86,20.08,11280.0
352,2020-10-16,83.47,7.88,325.68,288.67,20.4,8950.0
353,2020-10-15,84.25,13.42,327.24,402.38,20.7,10550.0
354,2020-10-14,84.42,33.72,328.12,520.98,20.86,11340.0
355,2020-10-13,85.42,13.11,329.45,761.78,21.2,14070.0
356,2020-10-12,85.35,25.49,330.04,529.39,21.23,15900.0
357,2020-10-09,84.18,26.73,325.21,655.79,20.34,18610.0
358,2020-10-08,82.22,13.49,319.59,326.61,19.33,11170.0
359,2020-10-07,80.88,17.09,315.68,416.38,18.68,13550.0
360,2020-10-06,79.39,22.39,309.75,629.63,17.62,16640.0
361,2020-10-05,79.63,20.37,311.23,513.37,17.92,14750.0
362,2020-10-04,77.08,,,,244.94,
363,2020-10-03,77.08,,,,244.94,
364,2020-10-02,77.08,21.47,301.8,669.48,16.33,24060.0
365,2020-10-01,79.51,15.28,311.13,681.88,17.93,18270.0
366,2020-09-30,77.42,13.73,304.61,649.22,16.88,20140.0
367,2020-09-29,77.48,21.7,304.09,639.16,16.86,19880.0
368,2020-09-28,76.79,12.71,303.38,612.04,16.72,15120.0
369,2020-09-27,74.73,,,,231.83,
370,2020-09-26,74.73,,,,231.83,
371,2020-09-25,74.73,14.32,295.25,538.16,15.46,15510.0
372,2020-09-24,73.86,20.75,291.25,779.89,14.82,24950.0
373,2020-09-23,72.89,19.18,288.81,631.97,14.4,14180.0
374,2020-09-22,74.93,7.67,296.7,365.38,15.55,13860.0
375,2020-09-21,74.21,11.58,293.67,777.17,15.01,25780.0
376,2020-09-18,74.26,11.99,294.2,403.56,15.08,17330.0
377,2020-09-17,74.71,9.37,298.88,555.62,15.82,14700.0
378,2020-09-16,74.96,33.72,299.03,405.78,15.89,10830.0
379,2020-09-15,75.29,11.96,301.86,419.88,16.39,11720.0
380,2020-09-14,74.41,13.69,296.74,385.25,15.58,11850.0
381,2020-09-13,72.07,,,,219.86,
382,2020-09-11,72.07,33.69,290.92,508.11,14.66,14870.0
383,2020-09-10,72.49,16.02,291.0,638.11,14.71,19230.0
384,2020-09-09,73.4,59.45,295.0,638.08,15.35,19170.0
385,2020-09-08,71.95,51.98,287.18,1010.0,14.17,21560.0
386,2020-09-04,77.13,50.59,301.26,1160.0,16.53,26690.0
387,2020-09-03,78.68,62.18,304.42,1310.0,17.0,37040.0
388,2020-09-02,84.31,39.53,322.4,990.57,20.5,18730.0
389,2020-09-01,81.96,16.58,313.32,474.0,18.81,10280.0
390,2020-08-31,80.57,16.88,307.22,337.81,17.81,12090.0
391,2020-08-30,81.17,,,,267.85,
392,2020-08-28,81.17,16.32,307.91,570.4,17.86,13990.0
393,2020-08-27,79.62,29.97,302.33,553.42,16.9,17890.0
394,2020-08-26,81.6,19.77,305.81,339.87,17.58,11530.0
395,2020-08-25,81.61,7.9,304.83,363.31,17.39,11630.0
396,2020-08-24,80.77,43.84,301.9,348.04,16.85,11780.0
397,2020-08-23,80.18,,,,245.89,
398,2020-08-21,80.18,8.5,298.79,413.06,16.39,10790.0
399,2020-08-20,80.18,16.19,296.78,633.17,16.04,16500.0
400,2020-08-19,81.2,16.05,299.44,399.18,16.47,10310.0
401,2020-08-18,82.21,13.33,301.15,340.15,16.79,11410.0
402,2020-08-17,83.19,26.35,302.75,309.52,17.08,11740.0
403,2020-08-14,82.13,20.79,299.38,362.89,16.45,12000.0
404,2020-08-13,82.2,25.32,299.56,507.4,16.51,12740.0
405,2020-08-12,83.08,106.9,302.57,648.56,17.07,18420.0
406,2020-08-11,79.94,13.82,293.1,705.49,15.51,15200.0
407,2020-08-10,81.14,11.64,296.19,442.27,16.04,11620.0
408,2020-08-09,81.73,,,,240.44,
409,2020-08-08,81.73,,,,240.44,
410,2020-08-07,81.73,22.38,296.2,454.92,16.03,17870.0
411,2020-08-06,83.15,40.74,299.53,365.41,16.59,10840.0
412,2020-08-05,83.34,23.14,299.69,580.44,16.65,12850.0
413,2020-08-04,83.71,23.91,300.0,484.27,16.69,12100.0
414,2020-08-03,83.23,50.51,295.66,551.6,16.0,17000.0
415,2020-08-02,81.05,,,,226.51,
416,2020-07-31,81.05,33.29,290.39,639.6,15.1,26310.0
417,2020-07-30,81.41,29.14,291.57,905.76,15.36,25670.0
418,2020-07-29,78.61,17.35,285.94,484.0,14.51,19690.0
419,2020-07-28,76.87,24.46,280.17,607.51,13.63,20590.0
420,2020-07-27,78.2,70.61,285.69,774.79,14.48,17730.0
421,2020-07-26,75.83,,,,198.47,
422,2020-07-25,75.83,,,,198.47,
423,2020-07-24,75.83,17.99,277.06,905.79,13.23,19550.0
424,2020-07-23,77.44,13.41,281.48,668.99,13.89,22540.0
425,2020-07-22,77.96,22.9,285.85,413.72,14.57,13960.0
426,2020-07-21,77.53,20.9,284.91,531.69,14.4,16860.0
427,2020-07-20,77.88,14.83,286.37,594.37,14.71,16720.0
428,2020-07-17,75.95,18.0,280.82,446.86,13.86,12030.0
429,2020-07-16,75.18,12.86,279.41,447.56,13.6,13900.0
430,2020-07-15,75.66,78.47,280.46,749.04,13.77,20250.0
431,2020-07-14,76.02,16.19,280.95,1040.0,13.91,25490.0
432,2020-07-13,74.68,20.38,276.38,976.34,13.21,24480.0
433,2020-07-12,76.06,,,,208.59,
434,2020-07-11,76.06,,,,208.59,
435,2020-07-10,76.06,19.9,281.0,321.99,13.91,16760.0
436,2020-07-09,76.75,21.82,281.95,669.44,14.05,25340.0
437,2020-07-08,75.71,44.02,278.26,536.92,13.51,14010.0
438,2020-07-07,74.19,29.65,274.54,631.04,12.97,17730.0
439,2020-07-06,75.57,43.93,277.82,771.13,13.47,21820.0
440,2020-07-05,73.34,,,,187.05,
441,2020-07-04,73.34,,,,187.05,
442,2020-07-02,73.34,94.33,270.67,595.76,12.47,24290.0
443,2020-07-01,72.05,57.02,267.4,636.4,12.02,21470.0
444,2020-06-30,73.09,24.2,270.87,1360.0,12.55,32250.0
445,2020-06-29,70.78,15.12,264.03,888.35,11.61,17930.0
446,2020-06-26,70.29,22.37,261.18,545.91,11.22,21490.0
447,2020-06-25,72.02,22.73,266.17,457.04,11.94,21690.0
448,2020-06-24,71.2,20.86,264.28,658.28,11.65,31200.0
449,2020-06-23,72.72,28.64,270.21,392.62,12.49,18910.0
450,2020-06-22,72.69,40.74,269.25,428.66,12.39,19460.0
451,2020-06-19,72.26,31.27,267.28,757.31,12.07,29620.0
452,2020-06-18,72.68,21.32,268.58,446.89,12.31,13990.0
453,2020-06-17,73.16,31.09,269.08,457.51,12.37,21160.0
454,2020-06-16,72.26,28.12,267.0,1130.0,12.04,30940.0
455,2020-06-15,70.64,19.15,261.89,711.39,11.43,29250.0
456,2020-06-12,69.48,31.93,258.97,1540.0,10.95,35400.0
457,2020-06-11,68.41,38.45,255.49,1330.0,10.52,47560.0
458,2020-06-10,73.92,24.46,272.82,859.79,13.0,23650.0
459,2020-06-09,74.0,24.76,271.86,652.84,12.88,22320.0
460,2020-06-08,73.65,41.69,271.65,832.85,12.86,25800.0
461,2020-06-07,74.39,,,,194.01,
462,2020-06-05,74.39,35.45,272.21,959.37,12.93,26950.0
463,2020-06-04,72.17,20.59,265.7,649.46,12.06,31460.0
464,2020-06-03,71.47,31.67,263.3,593.92,11.75,30480.0
465,2020-06-02,69.52,122.54,255.91,1050.0,10.8,34990.0
466,2020-06-01,68.69,93.87,250.5,927.68,10.15,21650.0
467,2020-05-29,68.92,31.23,251.86,2090.0,10.27,38470.0
468,2020-05-28,67.23,30.47,245.57,1490.0,9.55,33760.0
469,2020-05-27,69.07,12.05,251.05,1760.0,10.22,41940.0
470,2020-05-26,68.34,16.24,247.24,1440.0,9.8,41680.0
471,2020-05-22,67.2,8.62,244.67,820.8,9.51,25130.0
472,2020-05-21,66.83,11.93,243.59,1270.0,9.37,37930.0
473,2020-05-20,68.48,33.29,249.88,1260.0,10.16,39810.0
474,2020-05-19,67.0,33.18,241.0,1410.0,9.12,40810.0
475,2020-05-18,66.82,20.25,241.79,1650.0,9.23,42500.0
476,2020-05-15,63.46,17.81,231.17,1890.0,8.1,55650.0
477,2020-05-14,64.98,28.1,236.05,2170.0,8.64,54500.0
478,2020-05-13,62.99,28.38,229.9,2300.0,8.0,53500.0
479,2020-05-12,64.78,16.38,234.42,1250.0,8.46,34700.0
480,2020-05-11,66.6,19.4,240.81,1170.0,9.24,27100.0
481,2020-05-08,66.27,22.49,241.04,1300.0,9.27,38600.0
482,2020-05-07,63.94,17.94,234.13,943.11,8.52,32640.0
483,2020-05-06,62.81,15.47,232.04,1470.0,8.28,46400.0
484,2020-05-05,61.79,20.04,229.23,1500.0,8.0,47710.0
485,2020-05-04,60.61,16.93,225.44,1130.0,7.61,35220.0
486,2020-05-03,60.03,,,,111.1,
487,2020-05-02,60.03,,,,111.1,
488,2020-05-01,60.03,23.05,223.58,2009.9999999999998,7.41,65220.0
489,2020-04-30,63.66,17.29,235.04,1720.0,8.73,55260.0
490,2020-04-29,66.38,53.42,243.64,1330.0,9.76,42030.0
491,2020-04-28,62.62,13.29,232.6,1360.0,8.54,55150.0
492,2020-04-27,62.79,19.51,233.81,1070.0,8.67,42300.0
493,2020-04-24,61.52,26.16,230.73,962.42,8.33,34460.0
494,2020-04-23,60.41,28.23,226.03,977.69,7.84,42910.0
495,2020-04-22,60.84,45.07,228.31,1110.0,8.04,37220.0
496,2020-04-21,57.45,40.58,215.28,1220.0,6.89,60040.0
497,2020-04-20,60.49,35.93,226.37,904.73,8.01,35500.0
498,2020-04-17,61.76,25.1,231.4,924.31,8.56,47440.0
499,2020-04-16,61.3,56.51,229.62,1110.0,8.35,47280.0
500,2020-04-15,59.67,33.76,223.35,1210.0,7.78,37130.0
501,2020-04-14,61.39,21.04,230.2,1960.0,8.46,51490.0
502,2020-04-13,58.82,21.77,220.05,1320.0,7.47,36960.0
503,2020-04-09,58.37,50.64,217.59,2260.0,7.21,75900.0
504,2020-04-08,59.29,24.28,222.4,1310.0,7.72,50290.0
505,2020-04-07,57.47,50.67,215.2,2230.0,7.01,79460.0
506,2020-04-06,57.4,36.81,215.97,1670.0,7.1,52000.0
507,2020-04-03,51.52,13.84,195.98,1040.0,5.44,43630.0
508,2020-04-02,52.53,162.53,199.76,1180.0,5.78,43650.0
509,2020-04-01,51.58,36.9,193.98,979.55,5.29,47540.0
510,2020-03-31,54.34,39.43,205.21,1450.0,6.32,50960.0
511,2020-03-30,55.7,28.04,209.32,1110.0,6.75,39720.0
512,2020-03-28,53.92,,,,91.44,
513,2020-03-27,53.92,39.76,202.28,833.66,6.1,51670.0
514,2020-03-26,56.73,67.32,212.84,1100.0,7.21,55210.0
515,2020-03-25,52.99,62.75,199.43,832.04,6.0,65239.99999999999
516,2020-03-24,53.12,46.67,202.76,1920.0,6.25,67670.0
517,2020-03-23,47.99,62.48,182.97,929.22,4.66,63930.0
518,2020-03-21,46.49,,,,63.95,
519,2020-03-20,46.49,54.82,176.66,981.04,4.26,63200.0
520,2020-03-19,48.05,30.84,181.84,981.79,4.66,67530.0
521,2020-03-18,46.69,53.45,177.28,1380.0,4.33,67950.0
522,2020-03-17,51.83,48.53,193.15,1360.0,5.85,73490.0
523,2020-03-16,47.39,36.1,177.53,1610.0,5.32,47340.0
524,2020-03-14,54.99,,,,129.92,
525,2020-03-13,54.99,39.76,209.42,1470.0,8.66,43620.0
526,2020-03-12,50.13,200.28,189.13,1950.0,6.8,47730.0
527,2020-03-11,56.44,31.9,212.42,755.87,9.78,33950.0
528,2020-03-10,59.57,21.19,225.03,1290.0,11.77,33010.0
529,2020-03-09,56.0,65.52,211.17,2029.9999999999998,9.89,31190.0
530,2020-03-06,61.45,44.03,230.89,1620.0,13.24,26310.0
531,2020-03-05,63.34,24.74,236.05,1180.0,14.09,23970.0
532,2020-03-04,65.4,24.64,243.38,1120.0,15.48,20540.0
533,2020-03-03,62.65,166.72,231.55,909.97,13.5,32920.0
534,2020-03-02,64.51,42.0,240.0,1380.0,15.02,36520.0
535,2020-02-28,62.7,64.28,231.79,1600.0,13.67,45680.0
536,2020-02-27,61.47,60.6,226.68,1390.0,12.74,38830.0
537,2020-02-26,64.27,61.82,237.65,1510.0,14.84,33260.0
538,2020-02-25,64.3,48.22,237.33,1710.0,14.71,38750.0
539,2020-02-24,66.53,94.27,244.62,1260.0,16.2,30190.0
540,2020-02-21,70.06,33.64,256.93,826.48,18.9,25370.0
541,2020-02-20,72.43,21.55,264.8,767.52,20.76,20750.0
542,2020-02-19,73.32,33.32,268.7,525.13,21.73,13070.0
543,2020-02-18,71.6,47.97,262.09,805.63,20.17,16210.0
544,2020-02-17,72.72,,,,315.59,
545,2020-02-14,72.72,25.45,265.5,455.63,21.04,11270.0
546,2020-02-13,73.17,41.75,266.39,560.64,21.18,13010.0
547,2020-02-12,73.24,48.2,266.11,518.34,21.13,11920.0
548,2020-02-11,72.03,30.21,262.07,377.46,20.24,16860.0
549,2020-02-10,70.39,25.11,256.88,404.3,19.09,11140.0
550,2020-02-07,69.34,41.26,253.33,516.98,18.27,16010.000000000002
551,2020-02-06,70.53,26.44,259.45,356.17,19.65,12230.0
552,2020-02-05,70.68,68.37,259.3,669.69,19.64,19450.0
553,2020-02-04,69.39,232.23,253.46,821.72,18.43,15470.0
554,2020-02-03,67.22,70.99,245.78,574.11,16.86,13710.0
555,2020-01-31,66.45,38.65,243.06,718.46,16.24,22950.0
556,2020-01-30,69.02,32.37,252.05,580.71,18.2,17110.0
557,2020-01-29,68.92,25.53,252.04,414.33,18.27,12320.0
558,2020-01-28,69.62,15.4,256.76,803.51,19.33,14220.0
559,2020-01-27,68.24,39.3,250.94,1070.0,18.04,19500.0
560,2020-01-24,71.06,37.5,260.9,542.25,20.41,19890.0
561,2020-01-23,72.37,21.05,263.7,359.12,21.12,9350.0
562,2020-01-22,71.64,33.81,261.72,417.16,20.65,10750.0
563,2020-01-21,70.94,23.64,259.97,551.14,20.17,6960.0
564,2020-01-17,71.06,28.85,260.12,338.86,20.21,11840.0
565,2020-01-16,70.37,34.2,258.18,569.92,19.82,10810.0
566,2020-01-15,68.88,35.16,254.16,505.51,18.88,11520.0
567,2020-01-14,69.68,31.9,256.88,298.94,19.58,9630.0
568,2020-01-13,69.37,66.85,256.32,317.31,19.46,8200.0
569,2020-01-10,68.27,28.01,253.36,650.71,18.72,11310.0
570,2020-01-09,68.65,52.48,254.84,213.36,19.11,11520.0
571,2020-01-08,68.25,22.22,253.24,432.7,18.79,10030.0
572,2020-01-07,68.03,42.87,253.47,397.59,18.75,10780.0
573,2020-01-06,66.87,37.9,248.89,539.49,17.83,11330.0
574,2020-01-03,67.65,181.76,251.51,411.65,18.41,14730.0
575,2020-01-02,68.35,56.09,256.29,425.42,19.46,10460.0
576,2019-12-31,67.16,46.6,251.1,201.46,18.32,5730.0
577,2019-12-30,67.0,208.92,250.42,373.18,18.2,9240.0
578,2019-12-27,67.53,44.34,252.32,368.05,18.59,7340.0
579,2019-12-26,68.03,15.31,252.82,218.02,18.8,5940.0
580,2019-12-24,67.75,25.34,252.53,168.09,18.73,3770.0
581,2019-12-23,67.45,16.86,252.12,452.05,18.59,11060.0
582,2019-12-20,67.3,21.67,251.32,345.2,18.49,10890.0
583,2019-12-19,66.59,13.19,248.95,354.48,17.91,7580.0
584,2019-12-18,66.02,15.36,246.96,322.58,17.5,7580.0
585,2019-12-17,66.12,25.62,247.09,324.74,17.52,9790.0
586,2019-12-16,65.68,28.71,245.98,700.08,17.3,10250.0
587,2019-12-13,64.85,26.2,244.51,578.64,16.82,21330.0
588,2019-12-12,65.1,66.0,245.59,731.82,17.1,21060.0
589,2019-12-11,63.56,9.22,239.11,486.34,15.82,12020.0
590,2019-12-10,62.28,24.26,234.31,176.83,14.84,7440.0
591,2019-12-09,61.87,6.23,233.32,173.45,14.68,4930.0
592,2019-12-06,62.4,19.48,234.39,334.1,14.93,9780.0
593,2019-12-05,61.36,26.73,231.05,494.94,14.27,7850.0
594,2019-12-04,61.27,27.3,229.9,360.51,14.1,8810.0
595,2019-12-03,60.45,63.97,226.32,679.74,13.47,14670.0
596,2019-12-02,61.32,69.87,229.88,546.33,14.11,13270.0
597,2019-11-29,62.32,16.04,233.47,204.99,14.76,4400.0
598,2019-11-27,63.08,14.64,236.0,258.41,15.26,7290.0
599,2019-11-26,62.62,18.7,234.31,713.21,14.94,10900.0
600,2019-11-25,63.07,23.48,235.19,409.69,15.14,14070.0
601,2019-11-22,61.31,23.62,229.68,342.83,14.11,10090.0
602,2019-11-21,61.35,27.44,229.92,695.6,14.12,15480.0
603,2019-11-20,62.31,48.86,232.4,472.22,14.62,17890.0
604,2019-11-19,63.05,18.54,235.17,244.24,15.14,12470.0
605,2019-11-18,63.47,41.08,236.35,268.23,15.38,8780.0
606,2019-11-15,63.95,81.45,236.89,325.82,15.47,14250.0
607,2019-11-14,63.37,22.42,234.74,325.66,15.08,11550.0
608,2019-11-13,63.59,35.42,235.52,309.93,15.21,12070.0
609,2019-11-12,63.61,30.58,235.27,481.39,15.22,13890.0
610,2019-11-11,63.19,12.44,234.79,278.79,15.08,6660.0
611,2019-11-08,63.22,31.05,235.76,349.99,15.33,7320.0
612,2019-11-07,63.06,34.94,234.58,497.37,15.09,12450.0
613,2019-11-06,62.85,23.48,233.17,545.59,14.8,11250.0
614,2019-11-05,63.41,15.05,234.74,365.17,15.14,9870.0
615,2019-11-04,63.26,21.65,234.61,665.79,15.05,12480.0
616,2019-11-01,62.52,19.58,229.5,663.2,14.13,10490.0
617,2019-10-31,61.23,16.61,224.35,288.83,13.22,10020.0
618,2019-10-30,61.65,18.54,225.49,357.29,13.47,8620.0
619,2019-10-29,61.73,26.6,225.41,388.12,13.47,10820.0
620,2019-10-28,61.51,22.64,227.77,389.12,13.83,15310.0
621,2019-10-25,60.41,27.98,223.7,620.0,13.14,18280.0
622,2019-10-24,59.36,18.42,219.12,650.36,12.38,14670.0
623,2019-10-23,57.87,14.11,213.83,533.67,11.54,15680.0
624,2019-10-22,58.91,20.13,218.03,398.28,12.26,10310.0
625,2019-10-21,59.48,37.62,219.95,433.39,12.55,11630.0
626,2019-10-18,58.72,16.12,215.7,314.78,11.87,14680.0
627,2019-10-17,59.42,9.68,218.01,429.91,12.28,12440.0
628,2019-10-16,59.02,23.33,217.64,588.21,12.16,15500.0
629,2019-10-15,59.79,13.82,220.77,442.28,12.71,19470.0
630,2019-10-14,58.48,6.62,216.02,370.68,11.93,7110.0
631,2019-10-11,58.71,40.31,216.05,649.72,11.93,27950.0
632,2019-10-10,57.52,37.7,211.07,374.61,11.18,18740.0
633,2019-10-09,57.01,75.48,209.03,471.47,10.86,16020.0
634,2019-10-08,56.19,21.51,205.67,683.97,10.34,25220.0
635,2019-10-07,58.06,15.99,212.24,408.28,11.39,9130.0
636,2019-10-04,58.49,18.58,213.49,408.18,11.65,13750.0
637,2019-10-03,57.36,25.67,210.0,535.46,11.05,18030.0
638,2019-10-02,56.46,36.9,206.37,443.54,10.52,19380.0
639,2019-10-01,57.17,25.02,209.43,607.51,11.04,14680.0
640,2019-09-30,57.81,13.88,211.41,359.94,11.35,7300.0
641,2019-09-27,57.39,39.67,209.56,692.67,11.0,17330.0
642,2019-09-26,58.91,11.63,214.58,358.43,11.86,10210.0
643,2019-09-25,59.07,15.23,214.31,344.68,11.83,11990.0
644,2019-09-24,58.03,38.39,210.78,393.7,11.25,18250.0
645,2019-09-23,59.08,44.36,215.28,706.07,11.85,8250.0
646,2019-09-20,58.82,52.74,212.77,648.56,11.49,11790.0
647,2019-09-19,59.67,19.61,216.76,353.01,12.17,7250.0
648,2019-09-18,59.96,9.05,218.19,218.33,12.36,8790.0
649,2019-09-17,59.88,23.91,217.79,222.83,12.34,5480.0
650,2019-09-16,59.73,17.63,217.31,280.26,12.23,6540.0
651,2019-09-13,60.11,29.9,218.72,436.83,12.48,6120.0
652,2019-09-12,60.14,60.37,219.16,573.26,12.59,11790.0
653,2019-09-11,59.95,30.88,218.67,471.82,12.48,9790.0
654,2019-09-10,58.84,23.25,215.44,430.63,11.95,7000.0
655,2019-09-09,58.83,13.42,214.48,320.79,11.79,9320.0
656,2019-09-06,58.5,9.37,213.7,424.49,11.63,7130.0
657,2019-09-05,58.4,17.36,213.13,679.26,11.58,17810.0
658,2019-09-04,56.92,16.3,206.77,462.88,10.59,19160.0
659,2019-09-03,55.56,16.43,201.36,944.47,9.79,12570.0
660,2019-08-30,56.51,13.22,204.73,338.23,10.33,10600.0
661,2019-08-29,55.95,15.57,203.77,1250.0,10.16,18940.0
662,2019-08-28,54.67,17.28,198.99,242.05,9.51,10620.0
663,2019-08-27,54.27,17.9,197.74,430.22,9.34,11280.0
664,2019-08-26,54.58,17.59,198.48,332.85,9.44,11360.0
665,2019-08-23,54.44,63.53,196.81,565.78,9.21,31600.0
666,2019-08-22,56.73,20.67,205.89,2000.0,10.58,9780.0
667,2019-08-21,56.83,37.46,205.75,233.45,10.59,9800.0
668,2019-08-20,56.52,15.5,204.08,244.3,10.3,8730.0
669,2019-08-19,56.75,19.47,204.84,1520.0,10.47,16070.0
670,2019-08-16,56.12,34.0,201.14,503.76,9.9,16280.000000000002
671,2019-08-15,54.8,47.71,195.92,322.83,9.15,15190.0
672,2019-08-14,54.8,46.51,196.28,922.3,9.23,27960.0
673,2019-08-13,56.4,23.4,202.51,735.01,10.18,19920.0
674,2019-08-12,54.87,14.05,196.7,392.72,9.36,12650.0
675,2019-08-09,55.47,44.26,199.31,631.21,9.7,17550.0
676,2019-08-08,56.52,45.74,202.85,721.84,10.28,18790.0
677,2019-08-07,55.26,94.04,197.38,726.75,9.5,19700.0
678,2019-08-06,55.19,34.35,196.14,493.22,9.31,20330.0
679,2019-08-05,54.8,87.34,193.67,837.08,8.95,22730.0
680,2019-08-02,57.07,46.86,202.41,776.29,10.29,16610.0
681,2019-08-01,57.87,83.71,205.44,859.57,10.8,25620.0
682,2019-07-31,58.46,95.31,209.58,458.19,11.49,21310.0
683,2019-07-30,59.68,45.66,216.77,263.21,12.71,5960.0
684,2019-07-29,59.26,26.73,217.26,680.6,12.8,7940.0
685,2019-07-26,59.37,27.33,216.67,208.76,12.7,8840.0
686,2019-07-25,59.27,92.91,216.73,615.5,12.71,14810.0
687,2019-07-24,60.29,74.11,220.43,812.05,13.39,23550.0
688,2019-07-23,57.97,65.16,213.91,432.51,12.27,10420.0
689,2019-07-22,57.31,41.48,211.2,909.92,11.82,13090.0
690,2019-07-19,56.24,41.97,207.24,437.32,11.17,9180.0
691,2019-07-18,56.17,38.07,207.48,349.27,11.24,13270.0
692,2019-07-17,55.4,31.77,204.52,262.33,10.75,7200.0
693,2019-07-16,55.41,66.3,203.91,375.15,10.66,9930.0
694,2019-07-15,56.12,33.45,206.1,228.08,11.02,8490.0
695,2019-07-12,55.82,34.39,204.31,438.53,10.77,12400.0
696,2019-07-11,54.68,16.97,200.66,859.59,10.19,8670.0
697,2019-07-10,54.76,33.03,200.1,474.66,10.11,16630.0
698,2019-07-09,54.37,113.37,198.5,449.09,9.9,9170.0
699,2019-07-08,53.92,32.93,197.27,193.79,9.68,8200.0
700,2019-07-05,54.43,26.47,198.81,311.4,9.92,9700.0
701,2019-07-03,54.7,15.81,199.95,245.95,10.08,9480.0
702,2019-07-02,54.79,38.17,200.87,460.28,10.24,12180.0
703,2019-07-01,55.64,59.39,203.41,1600.0,10.69,21100.0
704,2019-06-28,54.32,38.83,198.41,843.35,9.89,11230.0
705,2019-06-27,54.13,30.46,198.16,520.32,9.85,13570.0
706,2019-06-26,53.15,28.59,195.32,585.08,9.43,19280.0
707,2019-06-25,51.67,32.72,189.21,472.22,8.62,12210.0
708,2019-06-24,52.37,32.16,191.86,705.28,9.01,9430.0
709,2019-06-21,52.56,46.93,191.66,444.73,8.96,12220.0
710,2019-06-20,52.9,28.51,192.76,1120.0,9.14,19160.0
711,2019-06-19,52.3,22.68,191.15,477.53,8.9,13180.0
712,2019-06-18,52.19,84.24,190.77,950.03,8.88,26060.0
713,2019-06-17,50.14,58.45,182.86,358.27,7.86,8600.0
714,2019-06-14,50.32,81.6,184.98,693.89,8.02,14860.0
715,2019-06-13,51.67,53.14,189.76,381.07,8.71,11450.0
716,2019-06-12,51.28,74.05,188.85,483.58,8.54,11920.0
717,2019-06-11,52.47,89.33,193.34,1130.0,9.19,18610.0
718,2019-06-10,52.37,97.6,192.57,1300.0,9.12,21730.0
719,2019-06-07,50.87,59.01,187.99,489.5,8.46,14090.0
720,2019-06-06,50.51,28.55,185.89,319.02,8.21,14180.0
721,2019-06-05,50.16,59.87,183.35,1090.0,7.88,25530.0
722,2019-06-04,50.48,37.54,184.68,1050.0,8.04,32150.0
723,2019-06-03,48.24,79.9,176.94,996.14,7.13,23410.0
724,2019-05-31,48.12,32.0,176.52,1110.0,7.07,18480.0
725,2019-05-30,48.85,24.06,179.19,666.69,7.39,19110.0
726,2019-05-29,48.56,47.82,177.69,1410.0,7.22,20280.0
727,2019-05-28,48.28,18.39,177.05,796.48,7.13,13250.0
728,2019-05-24,48.72,23.36,178.58,757.68,7.33,13460.0
729,2019-05-23,48.96,99.8,180.15,1240.0,7.52,20860.0
730,2019-05-22,50.04,20.71,183.0,1080.0,7.92,15220.0
731,2019-05-21,50.95,46.44,186.95,1720.0,8.45,19240.0
732,2019-05-20,50.1,34.6,183.2,1550.0,7.95,26760.0
733,2019-05-17,52.02,83.56,190.81,1670.0,9.03,24270.0
734,2019-05-16,53.61,38.43,194.6,2330.0,9.6,21980.0
735,2019-05-15,54.87,39.34,197.72,1720.0,10.11,14700.0
736,2019-05-14,54.36,45.5,196.21,984.68,9.87,17140.0
737,2019-05-13,53.1,77.99,191.79,1620.0,9.21,24390.0
738,2019-05-10,56.01,119.47,201.2,1300.0,10.73,20790.0
739,2019-05-09,55.8,34.47,200.91,992.94,10.69,18990.0
740,2019-05-08,56.54,64.22,203.15,1030.0,11.09,12010.0
741,2019-05-07,57.06,37.02,204.9,1080.0,11.36,24260.0
742,2019-05-06,57.99,28.22,210.07,754.35,12.26,17830.0
743,2019-05-03,58.99,20.38,213.55,756.56,12.89,8870.0
744,2019-05-02,57.99,37.27,211.89,1140.0,12.64,13310.0
745,2019-05-01,57.66,31.09,209.87,1340.0,12.23,12910.0
746,2019-04-30,58.06,12.37,211.56,1030.0,12.54,6700.0
747,2019-04-29,57.62,14.32,209.9,893.54,12.26,4990.0
748,2019-04-26,57.85,85.59,210.15,1130.0,12.33,13800.0
749,2019-04-25,58.07,82.44,211.9,691.06,12.65,12980.0
750,2019-04-24,59.4,36.67,215.69,675.32,13.37,11010.0
751,2019-04-23,58.61,26.24,213.71,671.63,13.0,8800.0
752,2019-04-22,58.04,30.51,211.53,304.07,12.62,4670.0
753,2019-04-18,58.16,31.4,211.69,361.33,12.61,9460.0
754,2019-04-17,58.28,37.13,211.66,1090.0,12.59,16180.0
755,2019-04-16,57.88,39.12,208.21,1070.0,12.04,19470.0
756,2019-04-15,56.28,17.39,201.75,590.01,10.99,9200.0
757,2019-04-12,56.59,25.75,203.26,343.51,11.23,12210.0
758,2019-04-11,55.86,19.51,200.48,311.85,10.78,9260.0
759,2019-04-10,55.94,25.22,200.65,422.45,10.81,13530.0
760,2019-04-09,55.33,74.83,199.11,494.54,10.54,16960.0
761,2019-04-08,55.96,24.52,201.2,460.12,10.91,7660.0
762,2019-04-05,55.93,31.18,200.73,407.94,10.83,7860.0
763,2019-04-04,55.59,37.64,199.29,539.09,10.59,14100.0
764,2019-04-03,55.55,55.02,198.86,1070.0,10.55,30350.0
765,2019-04-02,54.32,40.22,194.56,486.49,9.88,8290.0
766,2019-04-01,54.25,43.67,194.27,654.82,9.84,18230.0
767,2019-03-29,53.03,18.05,189.54,575.27,9.17,12790.0
768,2019-03-28,52.34,18.66,186.77,462.21,8.77,11520.0
769,2019-03-27,52.25,30.65,187.08,1320.0,8.81,19970.0
770,2019-03-26,53.0,22.31,189.74,1280.0,9.22,17310.0
771,2019-03-25,52.46,39.54,187.94,981.65,8.94,23960.0
772,2019-03-22,52.89,36.01,190.32,1470.0,9.3,18610.0
773,2019-03-21,54.61,52.12,195.84,934.08,10.16,21320.0
774,2019-03-20,53.09,19.8,189.3,836.21,9.21,13170.0
775,2019-03-19,53.59,51.49,191.61,663.8,9.48,13690.0
776,2019-03-18,53.09,26.62,189.16,898.99,9.13,10280.0
777,2019-03-15,53.72,34.98,189.45,1320.0,9.19,22910.0
778,2019-03-14,52.49,23.38,184.11,591.91,8.46,6630.0
779,2019-03-13,52.89,9.68,185.12,410.28,8.6,8330.0
780,2019-03-12,52.87,23.25,184.38,656.14,8.5,10370.0
781,2019-03-11,52.86,23.82,183.69,664.63,8.4,12830.0
782,2019-03-08,51.61,25.37,179.51,497.0,7.84,12710.0
783,2019-03-07,51.77,24.86,179.67,998.03,7.86,15610.0
784,2019-03-06,52.35,19.29,181.63,470.77,8.13,14940.0
785,2019-03-05,53.23,20.2,184.68,443.48,8.55,7980.0
786,2019-03-04,53.51,33.27,185.39,585.22,8.67,14770.0
787,2019-03-01,53.53,14.89,185.37,477.78,8.67,10360.0
788,2019-02-28,53.06,12.96,183.74,411.96,8.45,7450.0
789,2019-02-27,52.95,15.44,183.63,992.61,8.43,15040.0
790,2019-02-26,53.64,22.62,185.86,288.5,8.74,8320.0
791,2019-02-25,54.15,43.5,187.03,785.24,8.92,12520.0
792,2019-02-22,53.61,16.19,185.5,293.59,8.7,12760.0
793,2019-02-21,53.08,17.66,183.53,384.35,8.44,11480.0
794,2019-02-20,53.39,22.58,184.9,345.72,8.63,9700.0
795,2019-02-19,52.77,42.46,183.34,394.31,8.4,7550.0
796,2019-02-15,53.11,27.52,183.59,247.49,8.45,10100.0
797,2019-02-14,52.63,60.3,182.65,334.92,8.32,11580.0
798,2019-02-13,52.23,66.12,182.16,302.23,8.25,12480.0
799,2019-02-12,51.92,22.91,181.58,673.31,8.18,13080.0
800,2019-02-11,50.82,12.35,177.82,247.18,7.7,8160.0
801,2019-02-08,50.52,30.3,176.95,627.64,7.59,10710.0
802,2019-02-07,50.61,26.58,177.26,1150.0,7.62,18690.0
803,2019-02-06,51.76,27.67,181.19,858.64,8.17,17930.0
804,2019-02-05,50.67,25.25,176.44,431.94,7.56,9170.0
805,2019-02-04,50.23,20.4,175.64,209.25,7.45,4450.0
806,2019-02-01,50.07,45.4,174.76,504.96,7.34,10720.0
807,2019-01-31,49.46,38.33,172.69,493.87,7.1,10890.0
808,2019-01-30,49.37,78.69,172.77,1050.0,7.09,14400.0
809,2019-01-29,48.47,51.35,167.9,1470.0,6.52,9060.0
810,2019-01-28,48.94,48.97,170.36,816.83,6.82,14310.0
811,2019-01-25,49.43,28.13,173.79,1040.0,7.26,17100.0
812,2019-01-24,48.04,46.86,170.26,1980.0,6.83,32490.000000000004
813,2019-01-23,45.61,24.3,160.91,703.51,5.83,15680.0
814,2019-01-22,45.96,52.15,162.05,710.19,5.95,18660.0
815,2019-01-18,47.41,23.85,166.85,524.84,6.5,15720.0
816,2019-01-17,46.49,18.92,162.62,1040.0,6.08,15880.0
817,2019-01-16,46.27,16.54,161.13,285.55,5.88,10260.0
818,2019-01-15,46.47,18.34,162.62,294.0,6.03,14590.0
819,2019-01-14,46.21,33.55,162.15,284.56,5.99,10740.0
820,2019-01-11,47.02,19.79,164.83,430.11,6.28,12410.0
821,2019-01-10,46.46,31.48,163.08,418.9,6.11,12970.0
822,2019-01-09,45.87,63.42,161.65,768.22,5.95,17930.0
823,2019-01-08,44.76,25.03,157.6,509.91,5.52,14450.0
824,2019-01-07,44.71,49.2,158.29,559.86,5.61,16640.0
825,2019-01-04,43.87,40.52,155.42,845.78,5.29,17600.0
826,2019-01-03,42.22,31.09,148.71,1020.0,4.69,28600.0
827,2019-01-02,44.74,36.15,157.92,764.0,5.7,13150.0
828,2018-12-31,44.31,32.9,156.91,735.9,5.55,12660.0
829,2018-12-28,44.16,30.19,155.82,337.3,5.45,17270.0
830,2018-12-27,43.8,34.24,154.71,900.17,5.34,12370.0
831,2018-12-26,43.44,59.2,153.7,1410.0,5.24,17740.0
832,2018-12-24,41.12,74.41,145.0,880.6,4.47,13790.0
833,2018-12-21,42.44,90.26,149.38,926.68,4.9,19290.0
834,2018-12-20,43.24,87.85,151.96,1090.0,5.13,19390.0
835,2018-12-19,43.67,57.59,153.02,1010.0,5.27,29060.0
836,2018-12-18,45.69,42.91,159.82,840.11,6.03,13200.0
837,2018-12-17,44.94,120.25,157.74,392.13,5.8,15950.0
838,2018-12-14,45.67,34.97,160.15,454.54,6.03,10410.0
839,2018-12-13,46.4,34.74,162.45,447.05,6.29,13450.0
840,2018-12-12,46.85,28.54,162.79,467.91,6.37,17590.0
841,2018-12-11,46.14,32.77,160.51,830.63,6.1,23960.0
842,2018-12-10,45.82,33.28,159.49,537.68,5.99,14010.0
843,2018-12-07,45.5,31.08,157.47,652.09,5.75,19050.0
844,2018-12-06,47.14,64.15,163.57,1780.0,6.47,21010.0
845,2018-12-04,47.62,24.63,164.41,692.35,6.58,18250.0
846,2018-12-03,49.91,63.39,172.67,779.52,7.7,18280.0
847,2018-11-30,48.72,44.83,168.25,614.19,7.13,9060.0
848,2018-11-29,47.91,39.42,165.94,958.1,6.84,6820.0
849,2018-11-28,48.18,26.6,167.16,560.38,7.01,11700.0
850,2018-11-27,46.91,30.21,163.34,671.03,6.56,7800.0
851,2018-11-26,46.87,37.15,163.1,635.8,6.52,10640.0
852,2018-11-23,46.2,12.17,160.2,496.04,6.17,5690.0
853,2018-11-21,46.14,18.93,160.11,753.4,6.17,10490.0
854,2018-11-20,45.8,93.54,159.45,1040.0,6.1,21760.0
855,2018-11-19,45.63,42.35,159.25,859.66,6.07,13630.0
856,2018-11-16,47.56,55.72,165.58,1500.0,6.87,12010.0
857,2018-11-15,47.9,43.35,167.6,1660.0,7.13,14430.0
858,2018-11-14,46.42,48.97,162.12,1240.0,6.47,10640.0
859,2018-11-13,46.1,57.42,161.41,803.67,6.4,10950.0
860,2018-11-12,45.41,77.45,159.22,749.73,6.17,15410.0
861,2018-11-09,47.6,45.94,166.66,563.42,7.1,8790.0
862,2018-11-08,48.64,47.4,169.9,568.66,7.52,8490.0
863,2018-11-07,48.86,105.08,170.36,609.28,7.62,13150.0
864,2018-11-06,48.29,32.73,168.45,394.79,7.35,7430.0
865,2018-11-05,47.93,43.88,166.51,801.74,7.1,12540.0
866,2018-11-02,48.46,83.09,168.04,1080.0,7.28,18300.0
867,2018-11-01,48.83,63.88,170.61,1170.0,7.63,19780.0
868,2018-10-31,46.81,85.99,162.96,1170.0,6.7,14520.0
869,2018-10-30,46.08,65.52,160.92,832.33,6.47,18320.0
870,2018-10-29,44.15,57.25,154.5,1470.0,5.75,15060.0
871,2018-10-26,44.39,61.07,156.13,1300.0,5.93,19080.0
872,2018-10-25,45.32,68.54,158.89,3080.0,6.26,15930.0
873,2018-10-24,44.12,145.04,155.42,3070.0,5.86,29650.0
874,2018-10-23,47.43,48.82,166.33,1430.0,7.31,20760.0
875,2018-10-22,47.72,34.9,167.2,1310.0,7.43,8200.0
876,2018-10-19,47.3,38.87,166.18,1130.0,7.29,14740.0
877,2018-10-18,48.25,86.18,168.71,1350.0,7.65,15180.0
878,2018-10-17,49.52,35.19,173.04,808.49,8.27,9160.0
879,2018-10-16,49.82,168.11,173.73,651.71,8.37,10890.0
880,2018-10-15,48.22,363.47,168.25,1290.0,7.62,8490.0
881,2018-10-12,48.44,35.8,169.64,1620.0,7.83,13690.0
882,2018-10-11,47.57,91.41,166.61,1460.0,7.42,20210.0
883,2018-10-10,47.77,99.9,168.29,2020.0,7.66,26960.0
884,2018-10-09,49.85,60.37,176.06,536.56,8.84,7020.0
885,2018-10-08,49.89,57.88,176.26,717.4,8.84,12890.0
886,2018-10-05,50.54,105.43,178.25,812.29,9.17,22240.0
887,2018-10-04,52.0,28.98,182.57,639.73,9.87,15120.0
888,2018-10-03,53.07,39.74,185.86,662.07,10.43,7710.0
889,2018-10-02,52.99,37.14,185.69,672.28,10.41,8140.000000000001
890,2018-10-01,53.04,58.52,185.69,341.72,10.39,6410.0
891,2018-09-28,53.19,144.4,185.05,792.19,10.31,7750.0
892,2018-09-27,52.9,29.97,183.89,351.89,10.12,3800.0
893,2018-09-26,52.69,33.31,183.2,349.87,9.99,5340.0
894,2018-09-25,53.29,32.09,185.93,490.14,10.28,10810.0
895,2018-09-24,54.23,58.6,188.94,277.79,10.85,5310.0
896,2018-09-21,54.01,22.11,188.29,569.21,10.74,5830.0
897,2018-09-20,54.3,48.42,188.8,483.41,10.84,9110.0
898,2018-09-19,53.54,24.16,186.54,368.34,10.48,4320.0
899,2018-09-18,53.58,35.44,186.25,437.56,10.42,6500.0
900,2018-09-17,53.26,27.61,184.66,509.23,10.13,6750.0
901,2018-09-14,54.01,38.49,187.27,659.72,10.61,9340.0
902,2018-09-13,53.29,48.35,185.19,719.87,10.28,13290.0
903,2018-09-12,53.01,49.02,183.1,703.78,9.93,19010.0
904,2018-09-11,53.76,60.61,185.24,578.44,10.28,8390.0
905,2018-09-10,54.04,28.72,187.05,317.04,10.6,5390.0
906,2018-09-07,53.74,72.54,185.09,2800.0,10.26,8240.0
907,2018-09-06,54.48,106.62,185.86,498.04,10.39,13220.0
908,2018-09-05,56.01,62.61,190.92,526.72,11.29,6300.0
909,2018-09-04,56.44,90.66,191.85,429.9,11.46,8770.0
910,2018-08-31,56.27,26.1,190.32,366.6,11.2,4810.0
911,2018-08-30,55.95,13.02,189.29,603.81,11.01,9530.0
912,2018-08-29,56.03,25.79,191.0,1430.0,11.33,7520.0
913,2018-08-28,56.17,55.77,190.5,538.75,11.24,11250.0
914,2018-08-27,55.68,37.41,189.77,5960.0,11.11,16620.0
915,2018-08-24,54.75,53.59,186.8,562.03,10.61,8880.0
916,2018-08-23,54.06,34.25,184.13,615.86,10.17,7740.0
917,2018-08-22,53.96,26.98,183.92,480.1,10.14,8590.0
918,2018-08-21,53.83,46.79,183.06,849.89,10.01,10280.0
919,2018-08-20,52.71,40.79,179.56,319.05,9.45,8160.0
920,2018-08-17,52.66,88.19,179.72,731.81,9.47,12710.0
921,2018-08-16,53.19,42.89,181.07,473.26,9.69,8010.0
922,2018-08-15,53.44,46.64,181.3,1020.0,9.76,12490.0
923,2018-08-14,54.49,26.19,183.85,536.55,10.18,5460.0
924,2018-08-13,54.53,22.84,184.22,562.49,10.21,9760.0
925,2018-08-10,54.33,21.39,183.95,1080.0,10.17,16900.0
926,2018-08-09,55.62,22.3,188.63,739.61,11.0,6730.0
927,2018-08-08,56.24,55.34,190.51,372.22,11.35,4940.0
928,2018-08-07,55.98,51.98,190.07,3290.0,11.26,5650.0
929,2018-08-06,55.7,24.3,188.57,259.4,10.99,5460.0
930,2018-08-03,55.2,29.91,187.44,448.12,10.8,4070.0000000000005
931,2018-08-02,55.21,45.89,187.05,751.15,10.75,7600.0
932,2018-08-01,54.41,38.15,185.23,1240.0,10.42,6050.0
933,2018-07-31,54.56,66.42,185.5,757.01,10.48,7810.0
934,2018-07-30,54.19,53.6,184.28,833.38,10.29,10190.0
935,2018-07-27,55.01,28.99,186.1,1730.0,10.59,12810.0
936,2018-07-26,55.04,78.96,186.93,2430.0,10.75,16360.0
937,2018-07-25,53.84,44.95,183.35,5420.0,10.19,15420.0
938,2018-07-24,54.12,41.74,182.66,627.95,10.03,10240.0
939,2018-07-23,54.78,36.93,184.67,333.77,10.37,8800.0
940,2018-07-20,54.95,15.3,184.42,290.64,10.33,6810.0
941,2018-07-19,55.32,32.62,185.29,290.45,10.48,7420.0
942,2018-07-18,55.68,68.67,185.7,307.81,10.56,9040.0
943,2018-07-17,55.15,99.76,184.28,1380.0,10.33,10300.0
944,2018-07-16,54.29,20.52,181.67,204.23,9.89,6090.0
945,2018-07-13,54.47,41.3,181.92,267.71,9.93,6970.0
946,2018-07-12,54.47,30.85,182.58,755.92,10.06,13410.0
947,2018-07-11,53.31,91.94,181.36,666.2,9.85,16500.0
948,2018-07-10,54.91,215.42,186.14,467.89,10.68,11610.0
949,2018-07-09,54.39,163.45,184.19,453.36,10.36,10920.0
950,2018-07-06,53.93,49.35,183.02,754.63,10.17,14610.0
951,2018-07-05,53.22,47.99,180.8,446.98,9.8,10790.0
952,2018-07-03,51.82,56.45,176.09,380.51,9.06,7270.0
953,2018-07-02,52.77,101.07,179.36,699.13,9.61,8420.0
954,2018-06-29,52.18,54.48,178.24,426.04,9.43,8800.0
955,2018-06-28,52.09,238.87,177.87,1360.0,9.39,10030.0
956,2018-06-27,51.82,34.34,176.53,787.95,9.16,12340.0
957,2018-06-26,53.26,29.79,180.85,3670.0,9.89,7870.0
958,2018-06-25,52.85,69.22,180.83,1810.0,9.79,16000.0
959,2018-06-22,54.54,43.05,186.31,372.11,10.73,5160.0
960,2018-06-21,55.24,50.7,187.8,415.3,10.99,9860.0
961,2018-06-20,55.79,27.03,190.16,669.22,11.42,7030.0
962,2018-06-19,55.45,44.96,189.25,876.96,11.24,14990.0
963,2018-06-18,56.0,41.45,191.35,558.6,11.65,12820.0
964,2018-06-15,56.57,26.38,193.21,374.23,12.02,10310.0
965,2018-06-14,56.5,22.76,193.38,545.21,12.04,8090.0
966,2018-06-13,56.35,39.86,192.23,3050.0,11.84,8610.0
967,2018-06-12,56.36,44.21,192.52,310.81,11.88,7600.0
968,2018-06-11,55.97,47.29,191.53,426.06,11.7,6120.0
969,2018-06-08,56.26,48.56,191.9,809.86,11.79,9820.0
970,2018-06-07,56.71,51.48,193.63,694.68,12.1,9600.0
971,2018-06-06,57.52,43.3,195.37,422.74,12.43,8950.0
972,2018-06-05,57.17,49.36,194.14,213.83,12.2,9340.0
973,2018-06-04,56.73,64.84,193.22,390.34,12.04,11950.0
974,2018-06-01,56.34,67.16,191.7,353.46,11.75,17120.0
975,2018-05-31,55.26,136.12,187.43,535.49,11.01,9570.0
976,2018-05-30,55.64,63.01,188.8,714.46,11.26,12160.0
977,2018-05-29,55.29,69.45,187.58,512.82,11.04,10380.0
978,2018-05-25,55.23,55.07,188.72,466.94,11.25,9680.0
979,2018-05-24,54.74,176.1,187.21,378.72,10.98,10360.0
980,2018-05-23,54.51,68.88,186.46,346.4,10.87,9610.0
981,2018-05-22,54.14,34.31,185.46,498.85,10.7,12890.0
982,2018-05-21,53.73,24.22,184.43,491.47,10.52,13070.0
983,2018-05-18,53.0,29.18,182.6,690.85,10.2,9590.0
984,2018-05-17,54.06,41.04,185.25,433.75,10.65,8760.0
985,2018-05-16,54.32,33.64,185.79,407.11,10.78,10850.0
986,2018-05-15,53.63,40.56,183.43,421.32,10.36,10770.0
987,2018-05-14,54.04,52.38,185.44,551.27,10.74,13370.0
988,2018-05-11,53.17,117.52,183.2,619.28,10.33,11800.0
989,2018-05-10,53.75,38.04,184.55,414.4,10.59,12280.0
990,2018-05-09,52.97,53.93,181.25,348.01,10.05,12400.0
991,2018-05-08,51.95,39.43,178.53,402.11,9.63,10400.0
992,2018-05-07,51.6,48.29,177.48,394.97,9.43,14210.0
993,2018-05-04,51.2,57.39,175.78,659.33,9.18,19220.0
994,2018-05-03,49.94,63.91,171.75,798.95,8.56,15440.0
995,2018-05-02,49.83,68.1,170.73,514.43,8.41,10190.0
996,2018-05-01,49.67,56.52,171.49,1040.0,8.53,13550.0
997,2018-04-30,49.01,61.23,168.72,600.85,8.13,11470.0
998,2018-04-27,49.54,130.92,170.59,1100.0,8.41,13660.0
999,2018-04-26,50.39,61.75,171.79,1540.0,8.6,17660.0
1000,2018-04-25,49.3,71.87,168.35,1480.0,8.1,20530.0
1001,2018-04-24,49.36,147.67,168.56,1160.0,8.13,21630.0
1002,2018-04-23,49.91,70.43,169.93,682.48,8.33,16280.000000000002
1003,2018-04-20,50.5,124.86,172.22,1180.0,8.68,16250.0
1004,2018-04-19,51.08,91.21,174.28,1840.0,9.01,33980.0
1005,2018-04-18,53.55,58.09,182.16,484.69,10.34,12800.0
1006,2018-04-17,54.19,68.22,183.97,365.95,10.67,12390.0
1007,2018-04-16,53.19,45.02,180.55,283.14,10.1,8300.0
1008,2018-04-13,53.04,80.02,180.23,429.84,10.04,14280.0
1009,2018-04-12,53.32,47.42,181.57,637.14,10.28,13930.0
1010,2018-04-11,52.48,86.24,178.21,408.85,9.72,10630.0
1011,2018-04-10,52.4,45.43,178.14,660.91,9.72,18730.0
1012,2018-04-09,50.72,61.39,172.62,371.0,8.87,16460.0
1013,2018-04-06,50.51,57.9,171.54,393.28,8.71,13330.0
1014,2018-04-05,51.83,63.82,176.89,575.0,9.58,13840.0
1015,2018-04-04,52.5,62.37,178.72,674.89,9.89,16760.0
1016,2018-04-03,51.8,90.87,176.45,557.76,9.52,15990.0
1017,2018-04-02,50.91,69.6,173.17,793.17,9.01,19340.0
1018,2018-03-29,52.85,54.67,180.05,834.8,10.19,17770.0
1019,2018-03-28,51.75,83.74,176.23,993.6,9.57,20060.0
1020,2018-03-27,52.9,91.62,180.13,1070.0,10.22,23150.0
1021,2018-03-26,55.07,75.76,187.01,799.93,11.5,18850.0
1022,2018-03-23,53.01,102.52,179.52,1280.0,10.21,16560.0
1023,2018-03-22,54.97,64.92,185.7,584.16,11.35,15710.0
1024,2018-03-21,56.66,100.56,191.1,460.13,12.37,9940.0
1025,2018-03-20,56.22,32.77,190.74,253.64,12.28,8820.0
1026,2018-03-19,55.76,81.44,189.35,927.27,12.0,17710.0
1027,2018-03-16,56.71,38.23,193.03,345.03,12.74,4690.0
1028,2018-03-15,56.52,47.1,193.11,357.71,12.75,7570.0
1029,2018-03-14,56.51,37.05,193.26,546.95,12.79,13100.0
1030,2018-03-13,56.46,81.21,193.28,1410.0,12.79,22050.0
1031,2018-03-12,57.37,101.71,196.31,620.05,13.42,12080.0
1032,2018-03-09,56.78,123.73,194.25,528.8,13.01,12120.0
1033,2018-03-08,55.42,74.07,190.3,382.4,12.25,8630.0
1034,2018-03-07,55.35,55.0,190.13,389.29,12.2,9990.0
1035,2018-03-06,55.14,75.28,189.52,592.98,12.1,12930.0
1036,2018-03-05,53.99,45.94,186.71,417.0,11.58,8800.0
1037,2018-03-02,53.7,55.73,185.05,464.25,11.27,9610.0
1038,2018-03-01,52.69,71.11,181.96,950.16,10.72,14400.0
1039,2018-02-28,53.39,47.93,184.88,422.23,11.26,10170.0
1040,2018-02-27,53.76,40.59,186.54,456.42,11.58,10840.0
1041,2018-02-26,54.02,45.01,187.16,363.46,11.69,8650.0
1042,2018-02-23,53.07,27.64,183.21,474.89,10.99,8180.0
1043,2018-02-22,52.17,35.15,179.37,486.87,10.32,5810.0
1044,2018-02-21,52.34,48.17,179.77,478.47,10.4,9900.0
1045,2018-02-20,52.96,65.04,181.86,835.92,10.76,11590.0
1046,2018-02-16,51.62,38.32,178.7,309.88,10.23,7680.0
1047,2018-02-15,51.66,72.62,179.34,577.53,10.35,12340.0
1048,2018-02-14,50.8,84.97,177.23,399.73,9.98,11130.0
1049,2018-02-13,49.42,146.65,173.17,493.93,9.35,7440.0
1050,2018-02-12,49.54,664.12,173.37,985.37,9.37,14100.0
1051,2018-02-09,48.7,257.96,170.1,1980.0,8.9,20680.0
1052,2018-02-08,47.6,169.89,165.34,1390.0,8.15,17160.0
1053,2018-02-07,49.69,125.24,172.59,1090.0,9.33,12520.0
1054,2018-02-06,50.89,183.66,176.37,1350.0,10.0,20610.0
1055,2018-02-05,49.55,318.42,170.21,1310.0,9.07,16930.0
1056,2018-02-02,51.84,119.64,178.62,1080.0,10.47,13790.0
1057,2018-02-01,53.38,82.35,183.56,418.48,11.42,6900.0
1058,2018-01-31,53.48,73.54,184.47,387.9,11.59,6920.0
1059,2018-01-30,53.44,87.93,182.98,649.82,11.3,11920.0
1060,2018-01-29,54.64,92.49,186.69,542.07,12.04,9190.0
1061,2018-01-26,54.83,66.31,186.96,556.0,12.08,12730.0
1062,2018-01-25,53.34,65.19,181.17,751.55,11.03,13170.0
1063,2018-01-24,54.36,125.36,184.37,1000.0,11.63,18630.0
1064,2018-01-23,55.72,92.3,188.69,489.05,12.49,6740.0
1065,2018-01-22,55.28,85.66,187.19,415.93,12.22,5620.0
1066,2018-01-19,55.13,60.79,185.81,396.23,11.94,9320.0
1067,2018-01-18,54.64,117.3,185.62,1050.0,11.91,9170.0
1068,2018-01-17,54.38,90.84,184.79,379.05,11.74,11500.0
1069,2018-01-16,53.05,71.1,179.58,487.8,10.81,9800.0
1070,2018-01-12,53.04,53.01,178.99,367.31,10.7,5020.0
1071,2018-01-11,52.74,50.39,178.03,349.12,10.53,5520.0
1072,2018-01-10,52.41,90.97,176.97,676.82,10.35,13270.0
1073,2018-01-09,53.1,139.92,179.12,488.31,10.75,9010.0
1074,2018-01-08,53.85,93.89,180.9,540.92,11.07,6540.0
1075,2018-01-05,53.4,72.39,179.49,390.22,10.82,7710.0
1076,2018-01-04,52.98,79.05,178.47,444.99,10.63,8500.0
1077,2018-01-03,52.62,80.8,177.47,442.46,10.45,9870.0
1078,2018-01-02,51.81,118.37,174.42,953.39,9.95,9240.0
1079,2017-12-29,50.47,51.72,169.81,253.54,9.19,4130.0
1080,2017-12-28,50.88,54.91,171.57,262.99,9.48,3170.0
1081,2017-12-27,50.82,55.59,171.09,264.81,9.42,2980.0
1082,2017-12-26,50.61,86.53,170.54,226.68,9.32,4520.0
1083,2017-12-22,51.26,55.91,172.26,292.64,9.6,3940.0
1084,2017-12-21,51.34,111.52,172.36,583.66,9.63,6910.0
1085,2017-12-20,52.02,63.94,174.2,447.4,9.95,8730.0
1086,2017-12-19,51.66,105.77,172.94,759.55,9.74,8130.000000000001
1087,2017-12-18,51.76,152.93,173.44,1160.0,9.79,15400.0
1088,2017-12-15,50.75,104.09,169.8,1130.0,9.17,10250.0
1089,2017-12-14,49.66,48.77,167.18,296.38,8.78,5090.0
1090,2017-12-13,49.57,43.44,167.35,326.75,8.8,4130.0
1091,2017-12-12,49.51,143.42,167.38,435.9,8.8,5980.0
1092,2017-12-11,50.18,103.35,169.03,1750.0,9.07,5600.0
1093,2017-12-08,50.12,186.93,168.02,655.31,8.92,9870.0
1094,2017-12-07,50.39,182.1,168.89,972.55,9.06,9970.0
1095,2017-12-06,49.53,117.39,167.26,723.52,8.8,10790.0
1096,2017-12-05,49.38,223.09,166.72,1780.0,8.71,16370.000000000002
1097,2017-12-04,49.1,269.94,166.59,1630.0,8.7,23740.0
1098,2017-12-01,50.55,257.42,170.69,1630.0,9.38,19070.0
1099,2017-11-30,51.26,100.16,172.56,1430.0,9.71,14880.0
1100,2017-11-29,51.1,324.51,171.64,1860.0,9.54,36520.0
1101,2017-11-28,54.13,104.18,179.55,657.11,10.98,9740.0
1102,2017-11-27,54.16,171.05,179.47,564.27,10.99,10700.0
1103,2017-11-24,55.0,59.58,181.75,185.68,11.42,6760.0
1104,2017-11-22,54.6,108.95,180.13,401.4,11.12,6760.0
1105,2017-11-21,55.3,157.55,181.23,1200.0,11.34,9870.0
1106,2017-11-20,54.43,86.32,179.18,597.55,10.95,6470.0
1107,2017-11-17,53.59,69.2,177.07,629.16,10.58,6300.0
1108,2017-11-16,53.85,67.71,177.85,364.9,10.72,7360.0
1109,2017-11-15,52.65,85.28,175.24,391.88,10.26,8970.0
1110,2017-11-14,53.51,71.49,176.83,267.27,10.54,6120.0
1111,2017-11-13,53.32,99.43,176.99,436.34,10.57,5070.0
1112,2017-11-10,53.24,74.32,176.48,388.83,10.48,6490.0
1113,2017-11-09,53.09,174.1,175.32,1100.0,10.29,17960.0
1114,2017-11-08,54.3,78.8,178.9,401.6,10.95,5570.0
1115,2017-11-07,54.07,112.51,178.33,433.2,10.84,8480.0
1116,2017-11-06,54.36,105.85,178.49,1020.0,10.87,10280.0
1117,2017-11-03,53.76,95.31,176.0,894.56,10.43,11810.0
1118,2017-11-02,53.42,92.94,172.94,1370.0,9.9,6830.0
1119,2017-11-01,53.0,170.27,172.09,505.48,9.77,7900.0
1120,2017-10-31,54.1,138.35,172.72,343.93,9.86,5250.0
1121,2017-10-30,53.43,102.53,171.35,526.44,9.65,7720.0
1122,2017-10-27,53.36,95.09,170.89,352.87,9.56,9070.0
1123,2017-10-26,52.61,75.0,167.39,381.72,9.01,5770.0
1124,2017-10-25,52.41,126.28,166.41,522.66,8.85,12630.0
1125,2017-10-24,52.81,128.36,168.62,214.48,9.21,5090.0
1126,2017-10-23,52.47,115.8,167.45,299.93,9.02,7240.0
1127,2017-10-20,52.3,94.26,166.63,361.23,8.88,4350.0
1128,2017-10-19,52.12,111.33,165.78,354.58,8.75,7500.0
1129,2017-10-18,52.39,77.15,166.2,237.4,8.83,6820.0
1130,2017-10-17,52.03,114.28,165.64,186.32,8.74,2970.0
1131,2017-10-16,51.95,79.09,165.78,181.11,8.76,4830.0
1132,2017-10-13,51.65,72.1,165.0,177.27,8.64,4170.0
1133,2017-10-12,51.29,74.54,163.95,194.84,8.47,4720.0
1134,2017-10-11,51.23,60.66,164.47,286.41,8.56,4750.0
1135,2017-10-10,50.91,63.83,163.35,252.24,8.4,5820.0
1136,2017-10-09,50.62,84.1,162.44,278.46,8.24,4220.0
1137,2017-10-06,50.32,56.77,161.21,247.62,8.07,2910.0
1138,2017-10-05,50.01,77.57,160.58,179.37,7.96,4540.0
1139,2017-10-04,50.11,80.59,160.44,291.29,7.95,4510.0
1140,2017-10-03,49.96,80.35,160.07,178.75,7.89,4030.0000000000005
1141,2017-10-02,49.96,124.94,159.63,413.54,7.82,6620.0
1142,2017-09-29,49.41,64.68,158.57,306.33,7.68,6090.0
1143,2017-09-28,48.95,90.91,157.21,273.31,7.49,4730.0
1144,2017-09-27,48.41,117.52,156.06,388.83,7.33,7660.0
1145,2017-09-26,46.78,59.43,152.37,491.45,6.85,7130.0
1146,2017-09-25,46.81,79.5,153.11,598.56,6.86,10710.0
1147,2017-09-22,47.75,43.9,156.12,247.35,7.29,3880.0
1148,2017-09-21,47.29,79.73,155.33,288.13,7.18,4730.0
1149,2017-09-20,47.48,68.17,156.0,758.71,7.27,12090.0
1150,2017-09-19,48.11,72.04,158.18,460.92,7.59,4880.0
1151,2017-09-18,47.95,113.53,157.68,492.36,7.51,7930.0
1152,2017-09-15,47.36,49.91,155.64,474.69,7.23,6130.0
1153,2017-09-14,46.75,47.38,152.97,552.28,6.88,4310.0
1154,2017-09-13,46.33,22.46,152.37,258.0,6.78,3480.0
1155,2017-09-12,46.25,33.83,152.07,247.43,6.76,4450.0
1156,2017-09-11,45.97,58.46,151.39,435.11,6.67,6220.0
1157,2017-09-08,44.86,25.78,148.56,484.68,6.3,4530.0
1158,2017-09-07,45.58,31.6,150.33,291.1,6.54,2990.0
1159,2017-09-06,45.38,16.19,150.07,347.97,6.51,3600.0
1160,2017-09-05,45.35,64.82,149.86,937.44,6.47,7700.0
1161,2017-09-01,45.92,57.88,151.91,530.37,6.76,4970.0
1162,2017-08-31,45.57,34.98,151.25,357.41,6.67,6340.0
1163,2017-08-30,45.31,30.65,149.77,666.42,6.48,6850.0
1164,2017-08-29,44.41,33.08,147.25,356.34,6.17,3360.0
1165,2017-08-28,44.13,30.45,147.02,184.18,6.12,2270.0
1166,2017-08-25,43.89,24.06,146.58,228.27,6.08,3160.0
1167,2017-08-24,44.16,29.06,147.29,431.44,6.17,3660.0
1168,2017-08-23,44.23,24.12,147.27,661.38,6.17,4040.0
1169,2017-08-22,44.21,32.57,146.65,348.85,6.09,4810.0
1170,2017-08-21,43.34,60.15,144.27,315.3,5.82,6720.0
1171,2017-08-18,43.7,48.55,145.35,342.26,5.95,5280.0
1172,2017-08-17,43.49,52.36,145.13,403.02,5.89,8380.0
1173,2017-08-16,44.79,36.08,148.89,259.31,6.4,4660.0
1174,2017-08-15,44.52,49.97,148.65,177.12,6.37,3970.0
1175,2017-08-14,44.59,76.86,148.28,536.67,6.33,6810.0
1176,2017-08-11,43.54,125.38,144.6,348.12,5.87,5590.0
1177,2017-08-10,42.98,125.08,143.79,542.46,5.78,10720.0
1178,2017-08-09,44.25,40.63,147.92,235.47,6.3,4790.0
1179,2017-08-08,44.42,55.7,148.42,272.89,6.36,6390.0
1180,2017-08-07,44.53,67.65,148.85,316.43,6.43,6840.0
1181,2017-08-04,43.53,84.08,146.33,427.88,6.11,3680.0
1182,2017-08-03,43.46,87.69,146.27,449.08,6.11,5610.0
1183,2017-08-02,44.02,80.2,146.82,580.58,6.18,8940.0
1184,2017-08-01,44.91,57.77,147.89,333.96,6.32,4019.9999999999995
1185,2017-07-31,44.88,59.24,146.98,505.82,6.21,6490.0
1186,2017-07-28,45.17,89.71,148.13,401.87,6.35,4980.0
1187,2017-07-27,45.75,89.58,148.7,942.64,6.42,19880.0
1188,2017-07-26,46.41,40.98,151.0,668.17,6.72,7550.0
1189,2017-07-25,45.78,88.94,149.36,401.18,6.53,6890.0
1190,2017-07-24,45.83,55.1,149.49,404.2,6.53,5100.0
1191,2017-07-21,45.85,54.11,149.94,327.97,6.59,6260.0
1192,2017-07-20,46.29,100.22,151.23,509.02,6.77,5660.0
1193,2017-07-19,46.09,56.96,150.79,470.17,6.71,6400.0
1194,2017-07-18,45.41,74.02,149.41,339.09,6.53,6000.0
1195,2017-07-17,45.03,45.38,148.95,231.13,6.47,8270.0
1196,2017-07-14,45.03,100.29,149.56,411.55,6.56,9890.0
1197,2017-07-13,44.49,45.94,147.58,510.92,6.31,13310.0
1198,2017-07-12,44.57,114.52,148.04,559.39,6.36,14620.0
1199,2017-07-11,43.89,47.49,145.71,321.82,6.07,7660.0
1200,2017-07-10,43.3,84.4,144.51,326.12,5.93,6770.0
1201,2017-07-07,42.74,63.29,142.86,1120.0,5.72,7830.0
1202,2017-07-06,41.95,59.84,140.49,687.69,5.46,8200.0
1203,2017-07-05,41.94,140.92,141.11,639.41,5.53,9180.0
1204,2017-07-03,41.3,83.61,138.28,590.59,5.2,6810.0
1205,2017-06-30,41.73,109.46,140.2,497.59,5.43,8350.0
1206,2017-06-29,42.05,183.6,140.97,983.1,5.52,18420.0
1207,2017-06-28,43.25,59.74,144.57,761.83,5.96,9800.0
1208,2017-06-27,42.32,211.62,142.11,640.52,5.67,13830.0
1209,2017-06-26,43.59,73.18,146.37,627.61,6.17,11290.0
1210,2017-06-23,44.0,48.15,147.64,324.36,6.33,5440.0
1211,2017-06-22,43.75,62.32,147.2,433.28,6.27,7080.0
1212,2017-06-21,43.96,57.95,147.54,462.31,6.32,6390.0
1213,2017-06-20,43.62,69.14,145.85,397.66,6.11,8810.0
1214,2017-06-19,44.34,76.83,147.51,485.22,6.32,11430.0
1215,2017-06-16,43.53,49.7,144.76,529.68,5.98,8160.0
1216,2017-06-15,43.52,135.36,145.34,1180.0,6.05,8830.0
1217,2017-06-14,44.21,93.2,146.5,704.29,6.2,11180.0
1218,2017-06-13,44.96,130.36,148.05,1070.0,6.41,14520.0
1219,2017-06-12,44.65,246.01,147.05,1760.0,6.28,22540.0
1220,2017-06-09,45.28,312.07,147.9,1700.0,6.39,32180.0
1221,2017-06-08,47.57,104.12,154.39,539.16,7.31,7710.0
1222,2017-06-07,46.67,134.55,151.62,420.89,6.95,6450.0
1223,2017-06-06,46.07,90.3,150.5,413.56,6.79,5030.0
1224,2017-06-05,45.82,109.2,150.01,328.88,6.72,4200.0
1225,2017-06-02,45.82,71.37,149.65,432.48,6.67,5820.0
1226,2017-06-01,45.32,42.65,148.14,354.44,6.47,3090.0
1227,2017-05-31,45.27,60.64,147.99,535.13,6.46,6340.0
1228,2017-05-30,45.27,75.41,148.01,392.32,6.46,4040.0
1229,2017-05-26,44.96,53.35,147.03,263.2,6.33,4320.0
1230,2017-05-25,44.68,78.27,146.36,337.85,6.26,3830.0
1231,2017-05-24,44.47,83.3,145.62,339.56,6.15,3240.0
1232,2017-05-23,44.2,98.03,144.68,253.36,6.04,4480.0
1233,2017-05-22,44.26,105.0,145.26,666.69,6.11,5240.0
1234,2017-05-19,43.78,132.49,143.69,893.78,5.92,6930.0
1235,2017-05-18,43.48,89.94,142.12,701.24,5.73,12280.0
1236,2017-05-17,42.73,196.73,139.52,1030.0,5.42,14550.0
1237,2017-05-16,45.05,127.96,145.81,355.8,6.24,4140.0
1238,2017-05-15,44.44,108.7,143.75,374.35,5.98,3980.0
1239,2017-05-12,43.73,88.92,141.56,191.07,5.71,3030.0
1240,2017-05-11,43.76,51.25,141.16,697.03,5.66,3790.0
1241,2017-05-10,43.65,76.34,140.65,834.54,5.61,6980.0
1242,2017-05-09,42.84,55.94,137.73,426.98,5.27,4870.0
1243,2017-05-08,42.36,46.25,136.38,267.25,5.12,1860.0
1244,2017-05-05,42.57,45.1,136.92,300.73,5.17,2940.0
1245,2017-05-04,42.48,34.18,136.38,406.53,5.12,2570.0
1246,2017-05-03,42.29,68.49,136.48,381.6,5.13,2870.0
1247,2017-05-02,42.53,113.45,136.01,1130.0,5.08,4310.0
1248,2017-05-01,43.16,120.88,137.46,688.53,5.24,5450.0
1249,2017-04-28,42.5,70.92,136.11,1040.0,5.1,7580.0
1250,2017-04-27,43.34,96.16,138.47,366.53,5.37,5330.0
1251,2017-04-26,42.64,74.89,136.55,1170.0,5.15,5540.0
1252,2017-04-25,42.85,119.79,137.68,423.46,5.29,4320.0
1253,2017-04-24,42.3,94.15,136.29,494.11,5.13,7380.0
1254,2017-04-21,41.65,131.39,134.36,640.81,4.92,5760.0
1255,2017-04-20,41.9,60.9,134.93,556.57,4.99,5010.0
1256,2017-04-19,41.06,70.17,132.83,567.19,4.76,3660.0
1257,2017-04-18,40.51,27.1,132.14,441.92,4.68,3120.0
1258,2017-04-17,40.32,56.73,131.53,443.34,4.63,5290.0
1259,2017-04-13,39.72,61.62,129.91,436.43,4.45,4860.0
1260,2017-04-12,40.07,52.06,130.78,568.19,4.54,8230.0
1261,2017-04-11,40.67,99.83,133.07,534.04,4.79,7800.0
1262,2017-04-10,40.98,39.86,134.15,270.15,4.91,3630.0
1263,2017-04-07,41.3,46.72,135.19,252.41,5.03,2850.0
1264,2017-04-06,41.09,51.53,134.61,388.48,4.96,5910.0
1265,2017-04-05,40.91,107.53,134.4,419.8,4.94,5610.0
1266,2017-04-04,41.34,64.89,135.34,455.61,5.05,3980.0
1267,2017-04-03,41.46,79.97,136.02,721.66,5.13,4820.0
1268,2017-03-31,41.77,75.53,136.89,205.51,5.22,3330.0
1269,2017-03-30,41.69,47.04,136.88,277.03,5.23,5360.0
1270,2017-03-29,41.31,51.2,136.18,354.91,5.14,3460.0
1271,2017-03-28,41.44,131.54,136.51,283.82,5.19,4150.0
1272,2017-03-27,41.35,80.91,136.08,483.35,5.14,7360.0
1273,2017-03-24,41.27,71.77,135.88,532.0,5.11,5840.0
1274,2017-03-23,40.89,46.29,135.25,510.58,5.0,3850.0
1275,2017-03-22,40.85,149.4,135.55,558.76,5.04,4560.0
1276,2017-03-21,40.48,126.68,134.13,654.29,4.89,8510.0
1277,2017-03-20,41.62,92.99,137.35,379.38,5.25,3280.0
1278,2017-03-17,41.37,48.79,136.34,610.74,5.14,2270.0
1279,2017-03-16,41.08,70.67,136.06,310.9,5.11,2940.0
1280,2017-03-15,41.05,58.54,136.2,369.36,5.13,4380.0
1281,2017-03-14,40.63,61.94,135.13,355.6,5.01,4160.0
1282,2017-03-13,40.76,155.13,135.53,382.55,5.05,4610.0
1283,2017-03-10,40.35,48.73,134.52,712.12,4.94,4830.0
1284,2017-03-09,39.83,47.67,133.0,340.22,4.77,2390.0
1285,2017-03-08,39.84,43.21,132.74,585.7,4.75,4270.0
1286,2017-03-07,39.8,96.91,132.43,541.53,4.72,4260.0
1287,2017-03-06,39.76,46.13,132.14,532.84,4.68,3380.0
1288,2017-03-03,39.66,34.97,132.07,430.02,4.68,3140.0
1289,2017-03-02,39.76,60.16,132.14,430.24,4.69,4130.0
1290,2017-03-01,40.12,41.05,133.51,438.9,4.84,4850.0
1291,2017-02-28,39.37,77.85,131.46,431.84,4.62,4710.0
1292,2017-02-27,40.03,29.07,133.16,1220.0,4.81,3330.0
1293,2017-02-24,39.76,62.96,131.9,523.48,4.67,5180.0
1294,2017-02-23,39.84,93.28,131.99,592.71,4.68,7500.0
1295,2017-02-22,40.39,67.34,134.17,224.94,4.92,2750.0
1296,2017-02-21,40.34,82.03,134.14,670.3,4.92,4740.0
1297,2017-02-17,39.73,61.04,132.27,332.13,4.72,3580.0
1298,2017-02-16,39.51,43.33,131.59,310.19,4.65,2700.0
1299,2017-02-15,39.52,53.98,131.38,234.62,4.63,3540.0
1300,2017-02-14,39.11,68.19,130.37,202.79,4.52,3200.0
1301,2017-02-13,39.31,74.18,130.73,309.78,4.56,4620.0
1302,2017-02-10,39.14,88.37,130.46,517.18,4.53,5950.0
1303,2017-02-09,39.22,98.12,130.54,452.7,4.54,5070.0
1304,2017-02-08,39.41,76.8,131.69,257.22,4.66,3670.0
1305,2017-02-07,39.44,133.54,131.44,198.28,4.64,4059.9999999999995
1306,2017-02-06,39.21,175.53,130.96,307.71,4.59,4750.0
1307,2017-02-03,39.1,57.82,130.5,289.83,4.54,2790.0
1308,2017-02-02,38.69,65.3,129.83,471.99,4.47,4840.0
1309,2017-02-01,38.57,45.48,129.89,597.57,4.48,5670.0
1310,2017-01-31,37.78,61.81,127.86,484.99,4.27,6420.0
1311,2017-01-30,38.17,55.2,129.54,505.82,4.45,7090.0
1312,2017-01-27,38.45,56.32,130.19,325.83,4.52,3610.0
1313,2017-01-26,37.96,61.07,128.59,421.04,4.35,3690.0
1314,2017-01-25,38.14,100.65,129.32,675.23,4.43,5010.0
1315,2017-01-24,37.58,86.55,127.43,1240.0,4.24,4720.0
1316,2017-01-23,36.69,69.85,125.01,351.27,4.01,4030.0000000000005
1317,2017-01-20,36.81,44.71,125.78,643.35,4.09,4140.0
1318,2017-01-19,36.42,28.31,124.18,909.21,3.93,2690.0
1319,2017-01-18,36.65,23.5,124.74,385.47,3.99,3650.0
1320,2017-01-17,36.28,54.09,123.06,364.17,3.83,4070.0000000000005
1321,2017-01-13,37.06,37.42,125.07,283.15,4.02,4090.0
1322,2017-01-12,36.69,43.96,124.26,451.55,3.95,5010.0
1323,2017-01-11,37.0,30.81,125.31,543.45,4.05,3210.0
1324,2017-01-10,36.75,49.62,124.88,230.3,4.01,3780.0
1325,2017-01-09,36.46,82.54,124.28,294.68,3.95,5400.0
1326,2017-01-06,36.06,32.8,122.98,291.66,3.83,4870.0
1327,2017-01-05,35.92,43.22,122.01,313.95,3.74,3570.0
1328,2017-01-04,36.31,86.78,123.06,451.37,3.85,3560.0
1329,2017-01-03,36.26,73.77,122.72,884.7,3.81,6210.0
1330,2016-12-30,36.09,38.43,122.72,1130.0,3.81,5210.0
1331,2016-12-29,36.62,36.63,124.65,348.93,3.99,6000.0
1332,2016-12-28,36.73,54.63,124.67,579.49,4.0,8060.000000000001
1333,2016-12-27,37.48,74.09,127.08,469.52,4.24,4870.0
1334,2016-12-23,36.96,80.44,125.53,160.05,4.09,1370.0
1335,2016-12-22,36.83,43.2,124.89,289.85,4.03,3080.0
1336,2016-12-21,36.65,23.24,124.29,262.38,3.97,2380.0
1337,2016-12-20,36.6,46.59,124.58,718.89,3.97,5370.0
1338,2016-12-19,36.27,25.52,123.4,415.19,4.04,4110.0
1339,2016-12-16,35.84,41.92,122.19,491.36,3.92,4270.0
1340,2016-12-15,36.45,55.66,123.44,740.39,4.05,7220.0
1341,2016-12-14,35.84,26.2,121.37,663.18,3.85,5150.0
1342,2016-12-13,35.9,41.21,121.48,334.73,3.86,6130.0
1343,2016-12-12,35.65,144.07,120.08,697.88,3.73,3920.0
1344,2016-12-09,35.92,52.94,121.03,334.81,3.82,5370.0
1345,2016-12-08,36.21,40.35,121.44,420.93,3.87,7070.0
1346,2016-12-07,35.75,27.53,120.39,433.48,3.77,6500.0
1347,2016-12-06,35.0,42.72,117.96,484.99,3.55,4480.0
1348,2016-12-05,34.5,27.25,116.35,373.5,3.41,6200.0
1349,2016-12-02,34.0,34.39,114.95,998.99,3.29,6100.0
1350,2016-12-01,33.46,79.45,113.55,1160.0,3.16,10960.0
1351,2016-11-30,35.43,47.32,119.38,197.31,3.71,1820.0
1352,2016-11-29,35.67,50.83,120.07,390.85,3.78,1990.0
1353,2016-11-28,35.68,66.39,120.29,220.49,3.8,2220.0
1354,2016-11-25,35.78,17.52,120.65,137.35,3.84,1350.0
1355,2016-11-23,35.71,88.32,120.44,348.01,3.82,3950.0
1356,2016-11-22,35.74,46.39,120.29,472.97,3.8,5650.0
1357,2016-11-21,35.27,77.94,119.02,380.14,3.66,4190.0
1358,2016-11-18,35.04,44.94,118.23,354.82,3.61,3160.0
1359,2016-11-17,34.88,62.33,117.38,361.52,3.54,4750.0
1360,2016-11-16,34.33,37.1,116.13,404.09,3.43,6180.0
1361,2016-11-15,33.94,55.71,114.81,471.66,3.31,5700.0
1362,2016-11-14,33.34,24.94,112.7,446.73,3.13,3530.0
1363,2016-11-11,33.42,29.27,113.29,865.13,3.18,8980.0
1364,2016-11-10,32.44,46.97,109.11,2220.0,2.86,11700.0
1365,2016-11-09,33.09,135.06,111.52,1040.0,3.05,8140.000000000001
1366,2016-11-08,33.06,28.96,112.05,408.68,3.1,4150.0
1367,2016-11-07,32.82,33.62,111.82,1600.0,3.08,3790.0
1368,2016-11-04,31.81,16.29,108.76,419.72,2.84,2910.0
1369,2016-11-03,31.91,11.89,109.45,504.21,2.89,5180.0
1370,2016-11-02,32.02,39.38,109.64,820.52,2.91,6440.0
1371,2016-11-01,32.02,20.74,110.37,557.99,2.97,5790.0
1372,2016-10-31,32.16,22.62,111.36,304.44,3.05,2970.0
1373,2016-10-28,32.02,34.5,110.76,599.46,3.0,5380.0
1374,2016-10-27,32.15,7.43,111.43,461.85,3.06,4950.0
1375,2016-10-26,32.3,30.01,111.95,373.25,3.1,4500.0
1376,2016-10-25,32.5,12.86,112.11,274.48,3.12,4290.0
1377,2016-10-24,32.46,45.89,112.21,237.01,3.12,4050.0
1378,2016-10-21,31.93,43.79,110.19,365.26,2.96,3620.0
1379,2016-10-20,31.9,21.68,110.47,686.57,2.98,4460.0
1380,2016-10-19,31.87,11.98,109.7,397.4,2.92,4540.0
1381,2016-10-18,31.92,28.68,110.16,297.22,2.96,3850.0
1382,2016-10-17,31.63,13.81,108.9,233.69,2.86,3200.0
1383,2016-10-14,31.81,15.13,109.47,455.04,2.91,8760.0
1384,2016-10-13,31.55,18.36,108.65,694.02,2.84,7310.0
1385,2016-10-12,31.99,16.99,109.95,522.53,2.95,4560.0
1386,2016-10-11,32.1,45.09,110.32,623.84,2.98,11010.0
1387,2016-10-10,32.89,36.95,112.68,403.48,3.18,4130.0
1388,2016-10-07,33.04,14.28,113.25,461.33,3.23,4740.0
1389,2016-10-06,33.13,19.19,113.42,867.86,3.24,4370.0
1390,2016-10-05,32.91,17.26,112.76,1280.0,3.19,3520.0
1391,2016-10-04,32.65,22.56,111.94,339.75,3.12,4380.0
1392,2016-10-03,32.62,28.78,112.23,1210.0,3.14,3540.0
1393,2016-09-30,32.8,93.06,112.99,457.72,3.21,7450.0
1394,2016-09-29,32.36,75.53,111.23,860.35,3.06,12940.0
1395,2016-09-28,32.28,18.22,109.88,280.18,2.96,4860.0
1396,2016-09-27,32.12,10.01,109.66,344.93,2.94,4380.0
1397,2016-09-26,31.6,27.11,107.8,383.06,2.79,2850.0
1398,2016-09-23,32.0,61.1,109.33,272.67,2.88,2410.0
1399,2016-09-22,32.33,23.35,110.46,352.24,2.97,4550.0
1400,2016-09-21,32.15,29.41,110.1,431.88,2.94,3960.0
1401,2016-09-20,31.68,47.73,108.6,358.73,2.83,3740.0
1402,2016-09-19,31.76,140.85,109.09,393.46,2.86,5490.0
1403,2016-09-16,31.54,16.9,108.96,638.66,2.85,5260.0
1404,2016-09-15,31.53,26.1,108.93,598.49,2.85,11310.0
1405,2016-09-14,30.85,8.32,106.47,364.74,2.66,5750.0
1406,2016-09-13,30.7,27.14,105.54,400.7,2.59,4430.0
1407,2016-09-12,30.93,31.03,106.48,720.92,2.67,7580.0
1408,2016-09-09,30.5,47.37,104.53,848.77,2.52,7640.0
1409,2016-09-08,31.59,16.19,108.38,451.1,2.83,4620.0
1410,2016-09-07,31.7,89.59,108.57,1270.0,2.84,4520.0
1411,2016-09-06,31.86,232.77,109.4,361.8,2.9,2660.0
1412,2016-09-02,32.04,32.14,109.65,554.85,2.93,4900.0
1413,2016-09-01,32.04,17.58,109.76,464.56,2.94,5970.0
1414,2016-08-31,31.71,12.02,108.9,482.45,2.87,2960.0
1415,2016-08-30,31.6,11.86,108.97,1060.0,2.87,4840.0
1416,2016-08-29,31.74,24.86,109.18,270.25,2.89,5030.0
1417,2016-08-26,31.74,43.96,108.75,310.7,2.86,3080.0
1418,2016-08-25,31.57,30.12,108.27,313.37,2.82,3470.0
1419,2016-08-24,31.46,31.02,107.83,305.9,2.79,4710.0
1420,2016-08-23,31.79,178.73,108.73,275.19,2.86,4680.0
1421,2016-08-22,31.56,365.65,108.2,256.86,2.82,3500.0
1422,2016-08-19,31.36,18.5,108.15,490.78,2.81,4910.0
1423,2016-08-18,30.84,11.06,107.23,230.97,2.74,3170.0
1424,2016-08-17,30.69,31.2,106.46,594.14,2.68,3480.0
1425,2016-08-16,30.74,18.5,106.48,627.7,2.69,2450.0
1426,2016-08-15,30.92,29.95,107.23,227.74,2.74,4910.0
1427,2016-08-12,30.59,1.45,105.79,191.7,2.63,4090.0
1428,2016-08-11,30.29,12.88,105.3,376.5,2.6,2360.0
1429,2016-08-10,30.12,9.58,104.9,815.61,2.56,5240.0
1430,2016-08-09,30.47,30.52,105.62,376.01,2.63,3790.0
1431,2016-08-08,30.29,13.6,104.77,231.9,2.56,3060.0
1432,2016-08-05,30.17,16.24,104.89,413.02,2.57,5160.0
1433,2016-08-04,29.71,5.68,103.57,406.2,2.48,5210.0
1434,2016-08-03,29.41,5.91,102.61,416.32,2.41,4190.0
1435,2016-08-02,29.35,16.18,102.48,1510.0,2.4,7990.0
1436,2016-08-01,29.79,3.77,104.08,493.14,2.52,3020.0
1437,2016-07-29,29.74,6.87,104.0,339.02,2.5,5200.0
1438,2016-07-28,29.91,23.35,104.46,831.9,2.54,5160.0
1439,2016-07-27,29.92,3.78,105.04,1140.0,2.58,8210.0
1440,2016-07-26,29.79,22.97,105.05,1470.0,2.6,15640.0
1441,2016-07-25,28.65,9.37,101.13,236.68,2.32,4810.0
1442,2016-07-22,28.35,2.16,100.55,466.28,2.28,5410.0
1443,2016-07-21,28.07,2.15,100.05,486.18,2.24,5060.0
1444,2016-07-20,28.52,12.87,100.76,655.74,2.29,6290.0
1445,2016-07-19,28.16,24.78,99.19,281.83,2.19,3190.0
1446,2016-07-18,28.19,3.9,99.53,475.38,2.21,5880.0
1447,2016-07-15,27.95,4.19,98.09,383.68,2.12,4300.0
1448,2016-07-14,28.04,24.33,98.12,467.07,2.12,6060.0
1449,2016-07-13,27.87,7.35,97.41,476.96,2.08,5210.0
1450,2016-07-12,27.8,35.56,97.29,1030.0,2.07,6900.0
1451,2016-07-11,27.39,14.76,96.04,320.28,1.99,9300.0
1452,2016-07-08,27.01,6.74,94.97,358.43,1.93,9960.0
1453,2016-07-07,26.17,1.6,92.4,394.75,1.78,6210.0
1454,2016-07-06,25.92,3.14,91.29,575.07,1.71,6270.0
1455,2016-07-05,25.92,7.13,91.17,861.08,1.71,4140.0
1456,2016-07-01,26.3,4.77,92.87,446.03,1.8,4080.0
1457,2016-06-30,26.44,11.22,93.64,525.83,1.86,5790.0
1458,2016-06-29,25.83,4.07,92.06,784.6,1.76,9870.0
1459,2016-06-28,25.39,4.41,90.24,913.91,1.66,14650.0
1460,2016-06-27,24.7,43.5,87.94,1770.0,1.54,11460.0
1461,2016-06-24,25.91,13.46,91.66,885.68,1.75,11480.0
1462,2016-06-23,27.34,24.52,96.92,366.45,2.1,5670.0
1463,2016-06-22,26.81,2.56,94.56,306.35,1.95,3490.0
1464,2016-06-21,26.96,3.89,94.65,322.19,1.96,2570.0
1465,2016-06-20,26.93,2.36,94.65,368.7,1.94,5970.0
1466,2016-06-17,26.58,2.0,93.61,605.94,1.87,3910.0
1467,2016-06-16,26.84,9.37,94.41,1360.0,1.92,7250.0
1468,2016-06-15,26.99,0.55,94.42,235.55,1.92,3610.0
1469,2016-06-14,26.9,7.14,94.43,421.92,1.92,6200.0
1470,2016-06-13,26.83,6.39,94.46,554.82,1.93,5010.0
1471,2016-06-10,26.89,2.98,94.95,346.32,1.96,5690.0
1472,2016-06-09,27.35,3.83,96.53,362.43,2.06,5600.0
1473,2016-06-08,27.29,13.02,96.42,139.63,2.05,4370.0
1474,2016-06-07,27.18,8.77,96.46,466.45,2.06,5600.0
1475,2016-06-06,26.99,164.94,95.55,628.67,2.0,4570.0
1476,2016-06-03,26.86,3.11,95.77,438.68,2.01,4860.0
1477,2016-06-02,26.87,145.52,95.49,246.91,1.99,3680.0
1478,2016-06-01,26.92,2.73,95.47,438.13,2.0,4660.0
1479,2016-05-31,26.8,5.14,94.97,714.78,1.96,4940.0
1480,2016-05-27,26.69,4.16,94.42,287.17,1.93,3600.0
1481,2016-05-26,26.44,14.39,93.83,304.08,1.9,4300.0
1482,2016-05-25,26.29,8.77,93.52,416.18,1.88,10680.0
1483,2016-05-24,26.2,36.25,92.97,529.17,1.84,9950.0
1484,2016-05-23,25.55,20.06,90.78,245.3,1.72,6510.0
1485,2016-05-20,25.3,10.02,90.15,559.8,1.68,9220.0
1486,2016-05-19,24.43,4.2,87.5,464.92,1.54,5460.0
1487,2016-05-18,24.69,4.26,87.99,667.85,1.57,10560.0
1488,2016-05-17,24.38,15.14,86.64,207.96,1.5,4620.0
1489,2016-05-16,24.71,2.42,87.21,237.57,1.53,8340.0
1490,2016-05-13,24.29,2.71,85.83,534.48,1.46,6030.0
1491,2016-05-12,24.19,3.8,85.52,403.97,1.44,8350.0
1492,2016-05-11,24.66,3.17,87.08,892.08,1.52,7490.0
1493,2016-05-10,24.61,5.65,87.29,276.73,1.54,4980.0
1494,2016-05-09,24.24,19.95,86.27,324.99,1.48,3500.0
1495,2016-05-06,24.23,15.05,86.38,413.97,1.49,3400.0
1496,2016-05-05,24.21,6.11,86.26,392.73,1.48,5570.0
1497,2016-05-04,24.2,13.25,86.05,845.65,1.47,4780.0
1498,2016-05-03,24.56,10.31,87.04,1100.0,1.53,4360.0
1499,2016-05-02,24.57,1.25,88.04,381.39,1.58,4450.0
1500,2016-04-29,24.43,4.42,87.38,868.04,1.55,10440.0
1501,2016-04-28,25.14,5.83,89.75,496.51,1.68,8780.0
1502,2016-04-27,25.87,3.38,92.16,505.61,1.82,7050.0
1503,2016-04-26,25.6,2.86,91.23,452.14,1.77,5230.0
1504,2016-04-25,25.29,10.27,90.03,598.66,1.7,3560.0
1505,2016-04-22,25.44,6.68,90.57,243.78,1.73,4850.0
1506,2016-04-21,25.32,5.91,90.41,275.07,1.72,3600.0
1507,2016-04-20,25.46,4.49,90.95,368.55,1.75,6770.0
1508,2016-04-19,25.28,1.78,90.09,430.98,1.7,7660.0
1509,2016-04-18,25.66,5.01,91.2,326.68,1.77,5780.0
1510,2016-04-15,25.66,4.06,91.19,366.71,1.76,4170.0
1511,2016-04-14,25.84,30.43,91.98,241.85,1.81,7390.0
1512,2016-04-13,25.84,5.81,92.69,336.27,1.86,8350.0
1513,2016-04-12,25.35,6.92,90.66,411.04,1.74,6950.0
1514,2016-04-11,25.41,12.36,90.79,263.07,1.75,4780.0
1515,2016-04-08,25.45,4.69,90.81,391.75,1.75,5930.0
1516,2016-04-07,25.35,8.38,90.39,369.07,1.72,4110.0
1517,2016-04-06,25.67,14.03,91.79,1750.0,1.81,7840.0
1518,2016-04-05,25.57,21.34,90.92,180.52,1.75,4800.0
1519,2016-04-04,25.74,14.01,91.43,217.91,1.79,6860.0
1520,2016-04-01,25.95,6.91,92.25,150.99,1.84,8400.0
1521,2016-03-31,25.82,6.42,91.62,178.88,1.8,6110.0
1522,2016-03-30,25.84,9.03,92.13,229.57,1.83,8790.0
1523,2016-03-29,25.59,18.03,91.33,399.16,1.78,8480.0
1524,2016-03-28,25.11,2.92,90.09,158.71,1.71,8260.0
1525,2016-03-24,25.08,19.18,90.14,200.76,1.72,10170.0
1526,2016-03-23,25.13,3.16,90.2,245.23,1.72,7260.0
1527,2016-03-22,25.38,7.94,91.67,217.68,1.79,6480.0
1528,2016-03-21,25.24,7.52,91.69,224.0,1.8,6910.0
1529,2016-03-18,25.16,6.72,91.57,574.08,1.79,9390.0
1530,2016-03-17,24.94,10.68,90.38,313.42,1.72,10370.0
1531,2016-03-16,24.68,17.61,89.76,487.77,1.68,12390.0
1532,2016-03-15,24.35,7.0,88.96,688.13,1.64,10890.0
1533,2016-03-14,24.51,6.64,89.19,250.77,1.65,10210.0
1534,2016-03-11,24.55,29.5,89.4,218.67,1.67,10130.0
1535,2016-03-10,24.08,35.65,87.73,826.93,1.57,10500.0
1536,2016-03-09,24.05,7.59,87.29,192.88,1.55,10950.0
1537,2016-03-08,23.8,3.78,86.68,344.31,1.51,13120.0
1538,2016-03-07,24.45,30.11,88.69,371.2,1.62,13200.0
1539,2016-03-04,24.37,9.26,88.29,459.52,1.61,17250.0
1540,2016-03-03,24.27,22.72,87.39,290.46,1.56,9270.0
1541,2016-03-02,24.07,29.23,87.29,344.4,1.55,8570.0
1542,2016-03-01,24.01,4.99,86.75,388.26,1.53,12430.0
1543,2016-02-29,23.46,7.05,84.47,390.43,1.41,15360.0
1544,2016-02-26,23.46,3.97,84.67,307.12,1.42,11150.0
1545,2016-02-25,23.32,4.11,84.13,413.01,1.4,9290.0
1546,2016-02-24,23.09,13.18,83.12,343.94,1.34,14660.0
1547,2016-02-23,22.8,3.72,82.03,254.69,1.29,5550.0
1548,2016-02-22,23.12,18.07,83.34,595.83,1.36,8480.0
1549,2016-02-19,22.68,6.0,82.05,181.85,1.3,7740.0
1550,2016-02-18,22.71,16.69,81.69,338.35,1.28,11880.0
1551,2016-02-17,22.68,23.2,82.08,375.43,1.3,18730.0
1552,2016-02-16,22.1,18.4,80.17,427.14,1.21,19580.0
1553,2016-02-12,21.39,8.52,77.45,404.5,1.1,14360.0
1554,2016-02-11,21.38,62.08,75.79,418.7,1.03,18110.0
1555,2016-02-10,21.66,11.32,76.38,871.98,1.05,13690.0
1556,2016-02-09,21.66,22.52,76.98,286.43,1.08,6550.0
1557,2016-02-08,21.68,14.73,77.42,1080.0,1.1,10140.0
1558,2016-02-05,22.22,12.54,79.42,793.84,1.19,16940.0
1559,2016-02-04,22.89,3.42,82.24,371.76,1.32,13750.0
1560,2016-02-03,22.73,38.77,80.84,502.59,1.26,9670.0
1561,2016-02-02,22.67,31.91,80.65,403.38,1.25,8760.0
1562,2016-02-01,23.83,15.47,83.4,641.22,1.39,8039.999999999999
1563,2016-01-29,23.72,14.96,83.03,591.52,1.37,11990.0
1564,2016-01-28,22.82,25.56,79.43,174.99,1.2,6300.0
1565,2016-01-27,22.61,7.15,79.61,549.96,1.22,9180.0
1566,2016-01-26,22.93,6.17,80.53,561.12,1.26,7990.0
1567,2016-01-25,22.65,12.18,79.79,420.51,1.22,7660.0
1568,2016-01-22,23.08,8.4,80.91,547.59,1.28,12350.0
1569,2016-01-21,22.63,11.36,79.46,387.37,1.21,13320.0
1570,2016-01-20,22.26,50.82,78.3,572.86,1.16,11090.0
1571,2016-01-19,21.93,61.3,77.79,328.69,1.14,9250.0
1572,2016-01-15,22.04,154.14,77.66,554.56,1.13,12220.0
1573,2016-01-14,22.96,188.26,81.33,431.43,1.31,8370.0
1574,2016-01-13,22.61,14.86,79.69,585.44,1.23,6530.0
1575,2016-01-12,23.3,13.92,82.31,357.93,1.36,8330.0
1576,2016-01-11,23.08,51.68,81.63,333.6,1.33,9300.0
1577,2016-01-08,22.91,12.76,81.35,488.39,1.31,9720.0
1578,2016-01-07,23.39,44.75,82.54,675.84,1.38,8480.0
1579,2016-01-06,24.07,48.24,84.92,513.74,1.54,8820.0
1580,2016-01-05,24.65,5.32,87.96,443.04,1.67,7010.0
1581,2016-01-04,24.74,70.99,88.8,340.99,1.72,6850.0
1582,2015-12-31,25.23,5.83,89.84,258.89,1.78,2240.0
1583,2015-12-30,25.65,16.39,91.08,388.55,1.86,3540.0
1584,2015-12-29,25.99,61.66,91.91,198.84,1.92,5610.0
1585,2015-12-28,25.67,8.48,90.85,114.3,1.85,3650.0
1586,2015-12-24,25.92,1.41,91.21,168.88,1.88,1560.0
1587,2015-12-23,25.72,13.57,91.04,430.39,1.86,3280.0
1588,2015-12-22,25.58,20.23,90.41,265.52,1.82,2520.0
1589,2015-12-21,25.49,16.34,90.27,317.68,1.81,3750.0
1590,2015-12-18,25.15,40.7,88.75,645.88,1.71,5410.0
1591,2015-12-17,25.56,13.0,89.79,354.94,1.78,5900.0
1592,2015-12-16,25.71,10.12,91.04,418.56,1.86,5490.0
1593,2015-12-15,25.53,12.9,90.36,507.98,1.82,5200.0
1594,2015-12-14,25.33,18.56,89.02,862.82,1.74,8119.999999999999
1595,2015-12-11,25.56,12.82,89.6,740.7,1.77,7530.0
1596,2015-12-10,26.14,16.21,91.31,375.78,1.88,5160.0
1597,2015-12-09,25.9,13.26,90.87,454.92,1.85,6720.0
1598,2015-12-08,26.31,16.46,92.07,536.43,1.93,6630.0
1599,2015-12-07,26.48,14.78,92.86,500.7,1.97,3730.0
1600,2015-12-04,26.89,19.5,93.62,418.29,2.03,6490.0
1601,2015-12-03,26.36,23.4,92.03,615.95,1.93,6950.0
1602,2015-12-02,26.66,3.67,92.59,333.02,1.96,9340.0
1603,2015-12-01,26.87,35.83,93.03,577.15,1.99,8360.0
1604,2015-11-30,26.61,3.64,91.61,378.3,1.92,4120.0
1605,2015-11-27,26.31,3.38,90.63,196.18,1.86,1800.0
1606,2015-11-25,26.08,9.9,90.24,154.09,1.82,2290.0
1607,2015-11-24,25.97,5.73,90.11,558.9,1.81,6040.0
1608,2015-11-23,25.62,23.97,89.06,389.82,1.75,4000.0
1609,2015-11-20,25.86,8.06,90.14,199.38,1.82,4059.9999999999995
1610,2015-11-19,25.86,2.23,89.85,389.38,1.8,4230.0
1611,2015-11-18,25.77,50.23,89.64,754.95,1.79,7290.0
1612,2015-11-17,25.27,8.4,88.76,683.85,1.74,5720.0
1613,2015-11-16,25.15,14.72,88.17,608.01,1.7,4930.0
1614,2015-11-13,24.99,17.89,87.1,496.14,1.64,8250.0
1615,2015-11-12,25.19,17.09,87.89,806.43,1.69,5870.0
1616,2015-11-11,25.6,1.52,89.04,535.76,1.75,6770.0
1617,2015-11-10,25.51,48.82,88.97,839.33,1.75,6870.0
1618,2015-11-09,25.92,7.32,90.62,607.27,1.85,4530.0
1619,2015-11-06,26.14,4.92,91.51,637.89,1.9,7740.0
1620,2015-11-05,25.68,2.35,89.15,700.61,1.77,6930.0
1621,2015-11-04,25.8,8.66,91.06,490.72,1.89,4270.0
1622,2015-11-03,25.75,12.99,90.8,342.12,1.87,3590.0
1623,2015-11-02,25.54,20.53,90.33,374.12,1.84,4510.0
1624,2015-10-30,25.29,9.27,89.54,501.83,1.8,4930.0
1625,2015-10-29,24.91,11.87,88.83,650.17,1.75,7360.0
1626,2015-10-28,25.83,32.55,91.28,1100.0,1.92,7330.0
1627,2015-10-27,25.33,7.12,89.95,1060.0,1.83,5900.0
1628,2015-10-26,25.31,9.25,90.74,1030.0,1.86,7890.0
1629,2015-10-23,25.81,15.21,92.4,1070.0,1.98,12800.0
1630,2015-10-22,25.5,27.36,91.29,799.71,1.91,9550.0
1631,2015-10-21,25.05,8.24,88.23,526.61,1.73,7910.0
1632,2015-10-20,25.16,17.78,88.1,332.32,1.72,3610.0
1633,2015-10-19,25.38,38.99,88.18,462.96,1.73,3390.0
1634,2015-10-16,25.37,11.0,88.21,475.5,1.73,3850.0
1635,2015-10-15,25.43,24.2,88.01,747.79,1.73,7220.0
1636,2015-10-14,25.1,18.93,87.19,1140.0,1.68,12870.0
1637,2015-10-13,24.36,39.9,84.13,479.37,1.51,5830.0
1638,2015-10-12,24.56,10.94,85.18,660.77,1.57,3470.0
1639,2015-10-09,24.54,14.29,85.18,463.62,1.56,9640.0
1640,2015-10-08,24.75,4.13,85.71,613.47,1.6,10490.0
1641,2015-10-07,24.66,20.6,85.15,664.69,1.58,13090.0
1642,2015-10-06,24.3,4.84,84.04,1040.0,1.51,10020.0
1643,2015-10-05,24.16,10.82,83.77,836.14,1.49,11210.0
1644,2015-10-02,23.73,4.49,82.17,681.87,1.41,11040.0
1645,2015-10-01,23.25,1.22,80.49,701.68,1.33,11290.0
1646,2015-09-30,23.56,5.96,81.46,462.17,1.37,11170.0
1647,2015-09-29,22.85,16.43,78.42,426.6,1.24,8580.0
1648,2015-09-28,22.71,6.63,77.9,1900.0,1.21,19650.0
1649,2015-09-25,23.1,9.44,80.12,588.31,1.32,14330.0
1650,2015-09-24,22.8,6.64,80.13,1380.0,1.3,11690.0
1651,2015-09-23,22.97,18.31,80.29,479.31,1.3,5460.0
1652,2015-09-22,23.14,14.67,80.89,946.92,1.33,10620.0
1653,2015-09-21,23.63,30.1,82.71,685.2,1.43,7870.0
1654,2015-09-18,23.76,11.91,82.96,613.53,1.44,9000.0
1655,2015-09-17,24.29,16.88,84.43,652.08,1.52,10000.0
1656,2015-09-16,24.28,25.8,85.11,475.69,1.56,6330.0
1657,2015-09-15,24.25,27.18,84.93,413.17,1.55,5130.0
1658,2015-09-14,23.97,16.59,83.86,530.97,1.5,5240.0
1659,2015-09-11,23.95,15.75,83.67,633.66,1.48,6460.0
1660,2015-09-10,23.97,84.16,83.62,569.21,1.48,8350.0
1661,2015-09-09,24.25,7.21,83.25,866.58,1.46,17730.0
1662,2015-09-08,24.36,20.26,84.81,750.8,1.54,11440.0
1663,2015-09-04,23.59,11.61,81.21,332.68,1.36,7770.0
1664,2015-09-03,24.0,32.95,82.64,317.48,1.44,7800.0
1665,2015-09-02,23.67,9.24,82.0,482.37,1.41,5200.0
1666,2015-09-01,23.27,15.76,80.09,680.01,1.32,13610.0
1667,2015-08-31,24.07,10.2,83.02,548.01,1.47,9830.0
1668,2015-08-28,24.19,33.09,83.25,685.4,1.49,10720.0
1669,2015-08-27,23.91,31.05,82.77,1300.0,1.46,24170.0
1670,2015-08-26,23.23,42.84,79.8,1130.0,1.31,21190.0
1671,2015-08-25,22.27,42.15,76.01,916.48,1.14,14110.0
1672,2015-08-24,22.47,89.82,76.77,1790.0,1.18,29240.0
1673,2015-08-21,22.98,86.17,78.53,1380.0,1.28,12130.0
1674,2015-08-20,23.43,52.31,80.74,892.46,1.37,13960.0
1675,2015-08-19,24.39,41.13,83.89,487.02,1.55,7710.0
1676,2015-08-18,24.43,28.51,84.65,407.2,1.59,8850.0
1677,2015-08-17,25.08,16.19,86.28,264.78,1.7,4460.0
1678,2015-08-14,24.91,50.11,85.55,410.51,1.65,5600.0
1679,2015-08-13,24.97,18.12,86.26,301.11,1.68,7280.0
1680,2015-08-12,25.18,47.83,86.96,855.16,1.73,9520.0
1681,2015-08-11,25.14,16.93,86.46,722.02,1.7,7210.0
1682,2015-08-10,25.76,12.25,88.45,479.71,1.82,8170.0
1683,2015-08-07,25.19,13.01,86.31,315.64,1.7,6250.0
1684,2015-08-06,24.95,19.87,85.82,983.49,1.67,7930.0
1685,2015-08-05,25.2,35.73,87.38,477.06,1.76,7600.0
1686,2015-08-04,24.78,39.73,86.29,926.74,1.7,6420.0
1687,2015-08-03,25.0,189.42,87.26,367.34,1.76,3810.0
1688,2015-07-31,25.21,35.71,87.54,563.58,1.77,5570.0
1689,2015-07-30,25.42,19.74,88.57,1130.0,1.84,5060.0
1690,2015-07-29,25.25,26.21,88.22,467.85,1.82,9060.0
1691,2015-07-28,25.15,222.91,88.11,717.26,1.81,12340.0
1692,2015-07-27,24.72,40.29,86.31,523.04,1.7,9580.0
1693,2015-07-24,25.01,25.7,86.95,707.62,1.74,7170.0
1694,2015-07-23,25.54,23.19,88.73,379.85,1.86,8220.0
1695,2015-07-22,25.16,26.96,87.43,1170.0,1.78,14970.0
1696,2015-07-21,25.8,20.0,89.66,226.23,1.92,6830.0
1697,2015-07-20,25.7,34.58,89.64,365.58,1.91,4540.0
1698,2015-07-17,25.94,22.13,90.26,514.04,1.95,5380.0
1699,2015-07-16,25.94,69.21,90.45,552.51,1.97,9610.0
1700,2015-07-15,25.99,25.07,90.28,358.34,1.96,8320.0
1701,2015-07-14,26.24,28.45,90.82,337.12,2.0,5850.0
1702,2015-07-13,25.83,32.57,89.88,367.9,1.93,7370.0
1703,2015-07-10,25.63,60.5,89.13,497.43,1.89,10770.0
1704,2015-07-09,25.22,19.04,87.51,1260.0,1.79,11640.0
1705,2015-07-08,25.64,55.07,88.64,664.51,1.88,7170.0
1706,2015-07-07,26.21,67.11,91.1,964.45,2.02,8450.0
1707,2015-07-06,26.34,135.73,91.39,1020.0,2.05,8160.0
1708,2015-07-02,26.8,33.63,92.74,334.07,2.14,3390.0
1709,2015-07-01,26.7,37.17,92.31,480.78,2.11,10520.0
1710,2015-06-30,26.8,25.7,92.09,1460.0,2.09,11800.0
1711,2015-06-29,26.67,45.5,91.76,524.14,2.07,11570.0
1712,2015-06-26,27.43,61.74,94.41,608.86,2.26,10180.0
1713,2015-06-25,28.21,20.27,96.82,324.45,2.44,3020.0
1714,2015-06-24,28.12,17.81,96.89,247.44,2.45,4570.0
1715,2015-06-23,28.34,19.66,98.18,325.54,2.52,5640.0
1716,2015-06-22,28.44,28.13,98.67,299.87,2.57,4980.0
1717,2015-06-19,28.59,19.81,97.84,357.53,2.52,4380.0
1718,2015-06-18,28.72,75.1,98.33,265.6,2.54,7690.0
1719,2015-06-17,28.35,17.17,96.96,242.38,2.44,4080.0
1720,2015-06-16,28.2,11.91,96.88,226.4,2.43,3760.0
1721,2015-06-15,28.18,52.95,96.61,276.06,2.41,3540.0
1722,2015-06-12,28.25,33.92,96.81,218.98,2.42,3470.0
1723,2015-06-11,28.34,17.63,97.69,538.11,2.49,5120.0
1724,2015-06-10,28.45,35.67,97.72,436.25,2.49,8490.0
1725,2015-06-09,28.03,18.8,96.52,548.52,2.4,10440.0
1726,2015-06-08,27.98,24.58,96.58,455.9,2.42,10590.0
1727,2015-06-05,28.51,25.93,98.43,435.97,2.56,6300.0
1728,2015-06-04,28.46,31.45,98.42,595.75,2.55,8520.0
1729,2015-06-03,28.58,18.52,99.32,1200.0,2.62,4200.0
1730,2015-06-02,28.64,33.41,100.0,312.95,2.68,5440.0
1731,2015-06-01,29.03,109.43,101.13,438.63,2.77,6370.0
1732,2015-05-29,28.95,69.59,101.07,604.64,2.76,5220.0
1733,2015-05-28,28.87,26.51,100.69,408.6,2.74,6610.0
1734,2015-05-27,28.79,27.27,100.59,438.73,2.73,13920.0
1735,2015-05-26,27.68,25.59,96.79,261.83,2.44,4059.9999999999995
1736,2015-05-22,27.94,30.03,97.54,137.04,2.5,2570.0
1737,2015-05-21,27.77,24.75,97.34,153.43,2.48,2390.0
1738,2015-05-20,27.64,18.44,96.85,286.2,2.44,2920.0
1739,2015-05-19,27.54,55.39,96.64,152.38,2.43,6740.0
1740,2015-05-18,27.58,14.39,96.99,208.51,2.45,6350.0
1741,2015-05-15,27.25,32.7,96.05,126.4,2.39,4170.0
1742,2015-05-14,27.25,20.43,95.89,292.09,2.38,10310.0
1743,2015-05-13,26.85,16.44,94.76,131.3,2.29,5100.0
1744,2015-05-12,26.78,9.48,94.18,332.04,2.26,6730.0
1745,2015-05-11,26.99,24.57,95.04,164.99,2.31,7170.0
1746,2015-05-08,26.93,14.71,94.98,218.97,2.31,10140.0
1747,2015-05-07,26.69,35.73,94.04,309.5,2.25,7690.0
1748,2015-05-06,26.4,17.59,93.02,465.82,2.17,9010.0
1749,2015-05-05,26.41,10.13,93.13,249.35,2.18,11860.0
1750,2015-05-04,27.1,13.85,95.2,220.78,2.33,7010.0
1751,2015-05-01,27.03,15.69,95.39,507.93,2.34,17380.0
1752,2015-04-30,26.29,43.99,92.81,774.71,2.17,6360.0
1753,2015-04-29,26.65,27.5,93.62,261.46,2.23,7010.0
1754,2015-04-28,26.69,20.59,94.14,400.86,2.26,4690.0
1755,2015-04-27,26.6,62.95,94.05,198.36,2.26,8380.0
1756,2015-04-24,26.49,29.76,93.81,210.23,2.24,18210.0
1757,2015-04-23,27.16,27.24,95.38,196.35,2.35,11390.0
1758,2015-04-22,27.65,37.21,96.88,150.25,2.47,9700.0
1759,2015-04-21,27.46,16.38,95.53,151.5,2.37,6060.0
1760,2015-04-20,27.22,27.01,94.88,132.74,2.32,4410.0
1761,2015-04-17,26.88,49.96,94.08,165.9,2.26,9110.0
1762,2015-04-16,27.37,40.57,95.44,174.39,2.36,3700.0
1763,2015-04-15,27.4,33.33,95.85,148.08,2.4,8970.0
1764,2015-04-14,26.88,27.54,94.28,221.39,2.28,8010.0
1765,2015-04-13,27.25,18.0,95.25,145.54,2.35,7760.0
1766,2015-04-10,27.35,63.85,95.81,88.3,2.39,4250.0
1767,2015-04-09,27.23,13.7,95.43,199.21,2.37,7360.0
1768,2015-04-08,26.97,19.21,94.2,292.08,2.28,3950.0
1769,2015-04-07,26.75,20.92,93.65,347.87,2.24,5790.0
1770,2015-04-06,26.81,53.99,93.61,353.58,2.23,8510.0
1771,2015-04-02,26.73,66.28,93.2,214.6,2.2,10690.0
1772,2015-04-01,26.7,78.85,93.41,208.45,2.22,12370.0
1773,2015-03-31,27.0,45.92,94.02,136.34,2.27,6940.0
1774,2015-03-30,27.32,66.84,95.09,425.08,2.35,16770.0
1775,2015-03-27,26.85,31.43,93.89,388.52,2.26,16370.000000000002
1776,2015-03-26,26.15,60.89,91.3,473.52,2.08,24070.0
1777,2015-03-25,26.47,115.01,92.57,386.42,2.17,21060.0
1778,2015-03-24,27.79,21.42,97.34,193.38,2.52,6550.0
1779,2015-03-23,27.98,42.34,98.18,133.74,2.59,6320.0
1780,2015-03-20,28.21,74.34,99.0,154.15,2.66,6620.0
1781,2015-03-19,27.76,45.49,97.62,94.38,2.55,4700.0
1782,2015-03-18,27.46,240.86,97.4,155.46,2.53,8150.0
1783,2015-03-17,27.43,224.53,96.68,146.58,2.48,6150.0
1784,2015-03-16,27.62,556.93,97.39,219.19,2.53,6320.0
1785,2015-03-13,27.09,18.5,95.93,179.73,2.42,5980.0
1786,2015-03-12,27.06,50.04,95.29,391.08,2.37,5210.0
1787,2015-03-11,26.99,30.02,95.32,118.68,2.38,5810.0
1788,2015-03-10,26.91,24.89,95.11,383.51,2.36,10950.0
1789,2015-03-09,27.26,28.88,96.9,173.35,2.5,3820.0
1790,2015-03-06,27.09,38.73,96.6,214.24,2.48,6400.0
1791,2015-03-05,27.33,25.24,97.61,244.46,2.55,5170.0
1792,2015-03-04,27.42,37.16,97.55,189.92,2.55,7710.0
1793,2015-03-03,27.42,45.48,97.68,397.4,2.56,11420.0
1794,2015-03-02,27.9,63.49,99.52,288.59,2.71,10600.0
1795,2015-02-27,26.99,31.32,96.86,116.73,2.5,4230.0
1796,2015-02-26,27.01,21.48,97.15,98.55,2.52,6090.0
1797,2015-02-25,26.85,31.73,96.49,129.32,2.47,5770.0
1798,2015-02-24,27.11,54.73,96.99,280.8,2.51,8380.0
1799,2015-02-23,26.64,35.88,95.71,224.35,2.42,5010.0
1800,2015-02-20,26.72,47.95,96.31,634.28,2.47,6200.0
1801,2015-02-19,26.63,14.19,95.74,217.21,2.42,5130.0
1802,2015-02-18,26.43,18.02,95.48,152.86,2.4,5650.0
1803,2015-02-17,26.37,21.04,95.73,797.78,2.42,5860.0
1804,2015-02-13,26.3,46.05,95.43,245.73,2.4,8970.0
1805,2015-02-12,26.48,59.41,94.76,311.84,2.35,8820.0
1806,2015-02-11,26.21,35.65,93.27,321.86,2.24,9230.0
1807,2015-02-10,26.09,20.79,92.97,419.73,2.22,10450.0
1808,2015-02-09,25.28,17.24,89.93,507.83,2.02,6340.0
1809,2015-02-06,25.52,36.54,90.89,335.39,2.08,11220.0
1810,2015-02-05,25.47,173.59,91.39,233.03,2.12,6330.0
1811,2015-02-04,25.39,17.33,90.51,336.03,2.06,8950.0
1812,2015-02-03,25.31,7.82,90.17,210.36,2.03,10800.0
1813,2015-02-02,24.98,30.57,88.6,309.15,1.93,14560.0
1814,2015-01-30,24.93,17.45,88.37,485.42,1.91,10230.0
1815,2015-01-29,25.6,213.1,90.14,219.38,2.04,15470.0
1816,2015-01-28,25.28,18.17,90.08,315.29,2.03,13220.0
1817,2015-01-27,25.35,57.69,90.51,353.62,2.06,15490.0
1818,2015-01-26,25.63,18.86,92.15,117.92,2.19,6580.0
1819,2015-01-23,25.55,85.85,91.98,188.24,2.17,9590.0
1820,2015-01-22,25.53,18.89,92.22,457.1,2.19,12340.0
1821,2015-01-21,25.26,56.59,91.67,144.54,2.15,9640.0
1822,2015-01-20,25.03,29.96,90.64,131.8,2.08,9440.0
1823,2015-01-16,24.74,13.43,89.71,292.27,2.01,8620.0
1824,2015-01-15,24.28,27.74,88.74,221.01,1.95,6770.0
1825,2015-01-14,24.64,42.87,89.45,413.86,2.0,9330.0
1826,2015-01-13,24.83,42.08,89.96,173.58,2.03,12710.0
1827,2015-01-12,25.05,42.53,90.85,190.79,2.09,10960.0
1828,2015-01-09,25.4,24.71,92.63,140.31,2.22,11070.0
1829,2015-01-08,25.26,94.51,92.58,211.0,2.22,13880.0
1830,2015-01-07,24.54,24.48,89.91,240.42,2.04,8580.0
1831,2015-01-06,24.2,74.81,89.03,374.62,1.98,13380.0
1832,2015-01-05,24.87,78.28,91.06,206.48,2.12,12650.0
1833,2015-01-02,25.38,50.19,92.81,221.02,2.25,15980.0
1834,2016-02-27,,,84.75,294.99,,
1835,2020-08-22,,,,,245.89,
