,date,oli_price,oli_price_volatility,carbon_credits,carbon_credits_volatility
0,2022-03-07,124.26,-2.17,,
1,2022-03-06,127.02,9.8,,
2,2022-03-04,115.68,7.44,65.8,-1.81
3,2022-03-03,107.67,-2.65,67.01,-1.05
4,2022-03-02,110.6,6.95,67.72,-2.9
5,2022-03-01,103.41,8.03,69.74,-15.62
6,2022-02-28,95.72,4.51,82.65,-5.83
7,2022-02-25,91.59,-1.31,87.77,0.64
8,2022-02-24,92.81,0.77,87.21,-7.95
9,2022-02-23,92.1,-0.27,94.74,5.69
10,2022-02-22,92.35,-0.32,89.64,0.28
11,2022-02-21,92.65,1.12,89.39,0.36
12,2022-02-20,91.62,0.6,,
13,2022-02-18,91.07,-0.75,89.07,3.05
14,2022-02-17,91.76,-2.03,86.43,-3.73
15,2022-02-16,93.66,1.73,89.78,-0.59
16,2022-02-15,92.07,-3.55,90.31,-1.84
17,2022-02-14,95.46,2.53,92.0,-0.73
18,2022-02-11,93.1,3.58,92.68,1.63
19,2022-02-10,89.88,0.25,91.19,-0.71
20,2022-02-09,89.66,0.34,91.84,-4.14
21,2022-02-08,89.36,-2.15,95.81,-0.5
22,2022-02-07,91.32,-1.07,96.29,-0.15
23,2022-02-04,92.31,2.26,96.43,2.05
24,2022-02-03,90.27,2.28,94.49,0.12
25,2022-02-02,88.26,0.07,94.38,4.95
26,2022-02-01,88.2,0.06,89.93,0.23
27,2022-01-31,88.15,1.53,89.72,0.37
28,2022-01-28,86.82,0.24,89.39,-0.01
29,2022-01-27,86.61,-0.85,89.4,0.66
30,2022-01-26,87.35,2.04,88.81,1.61
31,2022-01-25,85.6,2.75,87.4,4.56
32,2022-01-24,83.31,-2.15,83.59,-1.1
33,2022-01-21,85.14,-2.03,84.52,-1.39
34,2022-01-20,86.9,-0.07,85.71,4.91
35,2022-01-19,86.96,1.79,81.7,-1.41
36,2022-01-18,85.43,2.08,82.87,3.45
37,2022-01-17,83.69,-0.17,80.11,-2.78
38,2022-01-16,83.83,0.01,,
39,2022-01-14,83.82,2.07,82.4,1.35
40,2022-01-13,82.12,-0.63,81.3,0.98
41,2022-01-12,82.64,1.75,80.51,-2.08
42,2022-01-11,81.22,3.82,82.22,0.81
43,2022-01-10,78.23,-0.85,81.56,-4.61
44,2022-01-07,78.9,-0.7,85.5,-1.94
45,2022-01-06,79.46,2.07,87.19,-0.92
46,2022-01-05,77.85,1.12,88.0,2.09
47,2022-01-04,76.99,1.2,86.2,2.85
48,2022-01-03,76.08,1.16,83.81,3.6
49,2021-12-31,75.21,-2.31,80.9,1.06
50,2021-12-30,76.99,0.56,80.05,-0.24
51,2021-12-29,76.56,0.76,80.24,1.39
52,2021-12-28,75.98,0.54,79.14,3.02
53,2021-12-27,75.57,2.41,76.82,1.27
54,2021-12-23,73.79,1.42,74.86,-3.43
55,2021-12-22,72.76,2.31,77.52,-2.02
56,2021-12-21,71.12,4.24,79.12,-0.9
57,2021-12-20,68.23,-3.71,79.84,8.4
58,2021-12-17,70.86,-2.1,73.65,-12.69
59,2021-12-16,72.38,2.13,84.35,5.16
60,2021-12-15,70.87,0.2,80.21,0.33
61,2021-12-14,70.73,-0.79,79.95,-2.26
62,2021-12-13,71.29,-0.53,81.8,-1.73
63,2021-12-10,71.67,1.03,83.24,3.28
64,2021-12-09,70.94,-1.96,80.6,-10.04
65,2021-12-08,72.36,0.43,89.6,4.91
66,2021-12-07,72.05,3.68,85.41,4.61
67,2021-12-06,69.49,4.87,81.65,3.68
68,2021-12-03,66.26,-0.36,78.75,-1.54
69,2021-12-02,66.5,1.42,79.98,4.32
70,2021-12-01,65.57,-0.92,76.67,1.87
71,2021-11-30,66.18,-5.39,75.26,1.63
72,2021-11-29,69.95,2.64,74.05,1.79
73,2021-11-26,68.15,-11.96,72.75,-3.0
74,2021-11-25,77.41,-1.25,75.0,2.71
75,2021-11-24,78.39,-0.14,73.02,5.32
76,2021-11-23,78.5,2.28,69.33,-0.53
77,2021-11-22,76.75,0.85,69.7,-0.07
78,2021-11-19,76.1,-3.68,69.75,1.56
79,2021-11-18,79.01,0.83,68.68,2.26
80,2021-11-17,78.36,-2.97,67.16,-0.9
81,2021-11-16,80.76,-0.15,67.77,1.54
82,2021-11-15,80.88,0.11,66.74,5.35
83,2021-11-12,80.79,-0.98,63.35,-0.46
84,2021-11-11,81.59,0.31,63.64,1.13
85,2021-11-10,81.34,-3.34,62.93,4.33
86,2021-11-09,84.15,2.71,60.32,-0.58
87,2021-11-08,81.93,0.81,60.67,1.8
88,2021-11-05,81.27,3.12,59.6,-0.6
89,2021-11-04,78.81,-2.54,59.96,0.35
90,2021-11-03,80.86,-3.63,59.75,0.49
91,2021-11-02,83.91,-0.17,59.46,4.5
92,2021-11-01,84.05,0.57,56.9,-3.12
93,2021-10-29,83.57,0.92,58.73,0.03
94,2021-10-28,82.81,0.18,58.71,-1.92
95,2021-10-27,82.66,-2.35,59.86,0.12
96,2021-10-26,84.65,1.06,59.79,0.72
97,2021-10-25,83.76,0.0,59.36,0.61
98,2021-10-22,83.76,1.53,59.0,1.51
99,2021-10-21,82.5,-1.63,58.12,0.8
100,2021-10-20,83.87,1.1,57.66,4.44
101,2021-10-19,82.96,0.63,55.21,-3.83
102,2021-10-18,82.44,0.19,57.41,-1.66
103,2021-10-15,82.28,1.19,58.38,-4.87
104,2021-10-14,81.31,1.08,61.37,3.68
105,2021-10-13,80.44,-0.25,59.19,-0.1
106,2021-10-12,80.64,0.15,59.25,0.19
107,2021-10-11,80.52,1.47,59.14,1.9
108,2021-10-08,79.35,1.34,58.04,-3.91
109,2021-10-07,78.3,1.12,60.4,0.75
110,2021-10-06,77.43,-1.9,59.95,-6.74
111,2021-10-05,78.93,1.69,64.28,1.16
112,2021-10-04,77.62,2.29,63.54,1.29
113,2021-10-01,75.88,1.13,62.73,1.59
114,2021-09-30,75.03,0.27,61.75,-1.36
115,2021-09-29,74.83,-0.61,62.6,0.82
116,2021-09-28,75.29,-0.21,62.09,-4.02
117,2021-09-27,75.45,1.99,64.69,1.47
118,2021-09-24,73.98,0.93,63.75,5.16
119,2021-09-23,73.3,1.48,60.62,0.1
120,2021-09-22,72.23,2.37,60.56,0.63
121,2021-09-21,70.56,0.38,60.18,-0.45
122,2021-09-20,70.29,-2.33,60.45,1.6
123,2021-09-17,71.97,-0.88,59.5,0.61
124,2021-09-16,72.61,0.0,59.14,-0.49
125,2021-09-15,72.61,3.05,59.43,-0.7
126,2021-09-14,70.46,0.01,59.85,-2.68
127,2021-09-13,70.45,1.05,61.5,0.34
128,2021-09-10,69.72,2.32,61.29,-2.36
129,2021-09-09,68.14,-1.67,62.77,-0.13
130,2021-09-08,69.3,1.39,62.85,1.09
131,2021-09-07,68.35,-0.65,62.17,-0.29
132,2021-09-06,68.8,0.07,62.35,1.1
133,2021-09-05,68.75,-0.78,,
134,2021-09-03,69.29,-1.0,61.67,0.44
135,2021-09-02,69.99,2.04,61.4,2.33
136,2021-09-01,68.59,0.13,60.0,-0.84
137,2021-08-31,68.5,-1.03,60.51,-0.15
138,2021-08-30,69.21,0.68,60.6,1.17
139,2021-08-27,68.74,1.96,59.9,5.31
140,2021-08-26,67.42,-1.38,56.88,0.62
141,2021-08-25,68.36,1.21,56.53,-0.46
142,2021-08-24,67.54,2.89,56.79,2.1
143,2021-08-23,65.64,5.33,55.62,2.7
144,2021-08-20,62.32,-2.15,54.16,0.48
145,2021-08-19,63.69,-2.7,53.9,-4.6
146,2021-08-18,65.46,-1.7,56.5,-0.91
147,2021-08-17,66.59,-1.04,57.02,-1.54
148,2021-08-16,67.29,-1.68,57.91,4.46
149,2021-08-13,68.44,-0.94,55.44,-1.07
150,2021-08-12,69.09,-0.23,56.04,-3.56
151,2021-08-11,69.25,1.41,58.11,1.64
152,2021-08-10,68.29,2.72,57.17,0.55
153,2021-08-09,66.48,-2.64,56.86,-0.14
154,2021-08-06,68.28,-1.17,56.94,1.35
155,2021-08-05,69.09,1.38,56.18,1.41
156,2021-08-04,68.15,-3.42,55.4,1.91
157,2021-08-03,70.56,-0.98,54.36,0.13
158,2021-08-02,71.26,-3.64,54.29,1.95
159,2021-07-30,73.95,0.45,53.25,-1.3
160,2021-07-29,73.62,1.7,53.95,0.28
161,2021-07-28,72.39,1.03,53.8,1.32
162,2021-07-27,71.65,-0.36,53.1,-0.09
163,2021-07-26,71.91,-0.22,53.15,4.32
164,2021-07-23,72.07,0.22,50.95,1.39
165,2021-07-22,71.91,2.29,50.25,-3.46
166,2021-07-21,70.3,4.27,52.05,1.17
167,2021-07-20,67.42,1.51,51.45,-2.0
168,2021-07-19,66.42,-7.51,52.5,-1.32
169,2021-07-16,71.81,0.22,53.2,0.7
170,2021-07-15,71.65,-2.02,52.83,0.82
171,2021-07-14,73.13,-2.82,52.4,-1.34
172,2021-07-13,75.25,1.55,53.11,2.47
173,2021-07-12,74.1,-0.62,51.83,-4.25
174,2021-07-09,74.56,2.22,54.13,2.52
175,2021-07-08,72.94,1.02,52.8,-0.26
176,2021-07-07,72.2,-1.59,52.94,-0.02
177,2021-07-06,73.37,-3.78,52.95,-8.55
178,2021-07-05,76.25,1.48,57.9,0.68
179,2021-07-04,75.14,-0.03,,
180,2021-07-02,75.16,-0.09,57.51,-0.93
181,2021-07-01,75.23,2.4,58.05,2.42
182,2021-06-30,73.47,0.67,56.68,2.35
183,2021-06-29,72.98,0.1,55.38,-0.18
184,2021-06-28,72.91,-1.54,55.48,0.45
185,2021-06-25,74.05,1.02,55.23,0.42
186,2021-06-24,73.3,0.3,55.0,0.95
187,2021-06-23,73.08,0.03,54.48,1.93
188,2021-06-22,73.06,-0.81,53.45,2.08
189,2021-06-21,73.66,2.82,52.36,0.69
190,2021-06-18,71.64,0.84,52.0,1.52
191,2021-06-17,71.04,-1.54,51.22,0.23
192,2021-06-16,72.15,0.04,51.1,-0.56
193,2021-06-15,72.12,1.75,51.39,-2.23
194,2021-06-14,70.88,-0.04,52.56,-0.27
195,2021-06-11,70.91,0.88,52.7,-0.19
196,2021-06-10,70.29,0.47,52.8,-0.79
197,2021-06-09,69.96,-0.13,53.22,2.01
198,2021-06-08,70.05,1.18,52.17,1.36
199,2021-06-07,69.23,-0.56,51.47,3.0
200,2021-06-04,69.62,1.18,49.97,-0.54
201,2021-06-03,68.81,-0.03,50.24,-2.26
202,2021-06-02,68.83,1.64,51.4,-1.93
203,2021-06-01,67.72,1.14,52.41,1.37
204,2021-05-31,66.96,0.56,51.7,1.31
205,2021-05-30,66.59,0.41,,
206,2021-05-28,66.32,-0.79,51.03,-1.56
207,2021-05-27,66.85,0.97,51.84,-3.41
208,2021-05-26,66.21,0.21,53.67,0.66
209,2021-05-25,66.07,0.03,53.32,1.04
210,2021-05-24,66.05,3.88,52.77,1.97
211,2021-05-21,63.58,2.47,51.75,-1.8
212,2021-05-20,62.05,-2.07,52.7,6.08
213,2021-05-19,63.36,-3.25,49.68,-6.39
214,2021-05-18,65.49,-1.18,53.07,-5.8
215,2021-05-17,66.27,1.38,56.34,-0.55
216,2021-05-14,65.37,2.43,56.65,3.96
217,2021-05-13,63.82,-3.42,54.49,-1.5
218,2021-05-12,66.08,1.23,55.32,4.3
219,2021-05-11,65.28,0.55,53.04,1.57
220,2021-05-10,64.92,0.03,52.22,3.51
221,2021-05-07,64.9,0.29,50.45,1.02
222,2021-05-06,64.71,-1.4,49.94,0.99
223,2021-05-05,65.63,-0.09,49.45,1.73
224,2021-05-04,65.69,1.86,48.61,-1.64
225,2021-05-03,64.49,1.43,49.42,1.19
226,2021-04-30,63.58,-2.2,48.84,1.71
227,2021-04-29,65.01,1.8,48.02,0.48
228,2021-04-28,63.86,1.46,47.79,1.04
229,2021-04-27,62.94,1.66,47.3,0.21
230,2021-04-26,61.91,-0.37,47.2,0.53
231,2021-04-23,62.14,1.16,46.95,-0.3
232,2021-04-22,61.43,0.13,47.09,2.57
233,2021-04-21,61.35,-1.75,45.91,2.27
234,2021-04-20,62.44,-1.48,44.89,1.22
235,2021-04-19,63.38,0.4,44.35,-0.16
236,2021-04-16,63.13,-0.52,44.42,0.59
237,2021-04-15,63.46,0.49,44.16,0.78
238,2021-04-14,63.15,4.94,43.82,-0.07
239,2021-04-13,60.18,0.8,43.85,-1.42
240,2021-04-12,59.7,0.64,44.48,1.92
241,2021-04-09,59.32,-0.47,43.64,0.37
242,2021-04-08,59.6,-0.28,43.48,-0.87
243,2021-04-07,59.77,0.74,43.86,-0.86
244,2021-04-06,59.33,1.16,44.24,4.17
245,2021-04-05,58.65,-4.56,,
246,2021-04-01,61.45,3.87,42.47,-0.19
247,2021-03-31,59.16,-2.3,42.55,1.19
248,2021-03-30,60.55,-1.64,42.05,0.48
249,2021-03-29,61.56,0.97,41.85,0.29
250,2021-03-26,60.97,4.12,41.73,3.42
251,2021-03-25,58.56,-4.28,40.35,-3.0
252,2021-03-24,61.18,5.92,41.6,0.41
253,2021-03-23,57.76,-6.16,41.43,-3.29
254,2021-03-22,61.55,0.21,42.84,2.07
255,2021-03-19,61.42,2.37,41.97,-1.01
256,2021-03-18,60.0,-7.12,42.4,-1.37
257,2021-03-17,64.6,-0.31,42.99,3.34
258,2021-03-16,64.8,-0.9,41.6,-1.86
259,2021-03-15,65.39,-0.34,42.39,-1.07
260,2021-03-12,65.61,-0.62,42.85,2.19
261,2021-03-11,66.02,2.45,41.93,0.94
262,2021-03-10,64.44,0.67,41.54,2.19
263,2021-03-09,64.01,-1.6,40.65,3.88
264,2021-03-08,65.05,-1.57,39.13,0.28
265,2021-03-05,66.09,3.54,39.02,2.25
266,2021-03-04,63.83,4.16,38.16,1.84
267,2021-03-03,61.28,2.56,37.47,-2.29
268,2021-03-02,59.75,-1.47,38.35,3.29
269,2021-03-01,60.64,-1.4,37.13,-0.4
270,2021-02-26,61.5,-3.2,37.28,-2.56
271,2021-02-25,63.53,0.49,38.26,-2.27
272,2021-02-24,63.22,2.51,39.15,1.24
273,2021-02-23,61.67,0.29,38.67,1.87
274,2021-02-22,61.49,3.8,37.96,1.5
275,2021-02-19,59.24,-2.12,37.4,-2.4
276,2021-02-18,60.52,-1.01,38.32,0.6
277,2021-02-17,61.14,1.82,38.09,-1.98
278,2021-02-16,60.05,-0.07,38.86,-1.67
279,2021-02-15,60.09,-0.46,39.52,-1.25
280,2021-02-14,60.37,1.51,,
281,2021-02-12,59.47,2.11,40.02,3.25
282,2021-02-11,58.24,-0.75,38.76,-1.45
283,2021-02-10,58.68,0.55,39.33,2.8
284,2021-02-09,58.36,0.67,38.26,-0.91
285,2021-02-08,57.97,1.97,38.61,1.07
286,2021-02-05,56.85,1.1,38.2,2.5
287,2021-02-04,56.23,0.97,37.27,-0.43
288,2021-02-03,55.69,1.7,37.43,7.03
289,2021-02-02,54.76,2.26,34.97,6.45
290,2021-02-01,53.55,2.59,32.85,-0.3
291,2021-01-29,52.2,-0.27,32.95,-2.95
292,2021-01-28,52.34,-0.96,33.95,2.01
293,2021-01-27,52.85,0.46,33.28,-0.21
294,2021-01-26,52.61,-0.3,33.35,0.57
295,2021-01-25,52.77,0.96,33.16,-3.15
296,2021-01-22,52.27,-1.62,34.24,0.38
297,2021-01-21,53.13,-0.21,34.11,3.65
298,2021-01-20,53.24,0.49,32.91,-0.54
299,2021-01-19,52.98,1.18,33.09,4.65
300,2021-01-18,52.36,0.31,31.62,-0.38
301,2021-01-17,52.2,-0.31,,
302,2021-01-15,52.36,-2.26,31.74,-5.34
303,2021-01-14,53.57,1.25,33.53,-0.36
304,2021-01-13,52.91,-0.56,33.65,-2.91
305,2021-01-12,53.21,1.84,34.66,0.38
306,2021-01-11,52.25,0.02,34.53,-1.12
307,2021-01-08,52.24,2.77,34.92,0.46
308,2021-01-07,50.83,0.4,34.76,3.36
309,2021-01-06,50.63,1.4,33.63,2.03
310,2021-01-05,49.93,4.85,32.96,-2.17
311,2021-01-04,47.62,-1.85,33.69,2.96
312,2020-12-31,48.52,0.25,32.72,1.65
313,2020-12-30,48.4,0.83,32.19,-2.51
314,2020-12-29,48.0,0.8,33.02,-1.26
315,2020-12-28,47.62,-1.26,33.44,3.88
316,2020-12-24,48.23,0.23,32.19,0.85
317,2020-12-23,48.12,2.34,31.92,2.47
318,2020-12-22,47.02,-1.51,31.15,0.84
319,2020-12-21,47.74,-2.77,30.89,-0.68
320,2020-12-18,49.1,1.53,31.1,-2.69
321,2020-12-17,48.36,1.13,31.96,0.57
322,2020-12-16,47.82,0.42,31.78,-1.24
323,2020-12-15,47.62,1.34,32.18,3.77
324,2020-12-14,46.99,0.9,31.01,0.91
325,2020-12-11,46.57,-0.45,30.73,-1.25
326,2020-12-10,46.78,2.77,31.12,4.05
327,2020-12-09,45.52,-0.18,29.91,0.47
328,2020-12-08,45.6,-0.35,29.77,-0.17
329,2020-12-07,45.76,-1.08,29.82,-1.62
330,2020-12-04,46.26,1.36,30.31,3.8
331,2020-12-03,45.64,0.8,29.2,-1.85
332,2020-12-02,45.28,1.64,29.75,2.34
333,2020-12-01,44.55,-1.74,29.07,-0.92
334,2020-11-30,45.34,-0.42,29.34,3.57
335,2020-11-27,45.53,1.22,28.33,0.14
336,2020-11-26,44.98,-1.6,28.29,1.8
337,2020-11-25,45.71,1.78,27.79,0.0
338,2020-11-24,44.91,4.3,27.79,1.39
339,2020-11-23,43.06,2.16,27.41,1.93
340,2020-11-20,42.15,0.98,26.89,1.51
341,2020-11-19,41.74,-0.19,26.49,-3.07
342,2020-11-18,41.82,0.94,27.33,2.09
343,2020-11-17,41.43,0.22,26.77,-2.73
344,2020-11-16,41.34,3.02,27.52,4.2
345,2020-11-13,40.13,-2.41,26.41,1.38
346,2020-11-12,41.12,-0.8,26.05,-0.8
347,2020-11-11,41.45,0.22,26.26,-0.42
348,2020-11-10,41.36,2.66,26.37,-1.2
349,2020-11-09,40.29,8.48,26.69,4.42
350,2020-11-06,37.14,-4.25,25.56,-2.22
351,2020-11-05,38.79,-0.92,26.14,3.44
352,2020-11-04,39.15,3.96,25.27,2.93
353,2020-11-03,37.66,2.31,24.55,2.98
354,2020-11-02,36.81,2.85,23.84,-0.17
355,2020-10-30,35.79,-1.05,23.88,0.17
356,2020-10-29,36.17,-3.26,23.84,2.71
357,2020-10-28,37.39,-5.51,23.21,-4.25
358,2020-10-27,39.57,2.62,24.24,0.83
359,2020-10-26,38.56,-3.24,24.04,-6.35
360,2020-10-23,39.85,-1.94,25.67,5.33
361,2020-10-22,40.64,1.52,24.37,2.57
362,2020-10-21,40.03,-3.45,23.76,-3.41
363,2020-10-20,41.46,1.54,24.6,-2.26
364,2020-10-19,40.83,-0.12,25.17,0.4
365,2020-10-16,40.88,-0.2,25.07,-0.36
366,2020-10-15,40.96,-0.19,25.16,-3.01
367,2020-10-14,41.04,2.09,25.94,2.09
368,2020-10-13,40.2,1.95,25.41,-2.53
369,2020-10-12,39.43,-2.88,26.07,0.62
370,2020-10-09,40.6,-1.43,25.91,-2.37
371,2020-10-08,41.19,3.1,26.54,-2.07
372,2020-10-07,39.95,-1.77,27.1,0.37
373,2020-10-06,40.67,3.7,27.0,-0.55
374,2020-10-05,39.22,5.86,27.15,-0.33
375,2020-10-02,37.05,-4.31,27.24,1.95
376,2020-10-01,38.72,-3.73,26.72,-1.55
377,2020-09-30,40.22,2.37,27.14,0.52
378,2020-09-29,39.29,-3.23,27.0,-3.3
379,2020-09-28,40.6,0.87,27.92,5.84
380,2020-09-25,40.25,-0.15,26.38,-2.33
381,2020-09-24,40.31,0.95,27.01,1.05
382,2020-09-23,39.93,0.83,26.73,-4.81
383,2020-09-22,39.6,0.74,28.08,5.33
384,2020-09-21,39.31,-4.38,26.66,-5.7
385,2020-09-18,41.11,0.34,28.27,-1.57
386,2020-09-17,40.97,2.02,28.72,-5.15
387,2020-09-16,40.16,4.91,30.28,0.6
388,2020-09-15,38.28,2.74,30.1,-2.18
389,2020-09-14,37.26,-0.19,30.77,7.74
390,2020-09-11,37.33,0.08,28.56,-0.59
391,2020-09-10,37.3,-1.97,28.73,4.4
392,2020-09-09,38.05,3.51,27.52,1.44
393,2020-09-08,36.76,-6.22,27.13,-0.95
394,2020-09-07,39.2,1.16,27.39,-1.12
395,2020-09-06,38.75,-2.56,,
396,2020-09-04,39.77,-3.87,27.7,-4.75
397,2020-09-03,41.37,-0.34,29.08,1.75
398,2020-09-02,41.51,-2.92,28.58,1.71
399,2020-09-01,42.76,0.35,28.1,-3.17
400,2020-08-31,42.61,-0.84,29.02,-2.88
401,2020-08-28,42.97,-0.16,29.88,4.0
402,2020-08-27,43.04,-0.81,28.73,-0.83
403,2020-08-26,43.39,0.09,28.97,0.03
404,2020-08-25,43.35,1.71,28.96,4.1
405,2020-08-24,42.62,0.66,27.82,7.08
406,2020-08-21,42.34,-0.56,25.98,-0.99
407,2020-08-20,42.58,-0.82,26.24,-1.24
408,2020-08-19,42.93,0.09,26.57,-1.19
409,2020-08-18,42.89,0.0,26.89,0.94
410,2020-08-17,42.89,2.09,26.64,3.14
411,2020-08-14,42.01,-0.54,25.83,0.19
412,2020-08-13,42.24,-1.01,25.78,-2.05
413,2020-08-12,42.67,2.55,26.32,-0.79
414,2020-08-11,41.61,-0.79,26.53,-1.92
415,2020-08-10,41.94,1.75,27.05,1.05
416,2020-08-07,41.22,-1.74,26.77,0.11
417,2020-08-06,41.95,-0.57,26.74,-1.36
418,2020-08-05,42.19,1.18,27.11,-0.22
419,2020-08-04,41.7,1.68,27.17,2.61
420,2020-08-03,41.01,1.84,26.48,-0.6
421,2020-07-31,40.27,0.88,26.64,2.86
422,2020-07-30,39.92,-3.27,25.9,-2.45
423,2020-07-29,41.27,0.56,26.55,1.69
424,2020-07-28,41.04,-1.35,26.11,2.88
425,2020-07-27,41.6,0.75,25.38,-5.12
426,2020-07-24,41.29,0.54,26.75,-3.46
427,2020-07-23,41.07,-1.98,27.71,2.59
428,2020-07-22,41.9,-0.14,27.01,0.07
429,2020-07-21,41.96,2.82,26.99,1.54
430,2020-07-20,40.81,0.54,26.58,-5.81
431,2020-07-17,40.59,-0.39,28.22,4.21
432,2020-07-16,40.75,-1.09,27.08,-7.29
433,2020-07-15,41.2,2.26,29.21,-2.63
434,2020-07-14,40.29,0.47,30.0,1.08
435,2020-07-13,40.1,-1.11,29.68,1.16
436,2020-07-10,40.55,2.35,29.34,1.45
437,2020-07-09,39.62,-3.13,28.92,-2.4
438,2020-07-08,40.9,0.69,29.63,-0.24
439,2020-07-07,40.62,-0.02,29.7,-1.03
440,2020-07-06,40.63,0.87,30.01,6.38
441,2020-07-03,40.28,-0.91,28.21,1.99
442,2020-07-02,40.65,2.08,27.66,-1.25
443,2020-07-01,39.82,1.4,28.01,2.71
444,2020-06-30,39.27,-1.08,27.27,1.22
445,2020-06-29,39.7,3.14,26.94,7.54
446,2020-06-26,38.49,-0.59,25.05,-1.76
447,2020-06-25,38.72,1.87,25.5,-0.86
448,2020-06-24,38.01,-5.85,25.72,-0.04
449,2020-06-23,40.37,-0.22,25.73,3.5
450,2020-06-22,40.46,1.79,24.86,1.51
451,2020-06-19,39.75,2.34,24.49,-1.25
452,2020-06-18,38.84,2.32,24.8,7.36
453,2020-06-17,37.96,-1.09,23.1,-0.13
454,2020-06-16,38.38,3.39,23.13,2.75
455,2020-06-15,37.12,2.37,22.51,0.72
456,2020-06-12,36.26,-0.22,22.35,-1.15
457,2020-06-11,36.34,-8.23,22.61,-2.75
458,2020-06-10,39.6,1.69,23.25,1.88
459,2020-06-09,38.94,1.96,22.82,-1.0
460,2020-06-08,38.19,-3.44,23.05,-2.29
461,2020-06-05,39.55,5.72,23.59,4.57
462,2020-06-04,37.41,0.32,22.56,0.58
463,2020-06-03,37.29,1.3,22.43,0.04
464,2020-06-02,36.81,3.87,22.42,5.11
465,2020-06-01,35.44,-0.14,21.33,-1.98
466,2020-05-29,35.49,5.28,21.76,0.65
467,2020-05-28,33.71,2.74,21.62,-0.37
468,2020-05-27,32.81,-4.48,21.7,-1.23
469,2020-05-26,34.35,1.27,21.97,0.05
470,2020-05-25,33.92,3.1,21.96,0.87
471,2020-05-24,32.9,-1.05,,
472,2020-05-22,33.25,-1.98,21.77,1.02
473,2020-05-21,33.92,1.28,21.55,-0.37
474,2020-05-20,33.49,3.05,21.63,6.39
475,2020-05-19,32.5,2.14,20.33,-1.83
476,2020-05-18,31.82,8.12,20.71,5.99
477,2020-05-15,29.43,6.79,19.54,1.77
478,2020-05-14,27.56,8.98,19.2,0.84
479,2020-05-13,25.29,-1.9,19.04,0.79
480,2020-05-12,25.78,6.79,18.89,-2.83
481,2020-05-11,24.14,-2.43,19.44,-1.47
482,2020-05-08,24.74,5.05,19.73,-0.9
483,2020-05-07,23.55,-1.83,19.91,2.73
484,2020-05-06,23.99,-2.32,19.38,-0.41
485,2020-05-05,24.56,20.45,19.46,-1.32
486,2020-05-04,20.39,3.08,19.72,1.96
487,2020-05-01,19.78,4.99,19.34,-3.01
488,2020-04-30,18.84,25.1,19.94,-3.06
489,2020-04-29,15.06,22.04,20.57,-0.1
490,2020-04-28,12.34,-3.44,20.59,-0.34
491,2020-04-27,12.78,-24.56,20.66,-2.18
492,2020-04-24,16.94,2.67,21.12,-1.35
493,2020-04-23,16.5,19.74,21.41,1.76
494,2020-04-22,13.78,37.66,21.04,4.0
495,2020-04-21,10.01,-126.6,20.23,-7.03
496,2020-04-20,-37.63,-305.97,21.76,-1.45
497,2020-04-17,18.27,-8.05,22.08,3.61
498,2020-04-16,19.87,0.0,21.31,8.5
499,2020-04-15,19.87,-1.19,19.64,-2.68
500,2020-04-14,20.11,-10.26,20.18,-5.96
501,2020-04-13,22.41,-1.54,,
502,2020-04-09,22.76,-9.29,21.46,-0.33
503,2020-04-08,25.09,6.18,21.53,3.06
504,2020-04-07,23.63,-9.39,20.89,0.58
505,2020-04-06,26.08,-7.97,20.77,13.31
506,2020-04-03,28.34,11.93,18.33,-0.49
507,2020-04-02,25.32,24.67,18.42,5.68
508,2020-04-01,20.31,-0.83,17.43,-3.33
509,2020-03-31,20.48,1.94,18.03,3.56
510,2020-03-30,20.09,-6.6,17.41,4.0
511,2020-03-27,21.51,-4.82,16.74,-5.42
512,2020-03-26,22.6,-7.72,17.7,-0.9
513,2020-03-25,24.49,2.0,17.86,4.38
514,2020-03-24,24.01,2.78,17.11,7.75
515,2020-03-23,23.36,4.15,15.88,-3.41
516,2020-03-20,22.43,-11.06,16.44,-1.91
517,2020-03-19,25.22,23.81,16.76,6.68
518,2020-03-18,20.37,-24.42,15.71,-15.94
519,2020-03-17,26.95,-6.1,18.69,-5.22
520,2020-03-16,28.7,-9.55,19.72,-10.93
521,2020-03-13,31.73,0.73,22.14,-2.55
522,2020-03-12,31.5,-4.49,22.72,-5.73
523,2020-03-11,32.98,-4.02,24.1,-0.74
524,2020-03-10,34.36,10.38,24.28,3.5
525,2020-03-09,31.13,-24.59,23.46,-0.59
526,2020-03-06,41.28,-10.07,23.6,-1.63
527,2020-03-05,45.9,-1.88,23.99,-0.12
528,2020-03-04,46.78,-0.85,24.02,2.0
529,2020-03-03,47.18,0.92,23.55,-0.67
530,2020-03-02,46.75,4.45,23.71,-0.38
531,2020-02-28,44.76,-4.95,23.8,0.08
532,2020-02-27,47.09,-3.37,23.78,-2.74
533,2020-02-26,48.73,-2.34,24.45,0.29
534,2020-02-25,49.9,-2.97,24.38,-1.57
535,2020-02-24,51.43,-3.65,24.77,-3.99
536,2020-02-21,53.38,-0.74,25.8,-0.12
537,2020-02-20,53.78,0.92,25.83,-0.27
538,2020-02-19,53.29,2.38,25.9,2.25
539,2020-02-18,52.05,-0.29,25.33,0.36
540,2020-02-17,52.2,-0.31,25.24,3.1
541,2020-02-16,52.36,0.6,,
542,2020-02-14,52.05,1.23,24.48,-0.45
543,2020-02-13,51.42,0.49,24.59,2.16
544,2020-02-12,51.17,2.46,24.07,2.43
545,2020-02-11,49.94,0.75,23.5,0.69
546,2020-02-10,49.57,-1.49,23.34,-0.72
547,2020-02-07,50.32,-1.24,23.51,-0.97
548,2020-02-06,50.95,0.39,23.74,-0.88
549,2020-02-05,50.75,2.3,23.95,1.74
550,2020-02-04,49.61,-1.0,23.54,0.64
551,2020-02-03,50.11,-2.81,23.39,-2.78
552,2020-01-31,51.56,-1.11,24.06,0.63
553,2020-01-30,52.14,-2.23,23.91,-1.08
554,2020-01-29,53.33,-0.28,24.17,-2.62
555,2020-01-28,53.48,0.64,24.82,0.2
556,2020-01-27,53.14,-1.94,24.77,0.81
557,2020-01-24,54.19,-2.52,24.57,-1.33
558,2020-01-23,55.59,-2.03,24.9,-1.27
559,2020-01-22,56.74,-2.74,25.22,0.36
560,2020-01-21,58.34,-0.66,25.13,-0.99
561,2020-01-20,58.73,-0.91,25.38,-1.09
562,2020-01-19,59.27,1.25,,
563,2020-01-17,58.54,0.03,25.66,2.39
564,2020-01-16,58.52,1.23,25.06,1.33
565,2020-01-15,57.81,-0.72,24.73,2.78
566,2020-01-14,58.23,0.26,24.06,-1.19
567,2020-01-13,58.08,-1.63,24.35,-0.29
568,2020-01-10,59.04,-0.87,24.42,-1.85
569,2020-01-09,59.56,-0.08,24.88,2.47
570,2020-01-08,59.61,-4.93,24.28,-1.9
571,2020-01-07,62.7,-0.9,24.75,1.31
572,2020-01-06,63.27,0.35,24.43,-2.98
573,2020-01-03,63.05,3.06,25.18,2.44
574,2020-01-02,61.18,-0.24,24.58,-1.13
575,2020-01-01,61.33,0.44,,
576,2019-12-31,61.06,-1.01,24.86,-1.78
577,2019-12-30,61.68,-0.06,25.31,-6.02
578,2019-12-27,61.72,0.06,26.93,2.4
579,2019-12-26,61.68,0.8,26.3,0.0
580,2019-12-25,61.19,0.13,,
581,2019-12-24,61.11,0.97,26.3,-1.72
582,2019-12-23,60.52,0.13,26.76,-0.48
583,2019-12-20,60.44,-1.27,26.89,-0.63
584,2019-12-19,61.22,0.48,27.06,0.93
585,2019-12-18,60.93,-0.02,26.81,1.98
586,2019-12-17,60.94,1.21,26.29,4.33
587,2019-12-16,60.21,0.23,25.2,3.36
588,2019-12-13,60.07,1.5,24.38,-4.24
589,2019-12-12,59.18,0.71,25.46,2.41
590,2019-12-11,58.76,-0.81,24.86,-1.89
591,2019-12-10,59.24,0.37,25.34,-0.74
592,2019-12-09,59.02,-0.3,25.53,0.75
593,2019-12-06,59.2,1.32,25.34,1.0
594,2019-12-05,58.43,0.0,25.09,-0.2
595,2019-12-04,58.43,4.15,25.14,3.03
596,2019-12-03,56.1,0.25,24.4,-1.29
597,2019-12-02,55.96,1.43,24.72,-3.48
598,2019-11-29,55.17,-5.01,25.61,0.83
599,2019-11-28,58.08,-0.05,25.4,-0.43
600,2019-11-27,58.11,-0.51,25.51,2.95
601,2019-11-26,58.41,0.69,24.78,-0.2
602,2019-11-25,58.01,0.42,24.83,-0.56
603,2019-11-22,57.77,-1.38,24.97,2.67
604,2019-11-21,58.58,2.57,24.32,-0.37
605,2019-11-20,57.11,3.44,24.41,2.43
606,2019-11-19,55.21,-3.23,23.83,0.17
607,2019-11-18,57.05,-1.16,23.79,-1.82
608,2019-11-15,57.72,1.67,24.23,-0.41
609,2019-11-14,56.77,-0.61,24.33,-1.74
610,2019-11-13,57.12,0.56,24.76,1.1
611,2019-11-12,56.8,-0.11,24.49,-3.24
612,2019-11-11,56.86,-0.66,25.31,0.32
613,2019-11-08,57.24,0.16,25.23,-0.39
614,2019-11-07,57.15,1.42,25.33,0.56
615,2019-11-06,56.35,-1.54,25.19,-2.78
616,2019-11-05,57.23,1.22,25.91,-0.46
617,2019-11-04,56.54,0.6,26.03,1.28
618,2019-11-01,56.2,3.73,25.7,-1.27
619,2019-10-31,54.18,-1.6,26.03,-1.51
620,2019-10-30,55.06,-0.86,26.43,2.01
621,2019-10-29,55.54,-0.48,25.91,1.25
622,2019-10-28,55.81,-1.5,25.59,0.51
623,2019-10-25,56.66,0.76,25.46,-1.85
624,2019-10-24,56.23,0.46,25.94,2.73
625,2019-10-23,55.97,3.34,25.25,-3.52
626,2019-10-22,54.16,1.59,26.17,-1.1
627,2019-10-21,53.31,-0.87,26.46,0.11
628,2019-10-18,53.78,-0.28,26.43,-0.71
629,2019-10-17,53.93,1.07,26.62,-0.89
630,2019-10-16,53.36,1.04,26.86,2.25
631,2019-10-15,52.81,-1.46,26.27,6.4
632,2019-10-14,53.59,-2.03,24.69,-1.16
633,2019-10-11,54.7,2.15,24.98,4.96
634,2019-10-10,53.55,1.83,23.8,2.54
635,2019-10-09,52.59,-0.08,23.21,0.39
636,2019-10-08,52.63,-0.23,23.12,-3.59
637,2019-10-07,52.75,-0.11,23.98,1.91
638,2019-10-04,52.81,0.69,23.53,-1.13
639,2019-10-03,52.45,-0.36,23.8,-4.03
640,2019-10-02,52.64,-1.83,24.8,-3.31
641,2019-10-01,53.62,-0.83,25.65,1.14
642,2019-09-30,54.07,-3.29,25.36,-2.24
643,2019-09-27,55.91,-0.89,25.94,-1.33
644,2019-09-26,56.41,-0.14,26.29,1.66
645,2019-09-25,56.49,-1.4,25.86,-1.18
646,2019-09-24,57.29,-2.3,26.17,-0.98
647,2019-09-23,58.64,0.95,26.43,-2.76
648,2019-09-20,58.09,-0.07,27.18,2.26
649,2019-09-19,58.13,0.03,26.58,1.96
650,2019-09-18,58.11,-2.07,26.07,-2.91
651,2019-09-17,59.34,-5.66,26.85,-3.0
652,2019-09-16,62.9,14.68,27.68,2.52
653,2019-09-13,54.85,-0.44,27.0,-0.15
654,2019-09-12,55.09,-1.18,27.04,0.6
655,2019-09-11,55.75,-2.87,26.88,-1.57
656,2019-09-10,57.4,-0.78,27.31,6.68
657,2019-09-09,57.85,2.35,25.6,-0.27
658,2019-09-06,56.52,0.39,25.67,-1.69
659,2019-09-05,56.3,0.07,26.11,0.04
660,2019-09-04,56.26,4.3,26.1,1.05
661,2019-09-03,53.94,-1.32,25.83,0.12
662,2019-09-02,54.66,-0.26,25.8,-4.27
663,2019-09-01,54.8,-0.54,,
664,2019-08-30,55.1,-2.84,26.95,-0.63
665,2019-08-29,56.71,1.67,27.12,1.73
666,2019-08-28,55.78,1.55,26.66,2.22
667,2019-08-27,54.93,2.4,26.08,-1.66
668,2019-08-26,53.64,-0.98,26.52,2.83
669,2019-08-23,54.17,-2.13,25.79,-2.16
670,2019-08-22,55.35,-0.59,26.36,-1.35
671,2019-08-21,55.68,-1.17,26.72,-0.93
672,2019-08-20,56.34,0.23,26.97,-1.14
673,2019-08-19,56.21,2.44,27.28,2.29
674,2019-08-16,54.87,0.73,26.67,-0.19
675,2019-08-15,54.47,-1.38,26.72,-3.36
676,2019-08-14,55.23,-3.27,27.65,-0.65
677,2019-08-13,57.1,3.95,27.83,1.46
678,2019-08-12,54.93,0.79,27.43,-4.99
679,2019-08-09,54.5,3.73,28.87,-1.4
680,2019-08-08,52.54,2.84,29.28,0.83
681,2019-08-07,51.09,-4.74,29.04,-0.51
682,2019-08-06,53.63,-1.94,29.19,-1.08
683,2019-08-05,54.69,-1.74,29.51,-1.89
684,2019-08-02,55.66,3.17,30.08,-0.69
685,2019-08-01,53.95,-7.9,30.29,5.03
686,2019-07-31,58.58,0.91,28.84,0.28
687,2019-07-30,58.05,2.07,28.76,-1.84
688,2019-07-29,56.87,1.19,29.3,0.34
689,2019-07-26,56.2,0.32,29.2,-2.47
690,2019-07-25,56.02,0.25,29.94,-0.63
691,2019-07-24,55.88,-1.57,30.13,-2.05
692,2019-07-23,56.77,0.98,30.76,2.7
693,2019-07-22,56.22,1.06,29.95,0.34
694,2019-07-19,55.63,0.6,29.85,3.97
695,2019-07-18,55.3,-2.61,28.71,-2.41
696,2019-07-17,56.78,-1.46,29.42,0.0
697,2019-07-16,57.62,-3.29,29.42,-1.9
698,2019-07-15,59.58,-1.05,29.99,0.94
699,2019-07-12,60.21,0.02,29.71,1.78
700,2019-07-11,60.2,-0.38,29.19,0.21
701,2019-07-10,60.43,4.5,29.13,6.24
702,2019-07-09,57.83,0.29,27.42,-0.9
703,2019-07-08,57.66,0.26,27.67,1.69
704,2019-07-05,57.51,1.25,27.21,1.38
705,2019-07-04,56.8,-0.94,26.84,-1.79
706,2019-07-03,57.34,1.94,27.33,-0.73
707,2019-07-02,56.25,-4.81,27.53,-0.69
708,2019-07-01,59.09,1.06,27.72,2.48
709,2019-06-28,58.47,-1.62,27.05,-2.35
710,2019-06-27,59.43,0.08,27.7,-1.77
711,2019-06-26,59.38,2.68,28.2,3.64
712,2019-06-25,57.83,-0.12,27.21,0.29
713,2019-06-24,57.9,0.82,27.13,4.23
714,2019-06-21,57.43,1.38,26.03,0.85
715,2019-06-20,56.65,5.38,25.81,0.55
716,2019-06-19,53.76,-0.26,25.67,-0.58
717,2019-06-18,53.9,3.79,25.82,0.39
718,2019-06-17,51.93,-1.1,25.72,-0.04
719,2019-06-14,52.51,0.44,25.73,0.39
720,2019-06-13,52.28,2.23,25.63,0.59
721,2019-06-12,51.14,-4.0,25.48,-0.74
722,2019-06-11,53.27,0.02,25.67,-0.96
723,2019-06-10,53.26,-1.35,25.92,2.78
724,2019-06-07,53.99,2.66,25.22,2.31
725,2019-06-06,52.59,1.76,24.65,-0.84
726,2019-06-05,51.68,-3.37,24.86,-1.19
727,2019-06-04,53.48,0.43,25.16,3.41
728,2019-06-03,53.25,-0.47,24.33,-2.76
729,2019-05-31,53.5,-5.46,25.02,-3.29
730,2019-05-30,56.59,-3.77,25.87,-0.88
731,2019-05-29,58.81,-0.56,26.1,0.19
732,2019-05-28,59.14,-0.03,26.05,-0.38
733,2019-05-27,59.16,0.66,26.15,0.46
734,2019-05-26,58.77,0.24,,
735,2019-05-24,58.63,1.24,26.03,-2.22
736,2019-05-23,57.91,-5.71,26.62,-1.15
737,2019-05-22,61.42,-2.49,26.93,3.82
738,2019-05-21,62.99,-0.17,25.94,0.74
739,2019-05-20,63.1,0.54,25.75,0.82
740,2019-05-17,62.76,-0.17,25.54,-2.26
741,2019-05-16,62.87,1.37,26.13,-1.51
742,2019-05-15,62.02,0.39,26.53,0.34
743,2019-05-14,61.78,1.21,26.44,3.28
744,2019-05-13,61.04,-1.01,25.6,-2.25
745,2019-05-10,61.66,-0.06,26.19,-3.43
746,2019-05-09,61.7,-0.68,27.12,-1.53
747,2019-05-08,62.12,1.17,27.54,1.89
748,2019-05-07,61.4,-1.37,27.03,4.04
749,2019-05-06,62.25,0.5,25.98,0.58
750,2019-05-03,61.94,0.21,25.83,1.97
751,2019-05-02,61.81,-2.81,25.33,-4.13
752,2019-05-01,63.6,-0.49,26.42,-1.97
753,2019-04-30,63.91,0.65,26.95,-0.41
754,2019-04-29,63.5,0.32,27.06,1.84
755,2019-04-26,63.3,-2.93,26.57,-5.17
756,2019-04-25,65.21,-1.03,28.02,-0.43
757,2019-04-24,65.89,-0.62,28.14,-0.53
758,2019-04-23,66.3,0.91,28.29,2.39
759,2019-04-22,65.7,2.66,,
760,2019-04-18,64.0,0.38,27.63,-2.06
761,2019-04-17,63.76,-0.45,28.21,1.66
762,2019-04-16,64.05,1.03,27.75,0.73
763,2019-04-15,63.4,-0.77,27.55,0.84
764,2019-04-12,63.89,0.49,27.32,-2.74
765,2019-04-11,63.58,-1.59,28.09,4.46
766,2019-04-10,64.61,0.98,26.89,2.28
767,2019-04-09,63.98,-0.65,26.29,4.95
768,2019-04-08,64.4,2.09,25.05,-1.22
769,2019-04-05,63.08,1.58,25.36,0.67
770,2019-04-04,62.1,-0.58,25.19,5.27
771,2019-04-03,62.46,-0.19,23.93,5.23
772,2019-04-02,62.58,1.61,22.74,0.35
773,2019-04-01,61.59,2.41,22.66,1.61
774,2019-03-29,60.14,1.42,22.3,-3.17
775,2019-03-28,59.3,-0.19,23.03,1.81
776,2019-03-27,59.41,-0.88,22.62,1.34
777,2019-03-26,59.94,1.9,22.32,2.86
778,2019-03-25,58.82,-0.37,21.7,1.12
779,2019-03-22,59.04,-1.57,21.46,-1.33
780,2019-03-21,59.98,0.25,21.75,-3.2
781,2019-03-20,59.83,1.36,22.47,2.37
782,2019-03-19,59.03,-0.1,21.95,-3.13
783,2019-03-18,59.09,0.97,22.66,-2.87
784,2019-03-15,58.52,-0.15,23.33,-1.19
785,2019-03-14,58.61,0.6,23.61,2.08
786,2019-03-13,58.26,2.44,23.13,-0.34
787,2019-03-12,56.87,0.14,23.21,0.04
788,2019-03-11,56.79,1.28,23.2,-3.09
789,2019-03-08,56.07,-1.04,23.94,-0.99
790,2019-03-07,56.66,0.78,24.18,5.04
791,2019-03-06,56.22,-0.6,23.02,-3.32
792,2019-03-05,56.56,-0.05,23.81,-0.75
793,2019-03-04,56.59,1.42,23.99,3.76
794,2019-03-01,55.8,-2.48,23.12,2.66
795,2019-02-28,57.22,0.49,22.52,1.95
796,2019-02-27,56.94,2.59,22.09,7.91
797,2019-02-26,55.5,0.04,20.47,2.09
798,2019-02-25,55.48,-3.11,20.05,1.37
799,2019-02-22,57.26,0.53,19.78,0.46
800,2019-02-21,56.96,0.07,19.69,-8.03
801,2019-02-20,56.92,1.48,21.41,1.09
802,2019-02-19,56.09,-0.32,21.18,1.0
803,2019-02-18,56.27,-0.11,20.97,-1.96
804,2019-02-17,56.33,1.33,,
805,2019-02-15,55.59,2.17,21.39,3.18
806,2019-02-14,54.41,0.95,20.73,-5.21
807,2019-02-13,53.9,1.51,21.87,1.06
808,2019-02-12,53.1,1.32,21.64,-7.24
809,2019-02-11,52.41,-0.59,23.33,0.09
810,2019-02-08,52.72,0.15,23.31,-4.55
811,2019-02-07,52.64,-2.54,24.42,-0.89
812,2019-02-06,54.01,0.65,24.64,2.16
813,2019-02-05,53.66,-1.65,24.12,0.5
814,2019-02-04,54.56,-1.27,24.0,4.71
815,2019-02-01,55.26,2.73,22.92,-1.5
816,2019-01-31,53.79,-0.81,23.27,-3.36
817,2019-01-30,54.23,1.73,24.08,-1.47
818,2019-01-29,53.31,2.54,24.44,2.52
819,2019-01-28,51.99,-3.17,23.84,-4.68
820,2019-01-25,53.69,1.05,25.01,-0.64
821,2019-01-24,53.13,0.97,25.17,-2.37
822,2019-01-23,52.62,0.1,25.78,-1.79
823,2019-01-22,52.57,-3.08,26.25,2.78
824,2019-01-21,54.24,1.1,25.54,-1.58
825,2019-01-20,53.65,-0.28,,
826,2019-01-18,53.8,3.32,25.95,4.98
827,2019-01-17,52.07,-0.46,24.72,0.94
828,2019-01-16,52.31,0.38,24.49,3.38
829,2019-01-15,52.11,3.17,23.69,0.25
830,2019-01-14,50.51,-2.09,23.63,-0.76
831,2019-01-11,51.59,-1.9,23.81,2.54
832,2019-01-10,52.59,0.44,23.22,0.26
833,2019-01-09,52.36,5.18,23.16,-3.5
834,2019-01-08,49.78,2.6,24.0,2.39
835,2019-01-07,48.52,1.17,23.44,-5.86
836,2019-01-04,47.96,1.85,24.9,1.55
837,2019-01-03,47.09,1.18,24.52,-7.72
838,2019-01-02,46.54,1.42,26.57,1.03
839,2019-01-01,45.89,1.06,,
840,2018-12-31,45.41,0.18,26.3,0.15
841,2018-12-28,45.33,1.61,26.26,-0.23
842,2018-12-27,44.61,-3.48,26.32,-0.68
843,2018-12-26,46.22,7.09,,
844,2018-12-25,43.16,1.48,,
845,2018-12-24,42.53,-6.71,26.5,1.07
846,2018-12-21,45.59,-0.63,26.22,1.71
847,2018-12-20,45.88,-2.8,25.78,-0.46
848,2018-12-19,47.2,2.08,25.9,0.94
849,2018-12-18,46.24,-7.3,25.66,-1.04
850,2018-12-17,49.88,-2.58,25.93,3.64
851,2018-12-14,51.2,-2.62,25.02,4.51
852,2018-12-13,52.58,2.8,23.94,3.64
853,2018-12-12,51.15,-0.97,23.1,6.06
854,2018-12-11,51.65,1.27,21.78,-3.11
855,2018-12-10,51.0,-3.06,22.48,2.65
856,2018-12-07,52.61,2.18,21.9,1.34
857,2018-12-06,51.49,-2.65,21.61,1.55
858,2018-12-05,52.89,-0.68,21.28,-4.79
859,2018-12-04,53.25,0.57,22.35,0.59
860,2018-12-03,52.95,3.97,22.22,0.68
861,2018-11-30,50.93,-1.01,22.07,2.18
862,2018-11-29,51.45,2.31,21.6,3.25
863,2018-11-28,50.29,-2.46,20.92,-1.51
864,2018-11-27,51.56,-0.14,21.24,-0.93
865,2018-11-26,51.63,2.4,21.44,-1.74
866,2018-11-23,50.42,-6.66,21.82,-3.28
867,2018-11-22,54.02,-1.12,22.56,1.94
868,2018-11-21,54.63,2.25,22.13,5.23
869,2018-11-20,53.43,-5.87,21.03,2.74
870,2018-11-19,56.76,0.53,20.47,-1.11
871,2018-11-16,56.46,0.0,20.7,0.49
872,2018-11-15,56.46,0.37,20.6,-3.2
873,2018-11-14,56.25,1.01,21.28,-1.85
874,2018-11-13,55.69,-7.07,21.68,-1.77
875,2018-11-12,59.93,-0.43,22.07,5.25
876,2018-11-09,60.19,-0.79,20.97,-0.47
877,2018-11-08,60.67,-1.62,21.07,4.88
878,2018-11-07,61.67,-0.87,20.09,5.68
879,2018-11-06,62.21,-1.41,19.01,2.2
880,2018-11-05,63.1,-0.06,18.6,0.87
881,2018-11-02,63.14,-0.86,18.44,8.85
882,2018-11-01,63.69,-2.48,16.94,-4.78
883,2018-10-31,65.31,-1.31,17.79,2.42
884,2018-10-30,66.18,-1.28,17.37,-4.09
885,2018-10-29,67.04,-0.81,18.11,-8.49
886,2018-10-26,67.59,0.39,19.79,-4.07
887,2018-10-25,67.33,0.76,20.63,-2.73
888,2018-10-24,66.82,0.59,21.21,1.24
889,2018-10-23,66.43,-3.96,20.95,0.14
890,2018-10-22,69.17,0.07,20.92,-3.33
891,2018-10-19,69.12,0.68,21.64,-0.18
892,2018-10-18,68.65,-1.58,21.68,2.6
893,2018-10-17,69.75,-3.02,21.13,-0.98
894,2018-10-16,71.92,0.2,21.34,2.74
895,2018-10-15,71.78,0.62,20.77,-9.81
896,2018-10-12,71.34,0.52,23.03,2.45
897,2018-10-11,70.97,-3.01,22.48,0.81
898,2018-10-10,73.17,-2.39,22.3,-7.04
899,2018-10-09,74.96,0.9,23.99,-4.57
900,2018-10-08,74.29,-0.07,25.14,0.68
901,2018-10-05,74.34,0.01,24.97,3.78
902,2018-10-04,74.33,-2.72,24.06,0.92
903,2018-10-03,76.41,1.57,23.84,0.85
904,2018-10-02,75.23,-0.09,23.64,-1.13
905,2018-10-01,75.3,2.8,23.91,1.18
906,2018-09-28,73.25,1.57,23.63,2.56
907,2018-09-27,72.12,0.77,23.04,2.58
908,2018-09-26,71.57,-0.98,22.46,-3.93
909,2018-09-25,72.28,0.28,23.38,-4.18
910,2018-09-24,72.08,1.84,24.4,1.62
911,2018-09-21,70.78,-0.03,24.01,0.67
912,2018-09-20,70.8,-0.45,23.85,2.71
913,2018-09-19,71.12,1.82,23.22,5.74
914,2018-09-18,69.85,1.36,21.96,-2.7
915,2018-09-17,68.91,-0.12,22.57,4.83
916,2018-09-14,68.99,0.58,21.53,5.54
917,2018-09-13,68.59,-2.53,20.4,-16.63
918,2018-09-12,70.37,1.62,24.47,-4.82
919,2018-09-11,69.25,2.53,25.71,-3.67
920,2018-09-10,67.54,-0.31,26.69,8.45
921,2018-09-07,67.75,-0.03,24.61,7.7
922,2018-09-06,67.77,-1.38,22.85,5.11
923,2018-09-05,68.72,-1.65,21.74,0.88
924,2018-09-04,69.87,-0.36,21.55,-0.19
925,2018-09-03,70.12,0.29,21.59,-4.13
926,2018-09-02,69.92,0.17,,
927,2018-08-31,69.8,-0.64,22.52,-0.49
928,2018-08-30,70.25,1.06,22.63,0.31
929,2018-08-29,69.51,1.43,22.56,1.48
930,2018-08-28,68.53,-0.49,22.23,-2.59
931,2018-08-27,68.87,0.22,22.82,2.89
932,2018-08-24,68.72,1.31,22.18,1.65
933,2018-08-23,67.83,-0.04,21.82,3.02
934,2018-08-22,67.86,0.76,21.18,2.47
935,2018-08-21,67.35,1.38,20.67,4.34
936,2018-08-20,66.43,0.79,19.81,1.9
937,2018-08-17,65.91,0.69,19.44,0.83
938,2018-08-16,65.46,0.69,19.28,-0.52
939,2018-08-15,65.01,-3.03,19.38,-0.21
940,2018-08-14,67.04,-0.24,19.42,0.41
941,2018-08-13,67.2,-0.64,19.34,0.99
942,2018-08-10,67.63,1.23,19.15,1.54
943,2018-08-09,66.81,-0.19,18.86,1.07
944,2018-08-08,66.94,-3.22,18.66,-0.74
945,2018-08-07,69.17,0.23,18.8,-0.32
946,2018-08-06,69.01,0.76,18.86,-0.53
947,2018-08-03,68.49,-0.68,18.96,0.16
948,2018-08-02,68.96,1.92,18.93,-0.84
949,2018-08-01,67.66,-1.6,19.09,1.87
950,2018-07-31,68.76,-1.95,18.74,1.9
951,2018-07-30,70.13,2.1,18.39,-0.38
952,2018-07-27,68.69,-1.32,18.46,-0.75
953,2018-07-26,69.61,0.45,18.6,-0.27
954,2018-07-25,69.3,1.14,18.65,1.47
955,2018-07-24,68.52,0.93,18.38,-0.7
956,2018-07-23,67.89,-3.65,18.51,1.82
957,2018-07-20,70.46,1.44,18.18,1.11
958,2018-07-19,69.46,1.02,17.98,2.57
959,2018-07-18,68.76,1.0,17.53,1.92
960,2018-07-17,68.08,0.03,17.2,0.88
961,2018-07-16,68.06,-4.15,17.05,-0.64
962,2018-07-13,71.01,0.97,17.16,-0.17
963,2018-07-12,70.33,-0.07,17.19,-1.32
964,2018-07-11,70.38,-5.03,17.42,1.57
965,2018-07-10,74.11,0.35,17.15,0.47
966,2018-07-09,73.85,0.07,17.07,1.79
967,2018-07-06,73.8,1.18,16.77,0.18
968,2018-07-05,72.94,-1.61,16.74,1.09
969,2018-07-04,74.13,-0.01,16.56,2.6
970,2018-07-03,74.14,0.27,16.14,0.19
971,2018-07-02,73.94,-0.28,16.11,0.69
972,2018-06-29,74.15,0.95,16.0,-0.12
973,2018-06-28,73.45,0.95,16.02,-1.6
974,2018-06-27,72.76,3.16,16.28,1.43
975,2018-06-26,70.53,3.6,16.05,0.06
976,2018-06-25,68.08,-0.73,16.04,-0.43
977,2018-06-22,68.58,4.64,16.11,1.9
978,2018-06-21,65.54,-1.03,15.81,2.2
979,2018-06-20,66.22,1.77,15.47,1.51
980,2018-06-19,65.07,-1.18,15.24,-2.5
981,2018-06-18,65.85,1.21,15.63,0.45
982,2018-06-15,65.06,-2.74,15.56,-2.63
983,2018-06-14,66.89,0.38,15.98,-2.62
984,2018-06-13,66.64,0.42,16.41,0.98
985,2018-06-12,66.36,0.39,16.25,-2.11
986,2018-06-11,66.1,0.55,16.6,-1.43
987,2018-06-08,65.74,-0.32,16.84,-1.0
988,2018-06-07,65.95,1.88,17.01,0.59
989,2018-06-06,64.73,-1.21,16.91,1.2
990,2018-06-05,65.52,1.19,16.71,-1.82
991,2018-06-04,64.75,-1.61,17.02,5.39
992,2018-06-01,65.81,-1.83,16.15,2.47
993,2018-05-31,67.04,-1.72,15.76,-5.46
994,2018-05-30,68.21,2.22,16.67,-2.63
995,2018-05-29,66.73,-0.48,17.12,-0.12
996,2018-05-28,67.05,-0.46,17.14,1.78
997,2018-05-27,67.36,-0.77,,
998,2018-05-25,67.88,-4.0,16.84,-1.64
999,2018-05-24,70.71,-1.57,17.12,1.78
1000,2018-05-23,71.84,-0.4,16.82,0.42
1001,2018-05-22,72.13,-0.15,16.75,2.45
1002,2018-05-21,72.24,1.35,16.35,1.87
1003,2018-05-18,71.28,-0.29,16.05,-0.06
1004,2018-05-17,71.49,0.0,16.06,0.88
1005,2018-05-16,71.49,0.25,15.92,5.78
1006,2018-05-15,71.31,0.49,15.05,-2.08
1007,2018-05-14,70.96,0.37,15.37,0.13
1008,2018-05-11,70.7,-0.92,15.35,0.13
1009,2018-05-10,71.36,0.31,15.33,4.14
1010,2018-05-09,71.14,3.01,14.72,2.94
1011,2018-05-08,69.06,-2.36,14.3,-0.14
1012,2018-05-07,70.73,1.45,14.32,4.45
1013,2018-05-04,69.72,1.89,13.71,0.44
1014,2018-05-03,68.43,0.74,13.65,-0.73
1015,2018-05-02,67.93,1.01,13.75,-2.34
1016,2018-05-01,67.25,-1.93,14.08,-1.33
1017,2018-04-30,68.57,0.69,14.27,0.14
1018,2018-04-27,68.1,-0.13,14.25,0.49
1019,2018-04-26,68.19,0.21,14.18,1.79
1020,2018-04-25,68.05,0.52,13.93,0.29
1021,2018-04-24,67.7,-1.37,13.89,2.58
1022,2018-04-23,68.64,0.38,13.54,-1.17
1023,2018-04-20,68.38,0.13,13.7,-2.91
1024,2018-04-19,68.29,-0.26,14.11,-2.89
1025,2018-04-18,68.47,2.93,14.53,1.11
1026,2018-04-17,66.52,0.45,14.37,-1.64
1027,2018-04-16,66.22,-1.74,14.61,0.55
1028,2018-04-13,67.39,0.48,14.53,2.83
1029,2018-04-12,67.07,0.37,14.13,1.44
1030,2018-04-11,66.82,2.0,13.93,0.58
1031,2018-04-10,65.51,3.3,13.85,0.36
1032,2018-04-09,63.42,2.19,13.8,2.6
1033,2018-04-06,62.06,-2.33,13.45,2.67
1034,2018-04-05,63.54,0.27,13.1,-3.11
1035,2018-04-04,63.37,-0.22,13.52,-1.67
1036,2018-04-03,63.51,0.79,13.75,0.15
1037,2018-04-02,63.01,-2.97,,
1038,2018-03-29,64.94,0.87,13.73,2.16
1039,2018-03-28,64.38,-1.33,13.44,-4.88
1040,2018-03-27,65.25,-0.46,14.13,5.76
1041,2018-03-26,65.55,-0.5,13.36,2.93
1042,2018-03-23,65.88,2.46,12.98,2.12
1043,2018-03-22,64.3,-1.33,12.71,-2.38
1044,2018-03-21,65.17,2.79,13.02,9.78
1045,2018-03-20,63.4,2.16,11.86,4.31
1046,2018-03-19,62.06,-0.45,11.37,-0.96
1047,2018-03-16,62.34,1.88,11.48,-0.09
1048,2018-03-15,61.19,0.38,11.49,-0.43
1049,2018-03-14,60.96,0.41,11.54,-2.94
1050,2018-03-13,60.71,-1.06,11.89,3.03
1051,2018-03-12,61.36,-1.1,11.54,-0.26
1052,2018-03-09,62.04,3.19,11.57,0.35
1053,2018-03-08,60.12,-1.68,11.53,4.34
1054,2018-03-07,61.15,-2.32,11.05,1.56
1055,2018-03-06,62.6,0.05,10.88,1.02
1056,2018-03-05,62.57,2.16,10.77,2.09
1057,2018-03-02,61.25,0.43,10.55,1.44
1058,2018-03-01,60.99,-1.05,10.4,-1.05
1059,2018-02-28,61.64,-2.17,10.51,-0.38
1060,2018-02-27,63.01,-1.41,10.55,5.18
1061,2018-02-26,63.91,0.57,10.03,-1.76
1062,2018-02-23,63.55,1.24,10.21,0.89
1063,2018-02-22,62.77,1.77,10.12,1.61
1064,2018-02-21,61.68,-0.36,9.96,-1.58
1065,2018-02-20,61.9,-0.77,10.12,-1.56
1066,2018-02-19,62.38,1.07,10.28,3.73
1067,2018-02-18,61.72,0.06,,
1068,2018-02-16,61.68,0.55,9.91,-0.3
1069,2018-02-15,61.34,1.22,9.94,-0.6
1070,2018-02-14,60.6,2.38,10.0,-2.91
1071,2018-02-13,59.19,-0.17,10.3,4.57
1072,2018-02-12,59.29,0.15,9.85,2.71
1073,2018-02-09,59.2,-3.19,9.59,1.05
1074,2018-02-08,61.15,-1.04,9.49,1.39
1075,2018-02-07,61.79,-2.52,9.36,2.18
1076,2018-02-06,63.39,-1.18,9.16,-2.86
1077,2018-02-05,64.15,-1.99,9.43,1.07
1078,2018-02-02,65.45,-0.53,9.33,-3.32
1079,2018-02-01,65.8,1.65,9.65,0.0
1080,2018-01-31,64.73,0.36,9.65,4.21
1081,2018-01-30,64.5,-1.62,9.26,-1.28
1082,2018-01-29,65.56,-0.88,9.38,-0.95
1083,2018-01-26,66.14,0.96,9.47,-1.56
1084,2018-01-25,65.51,-0.15,9.62,-2.04
1085,2018-01-24,65.61,1.77,9.82,4.8
1086,2018-01-23,64.47,1.54,9.37,2.85
1087,2018-01-22,63.49,0.19,9.11,0.22
1088,2018-01-19,63.37,-0.91,9.09,3.53
1089,2018-01-18,63.95,-0.03,8.78,3.66
1090,2018-01-17,63.97,0.38,8.47,1.56
1091,2018-01-16,63.73,-1.54,8.34,3.09
1092,2018-01-15,64.73,0.7,8.09,-0.74
1093,2018-01-14,64.28,-0.03,,
1094,2018-01-12,64.3,0.78,8.15,0.62
1095,2018-01-11,63.8,0.36,8.1,-0.86
1096,2018-01-10,63.57,0.97,8.17,1.11
1097,2018-01-09,62.96,1.99,8.08,1.51
1098,2018-01-08,61.73,0.47,7.96,-1.49
1099,2018-01-05,61.44,-0.92,8.08,0.12
1100,2018-01-04,62.01,0.62,8.07,-0.74
1101,2018-01-03,61.63,2.09,8.13,0.25
1102,2018-01-02,60.37,0.22,8.11,-4.48
1103,2018-01-01,60.24,-0.3,,
1104,2017-12-29,60.42,0.97,8.49,-0.47
1105,2017-12-28,59.84,0.34,8.53,0.47
1106,2017-12-27,59.64,-0.55,8.49,-0.24
1107,2017-12-26,59.97,2.36,,
1108,2017-12-25,58.59,0.21,,
1109,2017-12-22,58.47,0.19,8.51,2.04
1110,2017-12-21,58.36,0.46,8.34,2.58
1111,2017-12-20,58.09,1.1,8.13,3.44
1112,2017-12-19,57.46,0.52,7.86,1.42
1113,2017-12-18,57.16,-0.24,7.75,2.79
1114,2017-12-15,57.3,0.46,7.54,1.21
1115,2017-12-14,57.04,0.78,7.45,0.13
1116,2017-12-13,56.6,-0.95,7.44,-0.8
1117,2017-12-12,57.14,-1.47,7.5,-0.4
1118,2017-12-11,57.99,1.1,7.53,0.8
1119,2017-12-08,57.36,1.18,7.47,-2.73
1120,2017-12-07,56.69,1.3,7.68,0.92
1121,2017-12-06,55.96,-2.88,7.61,-1.93
1122,2017-12-05,57.62,0.26,7.76,-1.65
1123,2017-12-04,57.47,-1.53,7.89,-1.62
1124,2017-12-01,58.36,1.67,8.02,2.04
1125,2017-11-30,57.4,0.17,7.86,-2.12
1126,2017-11-29,57.3,-1.19,8.03,1.26
1127,2017-11-28,57.99,-0.21,7.93,-1.37
1128,2017-11-27,58.11,-1.42,8.04,-0.74
1129,2017-11-24,58.95,0.98,8.1,1.12
1130,2017-11-23,58.38,0.62,8.01,3.76
1131,2017-11-22,58.02,2.09,7.72,-0.26
1132,2017-11-21,56.83,1.32,7.74,-0.64
1133,2017-11-20,56.09,-0.81,7.79,-0.38
1134,2017-11-17,56.55,2.56,7.82,-0.26
1135,2017-11-16,55.14,-0.34,7.84,-2.49
1136,2017-11-15,55.33,-0.66,8.04,3.88
1137,2017-11-14,55.7,-1.87,7.74,0.52
1138,2017-11-13,56.76,0.04,7.7,-0.65
1139,2017-11-10,56.74,-0.75,7.75,-1.9
1140,2017-11-09,57.17,0.63,7.9,-2.11
1141,2017-11-08,56.81,-0.68,8.07,-0.49
1142,2017-11-07,57.2,-0.26,8.11,-1.82
1143,2017-11-06,57.35,3.07,8.26,0.49
1144,2017-11-03,55.64,2.02,8.22,2.75
1145,2017-11-02,54.54,0.44,8.0,1.91
1146,2017-11-01,54.3,-0.15,7.85,1.82
1147,2017-10-31,54.38,0.42,7.71,2.94
1148,2017-10-30,54.15,0.46,7.49,-0.4
1149,2017-10-27,53.9,2.39,7.52,-0.4
1150,2017-10-26,52.64,0.88,7.55,-2.58
1151,2017-10-25,52.18,-0.55,7.75,-0.9
1152,2017-10-24,52.47,1.1,7.82,0.51
1153,2017-10-23,51.9,0.84,7.78,-1.64
1154,2017-10-20,51.47,0.35,7.91,-1.0
1155,2017-10-19,51.29,-1.44,7.99,-1.96
1156,2017-10-18,52.04,0.31,8.15,5.16
1157,2017-10-17,51.88,0.02,7.75,0.78
1158,2017-10-16,51.87,0.82,7.69,0.0
1159,2017-10-13,51.45,1.68,7.69,-1.16
1160,2017-10-12,50.6,-1.36,7.78,0.13
1161,2017-10-11,51.3,0.75,7.77,-0.26
1162,2017-10-10,50.92,2.7,7.79,5.27
1163,2017-10-09,49.58,0.59,7.4,-0.54
1164,2017-10-06,49.29,-2.95,7.44,1.36
1165,2017-10-05,50.79,1.62,7.34,-0.27
1166,2017-10-04,49.98,-0.87,7.36,-1.08
1167,2017-10-03,50.42,-0.32,7.44,0.81
1168,2017-10-02,50.58,-2.11,7.38,-1.73
1169,2017-09-29,51.67,0.21,7.51,1.49
1170,2017-09-28,51.56,-1.11,7.4,0.27
1171,2017-09-27,52.14,0.5,7.38,-0.67
1172,2017-09-26,51.88,-0.65,7.43,-3.51
1173,2017-09-25,52.22,3.08,7.7,9.07
1174,2017-09-22,50.66,0.22,7.06,1.29
1175,2017-09-21,50.55,0.28,6.97,-4.78
1176,2017-09-20,50.41,1.88,7.32,-1.61
1177,2017-09-19,49.48,-0.86,7.44,4.2
1178,2017-09-18,49.91,0.04,7.14,-2.99
1179,2017-09-15,49.89,0.0,7.36,-2.13
1180,2017-09-14,49.89,1.2,7.52,0.0
1181,2017-09-13,49.3,2.22,7.52,3.3
1182,2017-09-12,48.23,0.33,7.28,-0.14
1183,2017-09-11,48.07,1.24,7.29,-2.54
1184,2017-09-08,47.48,-3.28,7.48,2.19
1185,2017-09-07,49.09,-0.14,7.32,2.95
1186,2017-09-06,49.16,1.03,7.11,2.75
1187,2017-09-05,48.66,2.64,6.92,7.62
1188,2017-09-04,47.41,0.19,6.43,1.26
1189,2017-09-03,47.32,0.06,,
1190,2017-09-01,47.29,0.13,6.35,-1.7
1191,2017-08-31,47.23,2.76,6.46,-1.22
1192,2017-08-30,45.96,-1.03,6.54,-0.3
1193,2017-08-29,46.44,-0.28,6.56,-0.91
1194,2017-08-28,46.57,-2.72,6.62,0.15
1195,2017-08-25,47.87,0.93,6.61,2.16
1196,2017-08-24,47.43,-2.02,6.47,0.15
1197,2017-08-23,48.41,1.62,6.46,2.7
1198,2017-08-22,47.64,0.57,6.29,0.48
1199,2017-08-21,47.37,-2.35,6.26,-1.11
1200,2017-08-18,48.51,3.02,6.33,0.0
1201,2017-08-17,47.09,0.66,6.33,0.32
1202,2017-08-16,46.78,-1.62,6.31,4.3
1203,2017-08-15,47.55,-0.08,6.05,0.17
1204,2017-08-14,47.59,-2.52,6.04,2.2
1205,2017-08-11,48.82,0.47,5.91,0.51
1206,2017-08-10,48.59,-1.96,5.88,0.68
1207,2017-08-09,49.56,0.79,5.84,2.64
1208,2017-08-08,49.17,-0.45,5.69,0.0
1209,2017-08-07,49.39,-0.38,5.69,-1.56
1210,2017-08-04,49.58,1.12,5.78,-1.37
1211,2017-08-03,49.03,-1.13,5.86,0.17
1212,2017-08-02,49.59,0.87,5.85,2.27
1213,2017-08-01,49.16,-2.01,5.72,1.24
1214,2017-07-31,50.17,0.93,5.65,0.71
1215,2017-07-28,49.71,1.37,5.61,0.72
1216,2017-07-27,49.04,0.59,5.57,-1.94
1217,2017-07-26,48.75,1.8,5.68,1.61
1218,2017-07-25,47.89,3.34,5.59,0.54
1219,2017-07-24,46.34,1.25,5.56,0.72
1220,2017-07-21,45.77,-2.18,5.52,-2.65
1221,2017-07-20,46.79,-0.7,5.67,-1.56
1222,2017-07-19,47.12,1.55,5.76,-0.17
1223,2017-07-18,46.4,0.83,5.77,0.52
1224,2017-07-17,46.02,-1.12,5.74,0.0
1225,2017-07-14,46.54,1.0,5.74,1.06
1226,2017-07-13,46.08,1.3,5.68,-2.07
1227,2017-07-12,45.49,1.0,5.8,2.65
1228,2017-07-11,45.04,1.44,5.65,-1.22
1229,2017-07-10,44.4,0.38,5.72,1.06
1230,2017-07-07,44.23,-2.83,5.66,1.98
1231,2017-07-06,45.52,0.86,5.55,3.74
1232,2017-07-05,45.13,-4.24,5.35,-1.47
1233,2017-07-04,47.13,0.13,5.43,-0.37
1234,2017-07-03,47.07,2.24,5.45,2.06
1235,2017-06-30,46.04,2.47,5.34,-0.74
1236,2017-06-29,44.93,0.42,5.38,2.48
1237,2017-06-28,44.74,1.13,5.25,0.0
1238,2017-06-27,44.24,1.98,5.25,3.35
1239,2017-06-26,43.38,0.86,5.08,-1.74
1240,2017-06-23,43.01,0.63,5.17,0.0
1241,2017-06-22,42.74,0.49,5.17,-0.19
1242,2017-06-21,42.53,-1.62,5.18,-1.71
1243,2017-06-20,43.23,-2.19,5.27,0.76
1244,2017-06-19,44.2,-1.21,5.23,0.97
1245,2017-06-16,44.74,0.63,5.18,-1.33
1246,2017-06-15,44.46,-0.6,5.25,0.19
1247,2017-06-14,44.73,-3.72,5.24,-1.5
1248,2017-06-13,46.46,0.82,5.32,1.92
1249,2017-06-12,46.08,0.55,5.22,-2.25
1250,2017-06-09,45.83,0.42,5.34,-0.19
1251,2017-06-08,45.64,-0.17,5.35,3.28
1252,2017-06-07,45.72,-5.13,5.18,-1.71
1253,2017-06-06,48.19,1.67,5.27,-3.66
1254,2017-06-05,47.4,-0.55,5.47,0.18
1255,2017-06-02,47.66,-1.45,5.46,1.68
1256,2017-06-01,48.36,0.08,5.37,1.9
1257,2017-05-31,48.32,-2.7,5.27,-3.3
1258,2017-05-30,49.66,-0.62,5.45,-0.73
1259,2017-05-29,49.97,0.06,5.49,-0.18
1260,2017-05-28,49.94,0.28,,
1261,2017-05-26,49.8,1.84,5.5,3.97
1262,2017-05-25,48.9,-4.79,5.29,1.34
1263,2017-05-24,51.36,-0.21,5.22,3.37
1264,2017-05-23,51.47,1.46,5.05,-3.07
1265,2017-05-22,50.73,0.79,5.21,1.36
1266,2017-05-19,50.33,1.99,5.14,1.78
1267,2017-05-18,49.35,0.57,5.05,3.7
1268,2017-05-17,49.07,0.84,4.87,0.83
1269,2017-05-16,48.66,-0.39,4.83,3.21
1270,2017-05-15,48.85,2.11,4.68,-1.47
1271,2017-05-12,47.84,0.02,4.75,2.37
1272,2017-05-11,47.83,1.06,4.64,-2.11
1273,2017-05-10,47.33,3.16,4.74,-1.46
1274,2017-05-09,45.88,-1.18,4.81,2.12
1275,2017-05-08,46.43,0.45,4.71,-3.09
1276,2017-05-05,46.22,1.54,4.86,1.46
1277,2017-05-04,45.52,-4.81,4.79,2.13
1278,2017-05-03,47.82,0.34,4.69,-0.85
1279,2017-05-02,47.66,-2.42,4.73,3.5
1280,2017-05-01,48.84,-0.99,4.57,-5.97
1281,2017-04-28,49.33,0.74,4.86,0.21
1282,2017-04-27,48.97,-1.31,4.85,-1.02
1283,2017-04-26,49.62,0.12,4.9,2.3
1284,2017-04-25,49.56,0.67,4.79,-3.04
1285,2017-04-24,49.23,-0.79,4.94,1.65
1286,2017-04-21,49.62,-1.29,4.86,-3.57
1287,2017-04-20,50.27,-0.34,5.04,-1.95
1288,2017-04-19,50.44,-3.76,5.14,-0.39
1289,2017-04-18,52.41,-0.46,5.16,-1.53
1290,2017-04-17,52.65,-1.0,,
1291,2017-04-13,53.18,0.13,5.24,0.19
1292,2017-04-12,53.11,-0.54,5.23,1.36
1293,2017-04-11,53.4,0.6,5.16,1.78
1294,2017-04-10,53.08,1.61,5.07,-1.93
1295,2017-04-07,52.24,1.04,5.17,-3.36
1296,2017-04-06,51.7,1.08,5.35,4.9
1297,2017-04-05,51.15,0.24,5.1,4.08
1298,2017-04-04,51.03,1.57,4.9,-4.48
1299,2017-04-03,50.24,-0.71,5.13,3.43
1300,2017-03-31,50.6,0.5,4.96,-4.43
1301,2017-03-30,50.35,1.7,5.19,3.18
1302,2017-03-29,49.51,2.36,5.03,0.6
1303,2017-03-28,48.37,1.34,5.0,2.25
1304,2017-03-27,47.73,-0.5,4.89,-2.78
1305,2017-03-24,47.97,0.57,5.03,-4.01
1306,2017-03-23,47.7,-0.71,5.24,0.19
1307,2017-03-22,48.04,1.48,5.23,0.58
1308,2017-03-21,47.34,-1.82,5.2,-0.95
1309,2017-03-20,48.22,-1.15,5.25,-2.78
1310,2017-03-17,48.78,0.06,5.4,-0.18
1311,2017-03-16,48.75,-0.23,5.41,-0.92
1312,2017-03-15,48.86,2.39,5.46,1.68
1313,2017-03-14,47.72,-1.4,5.37,-0.92
1314,2017-03-13,48.4,-0.19,5.42,-0.18
1315,2017-03-10,48.49,-1.6,5.43,0.93
1316,2017-03-09,49.28,-1.99,5.38,-2.18
1317,2017-03-08,50.28,-5.38,5.5,-2.48
1318,2017-03-07,53.14,-0.11,5.64,-1.91
1319,2017-03-06,53.2,-0.24,5.75,-1.88
1320,2017-03-03,53.33,1.37,5.86,2.27
1321,2017-03-02,52.61,-2.27,5.73,-7.28
1322,2017-03-01,53.83,-0.33,6.18,12.57
1323,2017-02-28,54.01,-0.07,5.49,0.73
1324,2017-02-27,54.05,0.11,5.45,-3.54
1325,2017-02-24,53.99,-0.84,5.65,0.53
1326,2017-02-23,54.45,1.6,5.62,5.44
1327,2017-02-22,53.59,-0.87,5.33,0.38
1328,2017-02-21,54.06,0.17,5.31,-0.75
1329,2017-02-20,53.97,0.33,5.35,2.29
1330,2017-02-19,53.79,0.73,,
1331,2017-02-17,53.4,0.07,5.23,0.58
1332,2017-02-16,53.36,0.47,5.2,-2.62
1333,2017-02-15,53.11,-0.17,5.34,-1.11
1334,2017-02-14,53.2,0.51,5.4,4.65
1335,2017-02-13,52.93,-1.73,5.16,-3.91
1336,2017-02-10,53.86,1.62,5.37,-3.07
1337,2017-02-09,53.0,1.26,5.54,1.28
1338,2017-02-08,52.34,0.33,5.47,0.92
1339,2017-02-07,52.17,-1.58,5.42,1.31
1340,2017-02-06,53.01,-1.52,5.35,-1.11
1341,2017-02-03,53.83,0.54,5.41,-1.28
1342,2017-02-02,53.54,-0.63,5.48,-0.9
1343,2017-02-01,53.88,2.03,5.53,-1.43
1344,2017-01-31,52.81,0.34,5.61,5.06
1345,2017-01-30,52.63,-1.02,5.34,8.76
1346,2017-01-27,53.17,-1.13,4.91,-5.39
1347,2017-01-26,53.78,1.95,5.19,4.43
1348,2017-01-25,52.75,-0.81,4.97,-1.97
1349,2017-01-24,53.18,0.82,5.07,-4.52
1350,2017-01-23,52.75,0.63,5.31,-2.03
1351,2017-01-20,52.42,2.04,5.42,4.43
1352,2017-01-19,51.37,0.57,5.19,7.45
1353,2017-01-18,51.08,-2.67,4.83,-3.21
1354,2017-01-17,52.48,-0.08,4.99,6.4
1355,2017-01-16,52.52,0.13,4.69,-6.76
1356,2017-01-15,52.45,0.15,,
1357,2017-01-13,52.37,-1.21,5.03,0.0
1358,2017-01-12,53.01,1.45,5.03,-8.71
1359,2017-01-11,52.25,2.81,5.51,0.36
1360,2017-01-10,50.82,-2.19,5.49,4.57
1361,2017-01-09,51.96,-3.76,5.25,4.37
1362,2017-01-06,53.99,0.43,5.03,-4.55
1363,2017-01-05,53.76,0.94,5.27,-7.54
1364,2017-01-04,53.26,1.78,5.7,5.36
1365,2017-01-03,52.33,-3.15,5.41,-11.46
1366,2017-01-02,54.03,0.58,6.11,-6.57
1367,2016-12-30,53.72,-0.09,6.54,3.15
1368,2016-12-29,53.77,-0.54,6.34,0.32
1369,2016-12-28,54.06,0.3,6.32,0.0
1370,2016-12-27,53.9,1.33,6.32,1.61
1371,2016-12-26,53.19,0.32,,
1372,2016-12-23,53.02,0.13,6.22,2.47
1373,2016-12-22,52.95,0.88,6.07,4.66
1374,2016-12-21,52.49,0.5,5.8,10.9
1375,2016-12-20,52.23,0.21,5.23,2.75
1376,2016-12-19,52.12,0.42,5.09,3.25
1377,2016-12-16,51.9,1.96,4.93,1.86
1378,2016-12-15,50.9,-0.27,4.84,-3.39
1379,2016-12-14,51.04,-3.66,5.01,4.59
1380,2016-12-13,52.98,0.28,4.79,-1.64
1381,2016-12-12,52.83,2.58,4.87,9.19
1382,2016-12-09,51.5,1.3,4.46,-3.25
1383,2016-12-08,50.84,2.15,4.61,7.21
1384,2016-12-07,49.77,-2.28,4.3,-4.44
1385,2016-12-06,50.93,-1.66,4.5,2.97
1386,2016-12-05,51.79,0.21,4.37,1.63
1387,2016-12-02,51.68,1.21,4.3,-3.59
1388,2016-12-01,51.06,3.28,4.46,-2.62
1389,2016-11-30,49.44,9.31,4.58,0.44
1390,2016-11-29,45.23,-3.93,4.56,-3.8
1391,2016-11-28,47.08,2.21,4.74,-5.2
1392,2016-11-25,46.06,-4.0,5.0,-6.37
1393,2016-11-24,47.98,0.04,5.34,-0.93
1394,2016-11-23,47.96,-0.15,5.39,-2.18
1395,2016-11-22,48.03,1.14,5.51,0.55
1396,2016-11-21,47.49,3.94,5.48,-1.79
1397,2016-11-18,45.69,0.59,5.58,-5.42
1398,2016-11-17,45.42,-0.33,5.9,6.31
1399,2016-11-16,45.57,-0.52,5.55,-3.31
1400,2016-11-15,45.81,5.75,5.74,6.1
1401,2016-11-14,43.32,-0.21,5.41,-4.59
1402,2016-11-11,43.41,-2.8,5.67,-4.22
1403,2016-11-10,44.66,-1.35,5.92,-3.43
1404,2016-11-09,45.27,0.64,6.13,-0.33
1405,2016-11-08,44.98,0.2,6.15,-1.28
1406,2016-11-07,44.89,1.86,6.23,-2.81
1407,2016-11-04,44.07,-1.32,6.41,-1.38
1408,2016-11-03,44.66,-1.5,6.5,4.17
1409,2016-11-02,45.34,-2.85,6.24,3.48
1410,2016-11-01,46.67,-0.41,6.03,2.2
1411,2016-10-31,46.86,-3.78,5.9,0.34
1412,2016-10-28,48.7,-2.05,5.88,1.2
1413,2016-10-27,49.72,1.1,5.81,-2.19
1414,2016-10-26,49.18,-1.56,5.94,2.24
1415,2016-10-25,49.96,-1.11,5.81,0.0
1416,2016-10-24,50.52,-0.65,5.81,-1.36
1417,2016-10-21,50.85,0.83,5.89,5.56
1418,2016-10-20,50.43,-2.27,5.58,-1.59
1419,2016-10-19,51.6,2.6,5.67,-4.71
1420,2016-10-18,50.29,0.7,5.95,1.36
1421,2016-10-17,49.94,-0.81,5.87,1.03
1422,2016-10-14,50.35,-0.18,5.81,2.83
1423,2016-10-13,50.44,0.52,5.65,2.36
1424,2016-10-12,50.18,-1.2,5.52,1.66
1425,2016-10-11,50.79,-1.09,5.43,-4.06
1426,2016-10-10,51.35,3.09,5.66,-0.53
1427,2016-10-07,49.81,-1.25,5.69,-2.9
1428,2016-10-06,50.44,1.22,5.86,6.93
1429,2016-10-05,49.83,2.34,5.48,5.18
1430,2016-10-04,48.69,-0.25,5.21,-1.88
1431,2016-10-03,48.81,1.18,5.31,7.06
1432,2016-09-30,48.24,0.86,4.96,-1.2
1433,2016-09-29,47.83,1.66,5.02,1.41
1434,2016-09-28,47.05,5.33,4.95,11.74
1435,2016-09-27,44.67,-2.74,4.43,-4.11
1436,2016-09-26,45.93,3.26,4.62,1.76
1437,2016-09-23,44.48,-3.97,4.54,2.71
1438,2016-09-22,46.32,2.16,4.42,4.99
1439,2016-09-21,45.34,4.37,4.21,1.2
1440,2016-09-20,43.44,0.32,4.16,-5.45
1441,2016-09-19,43.3,0.63,4.4,0.92
1442,2016-09-16,43.03,-2.0,4.36,5.31
1443,2016-09-15,43.91,0.76,4.14,4.02
1444,2016-09-14,43.58,-2.94,3.98,-1.0
1445,2016-09-13,44.9,-3.0,4.02,-0.25
1446,2016-09-12,46.29,0.89,4.03,-1.23
1447,2016-09-09,45.88,-3.65,4.08,0.0
1448,2016-09-08,47.62,4.66,4.08,1.75
1449,2016-09-07,45.5,1.49,4.01,-2.91
1450,2016-09-06,44.83,-0.53,4.13,5.09
1451,2016-09-05,45.07,2.18,3.93,-3.68
1452,2016-09-04,44.11,-0.74,,
1453,2016-09-02,44.44,2.97,4.08,-6.64
1454,2016-09-01,43.16,-3.45,4.37,-2.02
1455,2016-08-31,44.7,-3.56,4.46,-1.76
1456,2016-08-30,46.35,-1.34,4.54,-3.2
1457,2016-08-29,46.98,-1.39,4.69,0.0
1458,2016-08-26,47.64,0.65,4.69,-0.21
1459,2016-08-25,47.33,1.2,4.7,2.17
1460,2016-08-24,46.77,-2.77,4.6,-2.13
1461,2016-08-23,48.1,2.23,4.7,-3.89
1462,2016-08-22,47.05,-3.03,4.89,2.73
1463,2016-08-19,48.52,0.62,4.76,1.71
1464,2016-08-18,48.22,3.06,4.68,4.46
1465,2016-08-17,46.79,0.45,4.48,-4.48
1466,2016-08-16,46.58,1.84,4.69,-2.29
1467,2016-08-15,45.74,2.81,4.8,-1.84
1468,2016-08-12,44.49,2.3,4.89,0.41
1469,2016-08-11,43.49,4.27,4.87,2.31
1470,2016-08-10,41.71,-2.48,4.76,-2.26
1471,2016-08-09,42.77,-0.58,4.87,-1.42
1472,2016-08-08,43.02,2.92,4.94,4.66
1473,2016-08-05,41.8,-0.31,4.72,0.85
1474,2016-08-04,41.93,2.69,4.68,1.3
1475,2016-08-03,40.83,3.34,4.62,5.0
1476,2016-08-02,39.51,-1.37,4.4,0.69
1477,2016-08-01,40.06,-3.7,4.37,-0.91
1478,2016-07-29,41.6,1.12,4.41,-1.34
1479,2016-07-28,41.14,-1.86,4.47,-1.11
1480,2016-07-27,41.92,-2.33,4.52,0.44
1481,2016-07-26,42.92,-0.49,4.5,-1.75
1482,2016-07-25,43.13,-2.4,4.58,0.66
1483,2016-07-22,44.19,-1.25,4.55,-1.94
1484,2016-07-21,44.75,-0.42,4.64,-0.85
1485,2016-07-20,44.94,0.65,4.68,0.43
1486,2016-07-19,44.65,-1.3,4.66,-3.72
1487,2016-07-18,45.24,-1.55,4.84,-1.63
1488,2016-07-15,45.95,0.59,4.92,3.14
1489,2016-07-14,45.68,2.08,4.77,-0.21
1490,2016-07-13,44.75,-4.38,4.78,3.46
1491,2016-07-12,46.8,4.56,4.62,4.52
1492,2016-07-11,44.76,-1.43,4.42,-2.43
1493,2016-07-08,45.41,0.6,4.53,-0.88
1494,2016-07-07,45.14,-4.83,4.57,-0.22
1495,2016-07-06,47.43,1.78,4.58,-2.55
1496,2016-07-05,46.6,-4.21,4.7,-5.24
1497,2016-07-04,48.65,-0.73,4.96,7.59
1498,2016-07-03,49.01,0.04,,
1499,2016-07-01,48.99,1.37,4.61,3.36
1500,2016-06-30,48.33,-3.11,4.46,-1.11
1501,2016-06-29,49.88,4.24,4.51,-3.63
1502,2016-06-28,47.85,3.28,4.68,-1.68
1503,2016-06-27,46.33,-2.75,4.76,-3.84
1504,2016-06-24,47.64,-4.93,4.95,-12.08
1505,2016-06-23,50.11,1.99,5.63,-0.71
1506,2016-06-22,49.13,0.57,5.67,2.35
1507,2016-06-21,48.85,-1.05,5.54,-5.14
1508,2016-06-20,49.37,2.9,5.84,3.18
1509,2016-06-17,47.98,3.83,5.66,-0.7
1510,2016-06-16,46.21,-3.75,5.7,-3.23
1511,2016-06-15,48.01,-0.99,5.89,0.86
1512,2016-06-14,48.49,-0.8,5.84,0.0
1513,2016-06-13,48.88,-0.39,5.84,-1.68
1514,2016-06-10,49.07,-2.95,5.94,-2.62
1515,2016-06-09,50.56,-1.31,6.1,0.16
1516,2016-06-08,51.23,1.73,6.09,-0.16
1517,2016-06-07,50.36,1.35,6.1,-1.45
1518,2016-06-06,49.69,2.2,6.19,4.38
1519,2016-06-03,48.62,-1.12,5.93,-1.33
1520,2016-06-02,49.17,0.33,6.01,1.01
1521,2016-06-01,49.01,-0.18,5.95,-2.14
1522,2016-05-31,49.1,-0.83,6.08,-0.33
1523,2016-05-30,49.51,-0.14,6.1,1.33
1524,2016-05-29,49.58,0.51,,
1525,2016-05-27,49.33,-0.3,6.02,0.17
1526,2016-05-26,49.48,-0.16,6.01,2.74
1527,2016-05-25,49.56,1.93,5.85,1.21
1528,2016-05-24,48.62,1.12,5.78,1.05
1529,2016-05-23,48.08,0.69,5.72,-3.87
1530,2016-05-20,47.75,-0.85,5.95,-0.5
1531,2016-05-19,48.16,-0.06,5.98,-1.16
1532,2016-05-18,48.19,-0.25,6.05,0.17
1533,2016-05-17,48.31,1.24,6.04,-0.98
1534,2016-05-16,47.72,3.27,6.1,4.45
1535,2016-05-13,46.21,-1.05,5.84,0.69
1536,2016-05-12,46.7,1.02,5.8,-3.49
1537,2016-05-11,46.23,3.52,6.01,2.04
1538,2016-05-10,44.66,2.81,5.89,3.51
1539,2016-05-09,43.44,-2.73,5.69,-2.74
1540,2016-05-06,44.66,0.77,5.85,-5.49
1541,2016-05-05,44.32,1.23,6.19,1.14
1542,2016-05-04,43.78,0.3,6.12,2.34
1543,2016-05-03,43.65,-2.52,5.98,-1.97
1544,2016-05-02,44.78,-2.48,6.1,-1.13
1545,2016-04-29,45.92,-0.24,6.17,-2.53
1546,2016-04-28,46.03,1.54,6.33,-7.32
1547,2016-04-27,45.33,2.93,6.83,3.33
1548,2016-04-26,44.04,3.28,6.61,12.22
1549,2016-04-25,42.64,-2.49,5.89,-1.17
1550,2016-04-22,43.73,1.27,5.96,3.83
1551,2016-04-21,43.18,1.29,5.74,3.61
1552,2016-04-20,42.63,3.77,5.54,-0.36
1553,2016-04-19,41.08,3.27,5.56,1.83
1554,2016-04-18,39.78,-1.44,5.46,-0.18
1555,2016-04-15,40.36,-2.75,5.47,-2.32
1556,2016-04-14,41.5,-0.62,5.6,1.27
1557,2016-04-13,41.76,-0.97,5.53,-0.9
1558,2016-04-12,42.17,4.48,5.58,0.18
1559,2016-04-11,40.36,1.61,5.57,2.96
1560,2016-04-08,39.72,6.6,5.41,2.66
1561,2016-04-07,37.26,-1.3,5.27,-0.57
1562,2016-04-06,37.75,5.18,5.3,1.34
1563,2016-04-05,35.89,0.53,5.23,-1.69
1564,2016-04-04,35.7,-2.96,5.32,3.1
1565,2016-04-01,36.79,-4.04,5.16,-0.77
1566,2016-03-31,38.34,0.05,5.2,5.05
1567,2016-03-30,38.32,0.1,4.95,3.77
1568,2016-03-29,38.28,-2.82,4.77,-1.45
1569,2016-03-28,39.39,-0.18,,
1570,2016-03-24,39.46,-0.83,4.84,1.04
1571,2016-03-23,39.79,-4.0,4.79,-0.42
1572,2016-03-22,41.45,3.86,4.81,-1.03
1573,2016-03-21,39.91,1.19,4.86,-1.42
1574,2016-03-18,39.44,-1.89,4.93,-1.2
1575,2016-03-17,40.2,4.52,4.99,0.81
1576,2016-03-16,38.46,5.83,4.95,2.06
1577,2016-03-15,36.34,-2.26,4.85,0.0
1578,2016-03-14,37.18,-3.43,4.85,-2.61
1579,2016-03-11,38.5,1.74,4.98,1.63
1580,2016-03-10,37.84,-1.18,4.9,-3.35
1581,2016-03-09,38.29,4.9,5.07,1.2
1582,2016-03-08,36.5,-3.69,5.01,-1.57
1583,2016-03-07,37.9,5.51,5.09,3.46
1584,2016-03-04,35.92,3.91,4.92,0.82
1585,2016-03-03,34.57,-0.26,4.88,-1.41
1586,2016-03-02,34.66,0.76,4.95,-0.8
1587,2016-03-01,34.4,1.93,4.99,0.0
1588,2016-02-29,33.75,2.96,4.99,0.2
1589,2016-02-26,32.78,-0.88,4.98,-1.58
1590,2016-02-25,33.07,2.86,5.06,4.33
1591,2016-02-24,32.15,0.88,4.85,-0.82
1592,2016-02-23,31.87,1.24,4.89,-9.44
1593,2016-02-22,31.48,6.21,5.4,4.85
1594,2016-02-19,29.64,-3.67,5.15,-1.72
1595,2016-02-18,30.77,0.36,5.24,3.35
1596,2016-02-17,30.66,5.58,5.07,8.57
1597,2016-02-16,29.04,-5.11,4.67,-2.51
1598,2016-02-15,30.6,5.26,4.79,-5.15
1599,2016-02-14,29.08,-1.24,,
1600,2016-02-12,29.44,12.32,5.05,6.77
1601,2016-02-11,26.21,-4.52,4.73,-2.87
1602,2016-02-10,27.45,-1.75,4.87,-1.62
1603,2016-02-09,27.94,-5.89,4.95,-5.35
1604,2016-02-08,29.69,-3.88,5.23,-5.6
1605,2016-02-05,30.89,-2.62,5.54,-1.07
1606,2016-02-04,31.72,-1.73,5.6,-0.18
1607,2016-02-03,32.28,8.03,5.61,-3.44
1608,2016-02-02,29.88,-5.5,5.81,2.29
1609,2016-02-01,31.62,-5.95,5.68,-5.96
1610,2016-01-29,33.62,1.2,6.04,-0.33
1611,2016-01-28,33.22,2.85,6.06,2.71
1612,2016-01-27,32.3,2.7,5.9,-2.8
1613,2016-01-26,31.45,3.66,6.07,3.41
1614,2016-01-25,30.34,-5.75,5.87,-7.12
1615,2016-01-22,32.19,9.01,6.32,2.43
1616,2016-01-21,29.53,11.22,6.17,-2.22
1617,2016-01-20,26.55,-6.71,6.31,-7.34
1618,2016-01-19,28.46,-5.21,6.81,1.49
1619,2016-01-18,30.02,0.94,6.71,0.6
1620,2016-01-17,29.75,1.1,,
1621,2016-01-15,29.42,-5.71,6.67,-5.79
1622,2016-01-14,31.2,2.36,7.08,-2.21
1623,2016-01-13,30.48,0.13,7.24,1.97
1624,2016-01-12,30.44,-3.09,7.1,-0.28
1625,2016-01-11,31.41,-5.28,7.12,-3.91
1626,2016-01-08,33.16,-0.33,7.41,-1.72
1627,2016-01-07,33.27,-2.06,7.54,-2.58
1628,2016-01-06,33.97,-5.56,7.74,-3.13
1629,2016-01-05,35.97,-2.15,7.99,-0.62
1630,2016-01-04,36.76,-0.76,8.04,-2.19
1631,2015-12-31,37.04,1.2,8.22,0.12
1632,2015-12-30,36.6,-3.35,8.21,-0.73
1633,2015-12-29,37.87,2.88,8.27,-0.48
1634,2015-12-28,36.81,-3.39,8.31,1.47
1635,2015-12-24,38.1,1.6,8.19,-0.36
1636,2015-12-23,37.5,3.76,8.22,-0.36
1637,2015-12-22,36.14,4.03,8.25,0.73
1638,2015-12-21,34.74,0.03,8.19,1.61
1639,2015-12-18,34.73,-0.63,8.06,-0.12
1640,2015-12-17,34.95,-1.6,8.07,-0.74
1641,2015-12-16,35.52,-4.9,8.13,-0.73
1642,2015-12-15,37.35,2.86,8.19,1.49
1643,2015-12-14,36.31,1.94,8.07,0.0
1644,2015-12-11,35.62,-3.1,8.07,-3.47
1645,2015-12-10,36.76,-1.08,8.36,-0.48
1646,2015-12-09,37.16,-0.93,8.4,-0.12
1647,2015-12-08,37.51,-0.37,8.41,0.0
1648,2015-12-07,37.65,-5.8,8.41,-1.29
1649,2015-12-04,39.97,-2.7,8.52,-0.81
1650,2015-12-03,41.08,2.85,8.59,1.3
1651,2015-12-02,39.94,-4.56,8.48,-0.93
1652,2015-12-01,41.85,0.48,8.56,-0.23
1653,2015-11-30,41.65,-0.14,8.58,0.0
1654,2015-11-27,41.71,-2.07,8.58,0.0
1655,2015-11-26,42.59,-1.05,8.58,-0.46
1656,2015-11-25,43.04,0.4,8.62,-0.35
1657,2015-11-24,42.87,2.68,8.65,1.05
1658,2015-11-23,41.75,3.37,8.56,0.59
1659,2015-11-20,40.39,-0.37,8.51,-1.39
1660,2015-11-19,40.54,-0.52,8.63,0.58
1661,2015-11-18,40.75,0.2,8.58,-0.35
1662,2015-11-17,40.67,-2.56,8.61,0.94
1663,2015-11-16,41.74,2.45,8.53,1.67
1664,2015-11-13,40.74,-2.42,8.39,0.24
1665,2015-11-12,41.75,-2.75,8.37,-0.83
1666,2015-11-11,42.93,-2.9,8.44,0.0
1667,2015-11-10,44.21,0.78,8.44,1.56
1668,2015-11-09,43.87,-0.95,8.31,-1.07
1669,2015-11-06,44.29,-2.01,8.4,-0.71
1670,2015-11-05,45.2,-2.42,8.46,0.83
1671,2015-11-04,46.32,-3.3,8.39,-0.59
1672,2015-11-03,47.9,3.81,8.44,-1.75
1673,2015-11-02,46.14,-0.97,8.59,-0.46
1674,2015-10-30,46.59,1.15,8.63,-0.46
1675,2015-10-29,46.06,0.26,8.67,1.29
1676,2015-10-28,45.94,6.34,8.56,-0.47
1677,2015-10-27,43.2,-1.77,8.6,-0.58
1678,2015-10-26,43.98,-1.39,8.65,0.35
1679,2015-10-23,44.6,-1.72,8.62,1.77
1680,2015-10-22,45.38,0.4,8.47,0.36
1681,2015-10-21,45.2,-0.77,8.44,-0.24
1682,2015-10-20,45.55,-0.74,8.46,1.44
1683,2015-10-19,45.89,-2.9,8.34,-0.48
1684,2015-10-16,47.26,1.9,8.38,-0.36
1685,2015-10-15,46.38,-0.56,8.41,-0.12
1686,2015-10-14,46.64,-0.04,8.42,1.2
1687,2015-10-13,46.66,-0.93,8.32,0.48
1688,2015-10-12,47.1,-5.1,8.28,-0.6
1689,2015-10-09,49.63,0.4,8.33,2.71
1690,2015-10-08,49.43,3.39,8.11,0.25
1691,2015-10-07,47.81,-1.48,8.09,-1.34
1692,2015-10-06,48.53,4.91,8.2,0.12
1693,2015-10-05,46.26,1.58,8.19,0.74
1694,2015-10-02,45.54,1.79,8.13,-0.25
1695,2015-10-01,44.74,-0.78,8.15,0.25
1696,2015-09-30,45.09,-0.31,8.13,2.14
1697,2015-09-29,45.23,1.8,7.96,0.76
1698,2015-09-28,44.43,-2.78,7.9,-1.0
1699,2015-09-25,45.7,1.76,7.98,-0.13
1700,2015-09-24,44.91,0.97,7.99,-0.75
1701,2015-09-23,44.48,-2.95,8.05,0.63
1702,2015-09-22,45.83,-1.82,8.0,0.5
1703,2015-09-21,46.68,4.48,7.96,-1.61
1704,2015-09-18,44.68,-4.73,8.09,-1.46
1705,2015-09-17,46.9,-0.53,8.21,0.0
1706,2015-09-16,47.15,5.74,8.21,0.74
1707,2015-09-15,44.59,1.34,8.15,-0.73
1708,2015-09-14,44.0,-1.41,8.21,-0.36
1709,2015-09-11,44.63,-2.81,8.24,-0.24
1710,2015-09-10,45.92,4.01,8.26,0.12
1711,2015-09-09,44.15,-3.9,8.25,0.36
1712,2015-09-08,45.94,2.77,8.22,1.99
1713,2015-09-07,44.7,-2.23,8.06,-0.12
1714,2015-09-06,45.72,-0.72,,
1715,2015-09-04,46.05,-1.5,8.07,-0.98
1716,2015-09-03,46.75,1.08,8.15,0.62
1717,2015-09-02,46.25,1.85,8.1,1.38
1718,2015-09-01,45.41,-7.7,7.99,-0.75
1719,2015-08-31,49.2,8.8,8.05,-0.49
1720,2015-08-28,45.22,6.25,8.09,0.75
1721,2015-08-27,42.56,10.26,8.03,-0.62
1722,2015-08-26,38.6,-1.81,8.08,-1.82
1723,2015-08-25,39.31,2.8,8.23,0.98
1724,2015-08-24,38.24,-5.46,8.15,-0.37
1725,2015-08-21,40.45,-1.68,8.18,-1.92
1726,2015-08-20,41.14,0.83,8.34,0.24
1727,2015-08-19,40.8,-4.27,8.32,0.85
1728,2015-08-18,42.62,1.79,8.25,0.36
1729,2015-08-17,41.87,-1.48,8.22,-0.96
1730,2015-08-14,42.5,0.64,8.3,1.59
1731,2015-08-13,42.23,-2.47,8.17,0.0
1732,2015-08-12,43.3,0.51,8.17,1.24
1733,2015-08-11,43.08,-4.18,8.07,2.15
1734,2015-08-10,44.96,2.48,7.9,1.8
1735,2015-08-07,43.87,-1.77,7.76,-0.77
1736,2015-08-06,44.66,-1.09,7.82,0.13
1737,2015-08-05,45.15,-1.29,7.81,-0.89
1738,2015-08-04,45.74,1.26,7.88,-0.63
1739,2015-08-03,45.17,-4.14,7.93,1.02
1740,2015-07-31,47.12,-2.89,7.85,-0.13
1741,2015-07-30,48.52,-0.55,7.86,-2.24
1742,2015-07-29,48.79,1.69,8.04,0.5
1743,2015-07-28,47.98,1.24,8.0,0.0
1744,2015-07-27,47.39,-1.56,8.0,0.25
1745,2015-07-24,48.14,-0.64,7.98,-0.87
1746,2015-07-23,48.45,-1.5,8.05,1.39
1747,2015-07-22,49.19,-2.32,7.94,0.0
1748,2015-07-21,50.36,0.42,7.94,-0.25
1749,2015-07-20,50.15,-1.45,7.96,3.11
1750,2015-07-17,50.89,-0.04,7.72,1.05
1751,2015-07-16,50.91,-0.97,7.64,-1.29
1752,2015-07-15,51.41,-3.07,7.74,0.39
1753,2015-07-14,53.04,1.61,7.71,-0.77
1754,2015-07-13,52.2,-1.02,7.77,2.37
1755,2015-07-10,52.74,-0.08,7.59,1.74
1756,2015-07-09,52.78,2.19,7.46,0.4
1757,2015-07-08,51.65,-1.3,7.43,-0.13
1758,2015-07-07,52.33,-0.38,7.44,1.09
1759,2015-07-06,52.53,-5.39,7.36,-0.81
1760,2015-07-03,55.52,-2.48,7.42,-0.13
1761,2015-07-02,56.93,-0.05,7.43,-0.54
1762,2015-07-01,56.96,-4.22,7.47,0.67
1763,2015-06-30,59.47,1.95,7.42,1.23
1764,2015-06-29,58.33,-2.18,7.33,-2.53
1765,2015-06-26,59.63,-0.12,7.52,-0.79
1766,2015-06-25,59.7,-0.95,7.58,1.34
1767,2015-06-24,60.27,-1.21,7.48,0.0
1768,2015-06-23,61.01,2.23,7.48,0.27
1769,2015-06-22,59.68,0.12,7.46,0.67
1770,2015-06-19,59.61,-1.39,7.41,-0.54
1771,2015-06-18,60.45,0.88,7.45,-0.13
1772,2015-06-17,59.92,-0.08,7.46,0.67
1773,2015-06-16,59.97,0.76,7.41,-1.33
1774,2015-06-15,59.52,-0.73,7.51,-1.31
1775,2015-06-12,59.96,-1.33,7.61,1.47
1776,2015-06-11,60.77,-1.07,7.5,-1.06
1777,2015-06-10,61.43,2.14,7.58,0.26
1778,2015-06-09,60.14,3.44,7.56,1.61
1779,2015-06-08,58.14,-1.67,7.44,0.54
1780,2015-06-05,59.13,1.95,7.4,0.14
1781,2015-06-04,58.0,-2.75,7.39,-1.2
1782,2015-06-03,59.64,-2.64,7.48,0.54
1783,2015-06-02,61.26,1.76,7.44,2.76
1784,2015-06-01,60.2,-0.17,7.24,-1.09
1785,2015-05-29,60.3,4.54,7.32,1.95
1786,2015-05-28,57.68,0.3,7.18,0.14
1787,2015-05-27,57.51,-0.9,7.17,-0.69
1788,2015-05-26,58.03,-3.03,7.22,-1.9
1789,2015-05-25,59.85,-0.12,7.36,0.82
1790,2015-05-24,59.92,0.33,,
1791,2015-05-22,59.72,-1.65,7.3,0.0
1792,2015-05-21,60.72,2.95,7.3,-0.68
1793,2015-05-20,58.98,3.0,7.35,-0.27
1794,2015-05-19,57.26,-3.65,7.37,-3.03
1795,2015-05-18,59.43,-0.44,7.6,0.13
1796,2015-05-15,59.69,-0.32,7.59,0.53
1797,2015-05-14,59.88,-1.02,7.55,-1.18
1798,2015-05-13,60.5,-0.41,7.64,0.66
1799,2015-05-12,60.75,2.53,7.59,-0.39
1800,2015-05-11,59.25,-0.24,7.62,1.2
1801,2015-05-08,59.39,0.76,7.53,1.35
1802,2015-05-07,58.94,-3.27,7.43,-1.33
1803,2015-05-06,60.93,0.88,7.53,-0.26
1804,2015-05-05,60.4,2.49,7.55,-0.4
1805,2015-05-04,58.93,-0.37,7.58,1.34
1806,2015-05-01,59.15,-0.8,7.48,1.22
1807,2015-04-30,59.63,1.79,7.39,-0.94
1808,2015-04-29,58.58,2.66,7.46,1.5
1809,2015-04-28,57.06,0.12,7.35,2.8
1810,2015-04-27,56.99,-0.28,7.15,-1.79
1811,2015-04-24,57.15,-1.02,7.28,0.41
1812,2015-04-23,57.74,2.81,7.25,2.26
1813,2015-04-22,56.16,1.63,7.09,0.14
1814,2015-04-21,55.26,-1.99,7.08,-0.7
1815,2015-04-20,56.38,1.15,7.13,4.24
1816,2015-04-17,55.74,-1.71,6.84,-0.44
1817,2015-04-16,56.71,0.57,6.87,0.29
1818,2015-04-15,56.39,5.82,6.85,0.74
1819,2015-04-14,53.29,2.66,6.8,0.0
1820,2015-04-13,51.91,0.52,6.8,-2.02
1821,2015-04-10,51.64,1.67,6.94,-1.0
1822,2015-04-09,50.79,0.73,7.01,-1.54
1823,2015-04-08,50.42,-6.6,7.12,0.14
1824,2015-04-07,53.98,3.53,7.11,-0.56
1825,2015-04-06,52.14,6.11,,
1826,2015-04-03,49.14,0.0,,
1827,2015-04-02,49.14,-1.9,7.15,0.14
1828,2015-04-01,50.09,5.23,7.14,3.18
1829,2015-03-31,47.6,-2.22,6.92,0.58
1830,2015-03-30,48.68,-0.39,6.88,1.78
1831,2015-03-27,48.87,-4.98,6.76,-2.73
1832,2015-03-26,51.43,4.51,6.95,-0.29
1833,2015-03-25,49.21,3.58,6.97,-0.85
1834,2015-03-24,47.51,0.13,7.03,-0.14
1835,2015-03-23,47.45,3.78,7.04,0.0
1836,2015-03-20,45.72,4.0,7.04,5.55
1837,2015-03-19,43.96,-1.57,6.67,-1.04
1838,2015-03-18,44.66,2.76,6.74,0.15
1839,2015-03-17,43.46,-0.96,6.73,3.7
1840,2015-03-16,43.88,-2.14,6.49,0.46
1841,2015-03-13,44.84,-4.7,6.46,0.78
1842,2015-03-12,47.05,-2.33,6.41,-5.18
1843,2015-03-11,48.17,-0.25,6.76,-0.88
1844,2015-03-10,48.29,-3.42,6.82,2.1
1845,2015-03-09,50.0,0.79,6.68,-1.76
1846,2015-03-06,49.61,-2.27,6.8,0.74
1847,2015-03-05,50.76,-1.49,6.75,-3.85
1848,2015-03-04,51.53,2.0,7.02,4.31
1849,2015-03-03,50.52,1.88,6.73,-3.17
1850,2015-03-02,49.59,-0.34,6.95,-2.11
1851,2015-02-27,49.76,3.3,7.1,0.57
1852,2015-02-26,48.17,-5.53,7.06,-4.47
1853,2015-02-25,50.99,3.47,7.39,-1.07
1854,2015-02-24,49.28,-0.34,7.47,-2.99
1855,2015-02-23,49.45,-1.77,7.7,5.19
1856,2015-02-20,50.34,-1.6,7.32,-0.27
1857,2015-02-19,51.16,-1.88,7.34,-2.0
1858,2015-02-18,52.14,-2.6,7.49,0.27
1859,2015-02-17,53.53,-0.15,7.47,-2.35
1860,2015-02-16,53.61,-0.82,7.65,0.26
1861,2015-02-15,54.06,2.42,,
1862,2015-02-13,52.78,3.07,7.63,3.25
1863,2015-02-12,51.21,4.85,7.39,2.21
1864,2015-02-11,48.84,-2.36,7.23,1.83
1865,2015-02-10,50.02,-5.37,7.1,2.75
1866,2015-02-09,52.86,2.26,6.91,-0.58
1867,2015-02-06,51.69,2.4,6.95,-0.71
1868,2015-02-05,50.48,4.19,7.0,1.01
1869,2015-02-04,48.45,-8.67,6.93,-1.84
1870,2015-02-03,53.05,7.02,7.06,-0.98
1871,2015-02-02,49.57,2.76,7.13,0.71
1872,2015-01-30,48.24,8.33,7.08,0.28
1873,2015-01-29,44.53,0.18,7.06,1.58
1874,2015-01-28,44.45,-3.85,6.95,1.61
1875,2015-01-27,46.23,2.39,6.84,-0.15
1876,2015-01-26,45.15,-0.97,6.85,0.74
1877,2015-01-23,45.59,-1.55,6.8,0.59
1878,2015-01-22,46.31,-3.08,6.76,-7.65
1879,2015-01-21,47.78,3.0,7.32,2.23
1880,2015-01-20,46.39,-2.91,7.16,-0.69
1881,2015-01-19,47.78,-2.18,7.21,1.12
1882,2015-01-18,48.85,0.32,,
1883,2015-01-16,48.69,5.28,7.13,0.14
1884,2015-01-15,46.25,-4.6,7.12,-0.56
1885,2015-01-14,48.48,5.64,7.16,-1.78
1886,2015-01-13,45.89,-0.39,7.29,8.64
1887,2015-01-12,46.07,-4.74,6.71,0.0
1888,2015-01-09,48.36,-0.88,6.71,-1.47
1889,2015-01-08,48.79,0.29,6.81,0.44
1890,2015-01-07,48.65,1.5,6.78,0.15
1891,2015-01-06,47.93,-4.22,6.77,-1.88
1892,2015-01-05,50.04,-5.03,6.9,-1.57
1893,2015-01-02,52.69,-3.44,7.01,-3.31
1894,2015-01-01,54.56,2.43,,
1895,2021-12-24,,,75.86,1.34
