,date,DRIV종가,DRIV거래량,ACDC종가,ACDC거래량,kars,kars_거래량,kars_volatility,batt,batt_거래량,batt_volatility
0,2022-03-04,25.54,370.09,0.075,1080.0,37.19,63.21,-3.45,15.74,86.83,-2.54
1,2022-03-03,26.57,459.37,0.075,685.23,38.52,23.84,-3.24,16.15,360.48,-1.88
2,2022-03-02,27.03,428.76,0.08,1690.0,39.81,41.43,0.48,16.46,101.4,0.49
3,2022-03-01,26.68,602.36,0.085,471.06,39.62,58.69,-3.55,16.38,109.39,-2.85
4,2022-02-28,27.43,286.85,0.085,888.48,41.08,70.3,1.28,16.86,120.16,1.63
5,2022-02-25,27.46,420.17,0.09,638.01,40.56,59.75,2.79,16.59,177.83,3.82
6,2022-02-24,26.9,639.05,0.09,2950.0,39.46,245.06,0.42,15.98,220.83,0.31
7,2022-02-23,26.58,356.42,0.09,1670.0,39.29,40.42,-0.9,15.93,135.71,-0.69
8,2022-02-22,27.1,497.44,0.095,2550.0,39.65,78.14,-2.41,16.04,167.29,-2.79
9,2022-02-18,27.8,417.96,0.085,2090.0,40.63,29.97,-1.24,16.5,364.89,-1.37
10,2022-02-17,28.27,837.87,0.09,625.96,41.14,49.67,-2.35,16.73,63.63,-2.16
11,2022-02-16,29.04,208.35,0.09,319.7,42.13,79.34,0.53,17.1,66.68,0.77
12,2022-02-15,28.9,346.37,0.095,958.15,41.91,88.95,4.31,16.97,115.31,4.24
13,2022-02-14,27.67,220.62,0.09,943.93,40.18,45.9,0.4,16.28,81.24,-0.31
14,2022-02-11,27.71,257.81,0.09,685.06,40.02,96.26,-3.47,16.33,109.76,-2.8
15,2022-02-10,28.64,354.05,0.093,585.46,41.46,46.94,-1.96,16.8,78.34,-1.64
16,2022-02-09,29.19,714.94,0.095,317.42,42.29,45.3,2.87,17.08,156.33,2.64
17,2022-02-08,28.3,601.99,0.095,368.08,41.11,38.96,-0.63,16.64,100.46,0.24
18,2022-02-07,27.78,287.59,0.095,1260.0,41.37,46.01,-0.43,16.6,52.72,-0.3
19,2022-02-04,28.0,315.67,0.095,1030.0,41.55,27.84,0.12,16.65,64.78,1.96
20,2022-02-03,27.74,467.34,0.095,2029.9999999999998,41.5,36.73,-2.28,16.33,59.85,-1.69
21,2022-02-02,28.64,319.41,0.1,2830.0,42.47,34.6,-0.38,16.61,248.22,-1.13
22,2022-02-01,28.65,357.2,0.1,2170.0,42.63,46.14,0.9,16.8,167.18,1.82
23,2022-01-31,28.24,468.91,0.1,3560.0,42.25,84.51,5.05,16.5,130.13,4.5
24,2022-01-28,27.1,468.37,0.09,910.66,40.22,48.91,0.07,15.79,145.3,-0.63
25,2022-01-27,26.81,466.24,0.085,1880.0,40.19,68.01,-4.67,15.89,174.26,-3.4
26,2022-01-26,27.6,518.87,0.09,3800.0,42.16,56.98,0.93,16.45,121.33,-0.3
27,2022-01-25,27.56,1750.0,0.09,4470.0,41.77,81.09,-2.32,16.5,113.28,-1.02
28,2022-01-24,28.2,1020.0,0.075,5570.0,42.76,136.13,-1.68,16.67,422.65,-1.83
29,2022-01-21,28.33,620.81,0.09,4760.0,43.49,97.98,-1.92,16.98,154.07,-2.92
30,2022-01-20,29.08,1170.0,0.1,10870.0,44.34,313.6,-0.83,17.49,108.17,0.34
31,2022-01-19,29.61,612.58,0.09,3050.0,44.71,91.2,-3.31,17.43,121.54,-1.58
32,2022-01-18,30.32,566.86,0.1,7440.0,46.24,66.08,-1.96,17.71,136.68,-1.88
33,2022-01-14,31.09,322.36,0.105,981.6,47.16,29.62,0.5,18.05,77.83,0.61
34,2022-01-13,30.97,402.03,0.105,5690.0,46.93,129.1,-1.55,17.94,159.66,-1.86
35,2022-01-12,31.2,631.62,0.105,8850.0,47.67,135.36,2.45,18.28,189.15,3.39
36,2022-01-11,30.9,1470.0,0.105,4960.0,46.53,85.42,2.02,17.68,261.53,2.91
37,2022-01-10,30.42,462.5,0.105,4400.0,45.61,85.47,-1.38,17.18,219.86,-1.6
38,2022-01-07,30.57,605.87,0.12,3720.0,46.25,80.32,-0.39,17.46,98.46,0.29
39,2022-01-06,30.75,453.47,0.125,3590.0,46.43,82.92,-0.09,17.41,206.52,-0.57
40,2022-01-05,30.82,827.16,0.14,2580.0,46.47,91.9,-3.13,17.51,183.88,-3.58
41,2022-01-04,31.55,830.78,0.14,1740.0,47.97,215.19,0.36,18.16,168.41,-0.77
42,2022-01-03,31.21,1130.0,,,47.8,121.94,2.11,18.3,224.38,1.67
43,2021-12-31,30.53,160.51,0.14,3420.0,46.81,88.26,-0.23,18.0,174.06,-0.44
44,2021-12-30,30.57,284.21,0.145,3610.0,46.92,82.14,1.67,18.08,138.93,2.03
45,2021-12-29,30.61,199.0,0.155,2750.0,46.15,214.87,-7.07,17.72,93.19,-2.8
46,2021-12-28,30.59,710.45,,,49.66,81.62,-0.24,18.23,159.14,-0.27
47,2021-12-27,30.78,300.1,,,49.78,114.11,-0.16,18.28,103.46,-0.71
48,2021-12-23,30.31,266.25,0.15,1940.0,49.86,66.22,1.05,18.41,64.75,1.38
49,2021-12-22,29.83,270.15,0.155,2480.0,49.34,53.41,1.42,18.16,101.36,1.62
50,2021-12-21,29.42,382.32,0.15,3010.0,48.65,70.23,2.59,17.87,78.62,2.47
51,2021-12-20,28.63,794.01,0.165,3850.0,47.42,107.18,-4.11,17.44,180.63,-4.28
52,2021-12-17,29.34,480.55,0.17,3180.0,49.45,128.64,-0.88,18.22,101.52,-0.22
53,2021-12-16,29.55,1010.0,0.185,2600.0,49.89,107.63,-1.64,18.26,122.08,-1.08
54,2021-12-15,30.17,309.41,0.19,2240.0,50.72,85.22,1.26,18.46,141.67,0.54
55,2021-12-14,29.64,351.93,0.2,4890.0,50.09,90.25,-1.8,18.36,166.69,-1.4
56,2021-12-13,29.93,421.42,0.2,6370.0,51.01,109.14,-2.28,18.62,103.99,-1.69
57,2021-12-10,30.59,335.78,0.205,7330.0,52.2,47.39,1.58,18.94,86.05,0.48
58,2021-12-09,30.37,639.03,0.185,6700.0,51.39,74.37,-2.76,18.85,107.07,-2.89
59,2021-12-08,30.97,1410.0,0.135,1030.0,52.85,156.5,1.15,19.41,217.17,2.37
60,2021-12-07,30.91,630.74,0.14,1670.0,52.25,214.92,2.05,18.96,173.87,1.39
61,2021-12-06,29.98,876.23,0.145,3360.0,51.2,77.27,0.14,18.7,154.0,0.38
62,2021-12-03,29.72,753.64,0.15,2590.0,51.13,140.27,-3.14,18.63,262.98,-3.92
63,2021-12-02,30.42,780.45,0.165,1490.0,52.79,226.87,0.42,19.39,135.88,0.41
64,2021-12-01,30.12,946.38,0.175,2620.0,52.57,130.64,-1.09,19.31,281.97,-2.18
65,2021-11-30,30.49,784.09,0.175,1260.0,53.15,55.3,-0.78,19.74,137.98,-0.8
66,2021-11-29,30.91,897.25,0.185,1190.0,53.57,148.71,1.52,19.9,138.8,2.21
67,2021-11-26,30.6,648.62,0.19,1540.0,52.77,63.3,-2.6,19.47,567.67,-2.8
68,2021-11-24,31.61,612.98,0.185,939.81,54.18,102.4,-0.24,20.03,87.6,0.2
69,2021-11-23,31.63,596.72,0.19,2020.0,54.31,113.34,-1.33,19.99,169.91,-0.65
70,2021-11-22,31.76,815.9,0.19,641.65,55.04,132.26,1.81,20.12,249.89,0.8
71,2021-11-19,31.75,631.35,0.185,508.24,54.06,145.33,0.67,19.96,193.35,1.32
72,2021-11-18,31.71,1170.0,0.185,970.91,53.7,85.56,-0.61,19.7,210.23,-1.3
73,2021-11-17,31.73,1120.0,0.2,739.21,54.03,107.48,0.41,19.96,288.56,-0.25
74,2021-11-16,31.93,687.71,0.205,618.64,53.81,100.12,0.79,20.01,203.64,0.3
75,2021-11-15,31.62,905.6,0.21,1800.0,53.39,102.44,-1.91,19.95,174.57,-1.48
76,2021-11-12,31.88,785.39,0.19,436.32,54.43,116.63,0.29,20.25,245.2,-0.25
77,2021-11-11,31.59,669.02,0.2,968.55,54.27,252.37,2.36,20.3,424.23,4.0
78,2021-11-10,31.07,957.37,0.195,1230.0,53.02,111.95,-1.56,19.52,338.4,-2.64
79,2021-11-09,31.7,704.09,0.2,1420.0,53.86,114.68,-2.23,20.05,464.9,-2.48
80,2021-11-08,32.11,1010.0,0.205,917.46,55.09,123.01,1.85,20.56,681.62,2.95
81,2021-11-05,31.78,536.55,0.205,476.62,54.09,86.48,-0.57,19.97,168.21,-0.99
82,2021-11-04,31.67,782.58,0.2,1260.0,54.4,86.06,1.49,20.17,203.75,1.51
83,2021-11-03,31.25,460.27,0.205,1980.0,53.6,74.97,0.54,19.87,142.7,0.51
84,2021-11-02,30.86,398.96,0.21,276.83,53.31,79.8,-0.26,19.77,251.66,-1.45
85,2021-11-01,30.79,609.85,0.215,867.01,53.45,100.34,1.98,20.06,204.76,1.98
86,2021-10-29,30.09,440.89,0.22,633.2,52.41,52.61,0.46,19.67,505.19,0.1
87,2021-10-28,29.93,447.59,0.22,838.01,52.17,57.37,1.54,19.65,820.58,3.1
88,2021-10-27,29.3,334.08,0.22,1350.0,51.38,39.69,-0.64,19.06,1940.0,-1.29
89,2021-10-26,29.47,415.06,0.235,5050.0,51.71,90.94,-0.77,19.31,334.95,-1.23
90,2021-10-25,29.54,389.86,0.215,1060.0,52.11,74.57,3.41,19.55,203.74,4.16
91,2021-10-22,28.95,458.65,0.205,840.56,50.39,30.02,-0.34,18.77,62.2,-0.32
92,2021-10-21,29.28,200.78,0.215,775.71,50.56,33.13,0.06,18.83,117.54,-0.69
93,2021-10-20,29.18,661.75,0.205,1070.0,50.53,47.37,0.18,18.96,109.39,-0.32
94,2021-10-19,29.11,362.64,0.205,1370.0,50.44,60.32,0.96,19.02,167.13,0.9
95,2021-10-18,28.96,182.24,0.2,1390.0,49.96,61.63,0.99,18.85,144.23,1.78
96,2021-10-15,28.83,280.17,0.21,955.31,49.47,44.28,1.98,18.52,130.7,2.04
97,2021-10-14,28.59,215.83,0.215,736.32,48.51,26.64,0.77,18.15,169.22,1.62
98,2021-10-13,28.11,208.08,0.215,664.31,48.14,58.8,2.29,17.86,174.38,2.47
99,2021-10-12,27.78,264.86,0.22,1280.0,47.06,24.52,0.3,17.43,92.28,1.04
100,2021-10-11,27.74,246.03,,,46.92,34.2,0.41,17.25,47.22,0.7
101,2021-10-08,27.72,167.5,0.225,1250.0,46.73,37.23,0.32,17.13,51.66,-0.06
102,2021-10-07,27.7,178.96,0.215,3490.0,46.58,19.77,2.87,17.14,63.36,1.9
103,2021-10-06,27.08,183.27,0.22,1640.0,45.28,18.79,-0.92,16.82,69.02,-1.12
104,2021-10-05,27.25,254.92,0.235,1190.0,45.7,22.05,0.48,17.01,76.24,1.43
105,2021-10-04,26.95,338.01,0.23,1400.0,45.48,36.15,-1.64,16.77,81.84,-1.99
106,2021-10-01,27.43,1410.0,0.24,755.41,46.24,24.75,-0.41,17.11,46.9,-0.64
107,2021-09-30,27.42,820.86,0.25,834.78,46.43,43.46,1.46,17.22,68.28,1.77
108,2021-09-29,27.54,214.23,0.25,1180.0,45.76,44.4,-1.38,16.92,52.43,-0.88
109,2021-09-28,27.72,242.45,0.25,1250.0,46.4,20.03,-2.5,17.07,159.98,-3.01
110,2021-09-27,28.36,1270.0,0.25,1310.0,47.59,38.69,0.55,17.6,133.03,1.62
111,2021-09-24,28.21,215.17,0.25,528.83,47.33,19.3,-0.25,17.32,87.35,-0.97
112,2021-09-23,28.37,247.02,0.255,743.75,47.45,19.39,1.0,17.49,66.89,1.27
113,2021-09-22,27.85,186.88,0.25,774.61,46.98,39.56,1.82,17.27,71.72,1.77
114,2021-09-21,27.3,173.19,0.25,530.02,46.14,54.91,0.81,16.97,69.63,1.56
115,2021-09-20,27.19,447.35,0.24,1330.0,45.77,116.25,-3.86,16.71,168.28,-4.46
116,2021-09-17,28.09,195.27,0.245,1340.0,47.61,21.88,-0.52,17.49,56.18,-0.06
117,2021-09-16,28.35,181.29,0.25,1010.0,47.86,52.34,-1.89,17.5,69.39,-2.4
118,2021-09-15,28.68,221.1,0.255,461.61,48.78,35.68,0.81,17.93,62.07,0.56
119,2021-09-14,28.34,220.79,0.26,719.32,48.39,31.92,1.04,17.83,88.02,0.45
120,2021-09-13,28.4,218.95,0.255,320.21,47.89,27.89,0.19,17.75,106.12,0.51
121,2021-09-10,28.24,179.98,0.26,353.95,47.8,58.58,-0.48,17.66,59.94,-0.39
122,2021-09-09,28.37,167.91,0.26,1830.0,48.03,56.28,1.12,17.73,80.99,0.85
123,2021-09-08,28.35,180.84,0.255,680.66,47.5,48.0,-2.2,17.58,132.89,-2.17
124,2021-09-07,28.83,437.12,0.255,3850.0,48.57,72.13,2.53,17.97,94.36,1.3
125,2021-09-03,28.85,161.1,0.255,487.31,47.37,23.45,-1.58,17.74,98.91,0.28
126,2021-09-02,28.84,255.57,0.26,745.08,48.13,61.39,0.54,17.69,115.45,0.0
127,2021-09-01,28.88,270.03,0.26,739.9,47.87,45.75,-1.44,17.69,110.8,-0.45
128,2021-08-31,28.74,208.0,0.265,568.8,48.57,23.62,-0.21,17.77,162.38,-0.17
129,2021-08-30,28.71,265.09,0.26,972.82,48.67,64.54,0.75,17.8,114.64,1.02
130,2021-08-27,28.57,154.83,0.27,423.1,48.31,72.22,1.58,17.62,234.54,1.15
131,2021-08-26,28.07,299.34,0.27,1140.0,47.56,25.11,-1.59,17.42,117.01,-1.86
132,2021-08-25,28.43,225.42,0.275,1040.0,48.33,53.62,0.56,17.75,54.3,0.45
133,2021-08-24,28.31,649.6,0.28,3210.0,48.06,49.66,1.54,17.67,60.03,1.03
134,2021-08-23,28.0,241.25,0.255,1100.0,47.33,87.63,2.16,17.49,70.85,3.0
135,2021-08-20,27.37,341.95,0.25,858.56,46.33,18.89,0.02,16.98,125.31,0.24
136,2021-08-19,27.27,500.73,0.265,718.04,46.32,41.81,-0.26,16.94,199.14,-2.14
137,2021-08-18,27.84,844.82,0.27,921.18,46.44,38.76,1.13,17.31,229.89,0.52
138,2021-08-17,27.87,384.27,0.26,1860.0,45.92,78.66,-2.34,17.22,208.86,-3.26
139,2021-08-16,28.55,363.45,0.275,799.84,47.02,107.78,-3.23,17.8,222.12,-3.05
140,2021-08-13,28.9,299.93,0.275,600.03,48.59,94.12,-1.04,18.36,292.53,-1.34
141,2021-08-12,29.15,1040.0,0.275,1590.0,49.1,66.44,0.02,18.61,72.31,-0.37
142,2021-08-11,29.14,823.05,0.28,1120.0,49.09,44.39,0.06,18.68,90.15,0.0
143,2021-08-10,29.07,1350.0,0.27,1050.0,49.06,74.1,-0.08,18.68,103.69,0.32
144,2021-08-09,28.97,629.75,0.285,2060.0,49.1,59.85,-0.02,18.62,67.2,0.22
145,2021-08-06,28.89,944.98,0.28,963.9,49.11,36.83,-0.08,18.58,68.42,-0.69
146,2021-08-05,28.89,507.46,0.285,4730.0,49.15,58.34,0.18,18.71,180.41,-0.27
147,2021-08-04,28.57,871.29,0.27,510.65,49.06,101.79,2.66,18.76,145.73,2.07
148,2021-08-03,28.77,461.32,0.27,644.51,47.79,56.68,-0.95,18.38,145.8,-0.76
149,2021-08-02,28.63,454.18,,,48.25,95.19,1.2,18.52,145.25,0.76
150,2021-07-30,28.57,155.46,0.275,1400.0,47.68,41.9,0.63,18.38,80.8,0.44
151,2021-07-29,28.65,363.15,0.275,693.75,47.38,37.47,2.67,18.3,201.39,2.01
152,2021-07-28,28.09,193.99,0.28,2280.0,46.15,35.33,3.52,17.94,198.41,3.76
153,2021-07-27,27.63,199.23,0.27,1150.0,44.58,70.55,-4.56,17.29,204.74,-3.25
154,2021-07-26,28.03,184.84,0.285,1120.0,46.71,21.73,-0.49,17.87,103.13,0.06
155,2021-07-23,27.89,278.75,0.3,974.88,46.94,39.15,-1.16,17.86,125.15,-1.54
156,2021-07-22,27.72,485.9,0.295,1110.0,47.49,57.32,-0.5,18.14,125.66,-0.33
157,2021-07-21,27.84,445.47,0.28,1540.0,47.73,41.94,4.08,18.2,222.99,4.36
158,2021-07-20,27.27,440.12,0.26,2230.0,45.86,28.47,2.66,17.44,88.46,1.99
159,2021-07-19,26.72,468.35,0.27,1330.0,44.67,95.38,-1.82,17.1,180.79,-1.84
160,2021-07-16,27.18,175.08,0.27,756.23,45.5,40.39,-2.4,17.42,154.01,-2.74
161,2021-07-15,27.66,204.01,0.275,687.25,46.62,38.48,0.02,17.91,99.38,0.79
162,2021-07-14,27.97,155.84,0.27,874.49,46.61,43.99,-2.45,17.77,165.54,-2.04
163,2021-07-13,28.09,256.34,0.285,1090.0,47.78,33.99,-0.99,18.14,120.14,-1.52
164,2021-07-12,28.33,183.16,0.29,977.91,48.26,81.96,2.62,18.42,221.12,2.45
165,2021-07-09,28.07,179.39,0.3,1010.0,47.03,58.46,2.69,17.98,218.7,2.57
166,2021-07-08,27.49,256.77,0.285,1990.0,45.8,36.34,-1.36,17.53,166.9,-1.02
167,2021-07-07,27.83,306.63,0.295,1040.0,46.43,32.29,0.52,17.71,235.15,0.4
168,2021-07-06,28.1,355.67,0.305,2650.0,46.19,35.05,0.46,17.64,136.72,-0.11
169,2021-07-02,28.41,203.51,0.31,3450.0,45.98,82.7,-0.37,17.66,192.9,-0.06
170,2021-07-01,28.33,197.38,,,46.15,29.82,-0.92,17.67,107.09,-1.67
171,2021-06-30,28.31,218.05,0.335,2830.0,46.58,48.58,0.11,17.97,162.66,0.62
172,2021-06-29,28.28,155.87,0.29,2330.0,46.53,37.55,0.69,17.86,124.91,0.34
173,2021-06-28,28.28,214.95,0.285,1200.0,46.21,68.97,2.28,17.8,205.45,2.01
174,2021-06-25,28.11,218.47,0.275,1680.0,45.18,37.92,0.27,17.45,91.97,0.98
175,2021-06-24,28.21,1030.0,0.29,1600.0,45.06,61.34,0.99,17.28,116.33,0.0
176,2021-06-23,27.86,389.35,0.275,1980.0,44.62,38.36,1.55,17.28,109.64,2.86
177,2021-06-22,27.71,165.01,0.28,1800.0,43.94,47.27,-0.27,16.8,53.44,-0.41
178,2021-06-21,27.54,195.19,0.29,1900.0,44.06,22.41,0.85,16.87,99.16,0.42
179,2021-06-18,27.23,290.04,0.3,1750.0,43.69,26.66,0.44,16.8,71.67,-0.53
180,2021-06-17,27.77,233.92,0.31,2009.9999999999998,43.5,61.26,1.35,16.89,131.42,1.32
181,2021-06-16,27.92,301.53,0.335,3180.0,42.92,45.2,-2.5,16.67,200.96,-2.23
182,2021-06-15,28.2,212.0,0.33,3670.0,44.02,24.14,-1.08,17.05,143.96,-1.45
183,2021-06-14,28.38,383.46,0.32,4400.0,44.5,36.7,-0.16,17.3,137.2,-0.06
184,2021-06-11,28.46,424.23,0.345,12380.0,44.57,23.85,0.93,17.31,157.98,1.82
185,2021-06-10,28.21,320.15,0.385,18850.0,44.16,44.68,0.34,17.0,113.47,0.77
186,2021-06-09,28.34,236.0,0.26,2080.0,44.01,35.17,-1.03,16.87,84.69,-0.71
187,2021-06-08,28.58,589.58,0.25,1080.0,44.47,14.99,0.41,16.99,193.95,0.0
188,2021-06-07,28.52,349.46,0.255,899.63,44.29,33.43,0.75,16.99,156.82,0.06
189,2021-06-04,28.5,433.59,0.26,944.54,43.96,26.54,1.69,16.98,139.46,1.8
190,2021-06-03,28.17,199.42,0.25,1410.0,43.23,32.13,-0.48,16.68,202.47,-1.48
191,2021-06-02,28.23,319.44,0.27,6080.0,43.44,23.61,0.16,16.93,174.11,0.65
192,2021-06-01,28.06,312.09,0.225,1140.0,43.37,65.15,1.33,16.82,303.6,2.31
193,2021-05-28,27.67,215.4,0.235,1040.0,42.8,25.14,0.85,16.44,186.4,1.29
194,2021-05-27,27.54,208.7,0.235,1950.0,42.44,23.03,1.22,16.23,125.35,1.63
195,2021-05-26,27.12,138.43,0.23,1830.0,41.93,55.77,1.55,15.97,129.41,1.14
196,2021-05-25,26.8,191.65,0.215,1970.0,41.29,23.09,0.36,15.79,115.31,0.0
197,2021-05-24,26.96,210.89,,,41.14,32.6,1.23,15.79,88.86,1.28
198,2021-05-21,26.62,170.28,0.23,1340.0,40.64,20.51,-0.1,15.59,61.15,-0.7
199,2021-05-20,26.51,152.22,0.235,1570.0,40.68,26.99,1.98,15.7,71.02,1.75
200,2021-05-19,26.09,176.67,0.24,1230.0,39.89,40.11,-0.37,15.43,108.53,-1.15
201,2021-05-18,26.3,328.97,0.255,2090.0,40.04,22.06,0.73,15.61,81.68,1.23
202,2021-05-17,26.34,163.99,0.235,765.36,39.75,26.09,-0.3,15.42,114.04,0.72
203,2021-05-14,26.39,235.4,0.23,1370.0,39.87,35.15,2.6,15.31,127.91,3.03
204,2021-05-13,25.84,338.82,0.23,1100.0,38.86,78.92,-0.56,14.86,195.21,-1.65
205,2021-05-12,25.55,582.07,0.245,2370.0,39.08,135.69,-2.37,15.11,139.96,-3.14
206,2021-05-11,26.39,638.41,0.255,2410.0,40.03,47.85,-0.27,15.6,272.52,-0.89
207,2021-05-10,26.6,300.2,0.27,1210.0,40.14,33.97,-2.81,15.74,111.38,-0.94
208,2021-05-07,27.24,243.5,0.29,1210.0,41.3,53.71,1.82,15.89,94.72,0.57
209,2021-05-06,26.85,258.52,0.29,1060.0,40.56,34.43,-0.47,15.8,340.7,-0.44
210,2021-05-05,26.81,214.35,0.285,1220.0,40.75,12.87,0.69,15.87,48.42,1.21
211,2021-05-04,26.46,410.92,0.29,1650.0,40.47,50.03,-2.72,15.68,130.0,-1.07
212,2021-05-03,26.92,279.55,0.325,870.59,41.6,45.45,-0.67,15.85,264.94,-0.94
213,2021-04-30,26.95,470.54,0.33,808.72,41.88,38.5,-2.13,16.0,101.06,-0.74
214,2021-04-29,27.42,307.37,0.325,1200.0,42.79,39.92,-1.02,16.12,289.1,-0.8
215,2021-04-28,27.68,359.79,0.335,639.39,43.23,74.81,-0.71,16.25,122.59,0.81
216,2021-04-27,27.8,207.84,0.335,1090.0,43.54,28.14,-0.46,16.12,251.32,-0.92
217,2021-04-26,27.88,407.99,0.34,1820.0,43.74,46.69,1.74,16.27,215.5,0.81
218,2021-04-23,27.6,335.19,0.35,1660.0,42.99,67.03,2.67,16.14,150.8,2.15
219,2021-04-22,27.09,309.18,0.355,2210.0,41.87,26.72,-0.9,15.8,163.23,-0.38
220,2021-04-21,27.35,378.08,0.325,1270.0,42.25,30.43,1.54,15.86,139.85,2.26
221,2021-04-20,26.94,369.1,0.325,1370.0,41.61,43.69,-2.0,15.51,158.63,-1.96
222,2021-04-19,27.48,363.36,0.32,5950.0,42.46,38.77,-1.32,15.82,197.09,0.7
223,2021-04-16,27.75,234.6,0.36,9100.0,43.03,86.18,1.03,15.71,110.36,-0.13
224,2021-04-15,27.59,274.8,0.275,2900.0,42.59,49.69,0.35,15.73,127.39,-0.38
225,2021-04-14,27.38,320.16,0.295,5370.0,42.44,46.14,-0.59,15.79,184.84,1.15
226,2021-04-13,27.3,324.78,0.315,5070.0,42.69,59.53,0.95,15.61,137.94,2.43
227,2021-04-12,27.23,308.68,0.345,6110.0,42.29,52.87,-1.79,15.24,271.32,-1.55
228,2021-04-09,27.38,341.12,0.38,2310.0,43.06,67.68,-0.19,15.48,151.81,-1.02
229,2021-04-08,27.32,460.2,0.4,2240.0,43.14,72.34,0.44,15.64,113.63,1.03
230,2021-04-07,27.19,410.77,0.405,1280.0,42.95,79.1,-1.83,15.48,196.56,-1.65
231,2021-04-06,27.37,464.0,0.425,1020.0,43.75,98.79,-0.11,15.74,156.06,-0.38
232,2021-04-05,27.53,674.12,0.435,921.59,43.8,86.67,1.34,15.8,320.26,1.09
233,2021-04-01,27.0,378.13,0.435,1390.0,43.22,94.69,1.98,15.63,180.79,2.02
234,2021-03-31,26.54,271.29,0.415,3020.0,42.38,265.07,2.0,15.32,200.79,0.86
235,2021-03-30,26.31,672.64,0.43,3020.0,41.55,47.6,1.66,15.19,842.47,1.74
236,2021-03-29,25.94,271.76,0.44,1470.0,40.87,57.37,-1.35,14.93,167.41,-1.32
237,2021-03-26,26.32,247.76,0.425,2660.0,41.43,75.1,2.12,15.13,155.74,2.51
238,2021-03-25,25.75,374.58,0.43,2570.0,40.57,40.12,-0.1,14.76,304.33,1.17
239,2021-03-24,25.56,459.91,0.465,1820.0,40.61,63.8,-3.12,14.59,256.16,-3.7
240,2021-03-23,26.18,415.59,0.495,3510.0,41.92,67.61,-3.83,15.15,189.01,-4.42
241,2021-03-22,27.06,325.55,0.5,2080.0,43.59,130.32,1.04,15.85,132.85,0.32
242,2021-03-19,27.04,497.95,0.48,1370.0,43.14,57.61,0.91,15.8,96.9,0.57
243,2021-03-18,27.0,771.71,0.48,1370.0,42.75,122.52,-2.93,15.71,156.69,-2.9
244,2021-03-17,27.77,431.57,0.48,1400.0,44.04,92.74,1.15,16.18,151.02,1.76
245,2021-03-16,27.4,712.13,0.47,2050.0,43.54,262.98,0.21,15.9,529.45,-2.45
246,2021-03-15,27.49,484.81,0.47,1460.0,43.45,47.95,0.51,16.3,238.36,-0.55
247,2021-03-12,27.32,486.12,0.475,1500.0,43.23,81.21,-1.3,16.39,234.1,-0.97
248,2021-03-11,27.36,1050.0,0.465,1990.0,43.8,114.6,3.74,16.55,310.85,6.09
249,2021-03-10,26.62,500.73,0.475,2670.0,42.22,109.9,0.05,15.6,253.77,-1.14
250,2021-03-09,26.52,599.31,0.48,2910.0,42.2,184.39,4.17,15.78,434.85,5.62
251,2021-03-08,25.76,656.46,0.49,7300.0,40.51,82.0,-3.06,14.94,299.39,-3.24
252,2021-03-05,26.13,1060.0,0.52,7970.0,41.79,87.05,1.43,15.44,482.06,0.26
253,2021-03-04,25.64,1310.0,0.395,7590.0,41.2,155.29,-4.47,15.4,494.03,-5.81
254,2021-03-03,26.61,789.39,0.48,3860.0,43.13,91.02,-1.89,16.35,266.99,-3.08
255,2021-03-02,27.02,560.71,0.5,3260.0,43.96,67.97,-1.55,16.87,236.52,-1.92
256,2021-03-01,27.45,679.92,0.54,4440.0,44.65,85.58,2.98,17.2,518.46,4.88
257,2021-02-26,26.5,607.22,0.495,4610.0,43.36,84.98,0.05,16.4,428.97,-0.85
258,2021-02-25,26.56,787.88,0.485,3620.0,43.34,382.63,-4.68,16.54,675.38,-6.76
259,2021-02-24,27.74,658.05,0.51,9120.0,45.47,96.95,1.97,17.74,441.3,2.37
260,2021-02-23,27.1,1650.0,0.43,7170.0,44.59,328.4,-2.43,17.33,1260.0,-2.37
261,2021-02-22,27.45,877.72,0.47,4410.0,45.7,79.72,-2.5,17.75,452.36,-3.27
262,2021-02-19,27.96,629.69,0.51,8020.0,46.87,117.99,2.22,18.35,344.92,1.16
263,2021-02-18,27.4,720.94,0.53,4900.0,45.85,149.71,-2.55,18.14,625.15,-4.63
264,2021-02-17,27.96,1070.0,0.6,4710.0,47.05,118.45,-1.53,19.02,616.16,-0.68
265,2021-02-16,28.34,1520.0,0.62,6880.0,47.78,237.45,0.48,19.15,1490.0,3.01
266,2021-02-12,28.23,710.05,0.65,7050.0,47.55,74.77,0.11,18.59,352.05,0.6
267,2021-02-11,28.08,839.04,0.58,8240.0,47.5,107.84,0.91,18.48,313.78,0.98
268,2021-02-10,27.89,1170.0,0.6,17620.0,47.07,248.97,-0.55,18.3,406.89,-1.08
269,2021-02-09,27.99,1200.0,0.68,40590.0,47.33,123.32,0.92,18.5,437.11,2.15
270,2021-02-08,27.92,1370.0,0.69,77840.0,46.9,145.98,1.93,18.11,411.15,2.03
271,2021-02-05,27.47,1240.0,0.27,36020.0,46.01,134.33,0.88,17.75,205.92,-0.62
272,2021-02-04,27.29,1070.0,0.195,3100.0,45.61,71.99,0.68,17.86,200.9,-0.56
273,2021-02-03,27.16,1410.0,0.195,3880.0,45.3,65.82,0.91,17.96,220.45,0.34
274,2021-02-02,26.96,1320.0,0.19,2670.0,44.89,80.63,1.24,17.9,228.0,2.11
275,2021-02-01,26.6,1030.0,0.185,2390.0,44.34,70.51,2.83,17.53,217.49,2.69
276,2021-01-29,25.9,1630.0,0.19,3600.0,43.12,63.4,-2.29,17.07,277.27,-3.94
277,2021-01-28,26.7,1190.0,0.195,5580.0,44.13,60.87,1.1,17.77,317.5,-0.84
278,2021-01-27,26.89,1860.0,0.185,5620.0,43.65,130.38,-4.21,17.92,311.5,-3.76
279,2021-01-26,27.78,1420.0,0.2,5570.0,45.57,133.82,0.93,18.62,165.37,0.16
280,2021-01-25,27.8,2240.0,0.22,7510.0,45.15,91.47,-1.2,18.59,399.53,0.54
281,2021-01-22,27.76,2220.0,0.23,7740.0,45.7,80.52,0.59,18.49,184.23,0.6
282,2021-01-21,27.85,3220.0,0.24,7500.0,45.43,78.46,0.24,18.38,427.85,1.16
283,2021-01-20,27.56,2690.0,0.23,6630.0,45.32,113.82,0.89,18.17,183.3,2.6
284,2021-01-19,27.23,4120.0,0.25,12260.0,44.92,117.24,2.44,17.71,154.57,0.74
285,2021-01-15,26.4,1040.0,0.19,5530.0,43.85,101.35,-2.79,17.58,228.28,-2.71
286,2021-01-14,27.08,1090.0,0.185,9040.0,45.11,131.54,-0.24,18.07,290.6,-0.06
287,2021-01-13,26.92,1580.0,0.2,17900.0,45.22,148.58,-1.09,18.08,176.02,-0.71
288,2021-01-12,26.94,1190.0,0.18,20560.0,45.72,152.21,3.91,18.21,310.33,2.48
289,2021-01-11,26.31,1260.0,0.2,32950.0,44.0,119.1,-0.9,17.77,288.56,-2.04
290,2021-01-08,26.5,2170.0,0.235,89310.0,44.4,224.6,1.83,18.14,423.03,-1.2
291,2021-01-07,25.98,1580.0,0.165,57420.0,43.6,151.03,4.53,18.36,344.61,4.97
292,2021-01-06,24.91,1270.0,0.08,30130.0,41.71,110.21,0.7,17.49,451.98,-1.52
293,2021-01-05,24.59,744.81,0.045,835.76,41.42,121.32,1.07,17.76,704.16,6.28
294,2021-01-04,24.01,1050.0,0.04,8470.0,40.98,167.54,1.76,16.71,360.21,5.69
295,2020-12-31,23.97,360.34,0.045,10210.0,40.27,32.45,0.12,15.81,165.91,0.19
296,2020-12-30,23.97,409.79,0.03,261.44,40.22,39.72,2.31,15.78,136.97,3.0
297,2020-12-29,23.56,420.3,0.035,657.4,39.31,45.77,-0.53,15.32,135.82,-1.03
298,2020-12-28,23.69,615.42,,,39.52,28.99,-0.63,15.48,173.75,1.34
299,2020-12-24,23.6,183.5,0.03,117.0,39.77,21.48,-0.27,15.27,59.31,0.22
300,2020-12-23,23.62,419.94,0.035,547.53,39.88,61.12,1.3,15.24,123.36,0.77
301,2020-12-22,23.4,565.97,0.035,281.01,39.37,77.94,0.03,15.13,206.14,-0.88
302,2020-12-21,23.26,359.54,0.035,524.7,39.36,55.66,-0.25,15.26,145.14,1.6
303,2020-12-18,23.29,374.09,0.03,358.59,39.46,48.33,0.8,15.02,87.6,0.77
304,2020-12-17,23.39,284.7,0.035,399.72,39.15,70.61,0.5,14.9,123.98,1.39
305,2020-12-16,23.22,416.2,0.035,1940.0,38.95,66.99,0.31,14.7,53.42,1.17
306,2020-12-15,23.27,304.9,0.035,157.2,38.83,61.35,2.97,14.53,86.74,1.86
307,2020-12-14,22.68,291.35,0.035,2100.0,37.71,41.86,0.91,14.27,42.36,0.88
308,2020-12-11,22.56,385.14,0.03,2360.0,37.37,53.3,-2.3,14.14,51.4,-0.63
309,2020-12-10,22.91,246.87,0.035,1960.0,38.25,38.69,0.57,14.23,93.61,0.57
310,2020-12-09,22.81,612.53,0.035,1280.0,38.03,53.88,-2.9,14.15,142.52,-1.6
311,2020-12-08,23.14,532.36,0.04,2230.0,39.17,55.8,1.74,14.38,104.44,1.34
312,2020-12-07,22.89,656.45,0.038,1950.0,38.5,72.76,-0.03,14.19,125.74,1.36
313,2020-12-04,22.85,398.37,0.04,1420.0,38.51,76.53,1.45,14.0,78.06,0.79
314,2020-12-03,22.28,388.52,0.04,451.55,37.96,69.17,-0.16,13.89,93.07,0.87
315,2020-12-02,22.19,351.28,0.04,576.48,38.02,33.89,-0.6,13.77,107.53,-0.22
316,2020-12-01,22.16,320.11,0.04,1010.0,38.25,55.51,0.0,13.8,226.28,0.73
317,2020-11-30,21.81,460.14,0.035,1850.0,38.25,252.14,-1.11,13.7,133.42,-2.54
318,2020-11-27,22.1,320.87,0.04,431.05,38.68,69.57,0.42,14.06,87.37,0.7
319,2020-11-25,22.02,476.14,0.04,1440.0,38.52,114.17,-0.23,13.96,79.92,-1.97
320,2020-11-24,22.13,770.35,0.04,4000.0,38.61,106.31,1.21,14.24,212.07,2.3
321,2020-11-23,21.64,527.21,0.045,3450.0,38.15,121.34,4.92,13.92,127.12,4.96
322,2020-11-20,20.98,300.22,0.04,1460.0,36.36,66.75,1.04,13.26,79.96,1.97
323,2020-11-19,20.93,229.72,0.04,2860.0,35.99,28.33,1.66,13.01,48.39,1.62
324,2020-11-18,20.77,296.15,0.045,4570.0,35.4,87.26,0.28,12.8,43.24,-0.62
325,2020-11-17,20.84,233.24,0.04,3450.0,35.3,39.17,-0.03,12.88,53.45,0.94
326,2020-11-16,20.83,431.88,0.04,3180.0,35.31,53.93,2.56,12.76,83.69,1.84
327,2020-11-13,20.23,169.82,0.045,2450.0,34.43,26.14,1.18,12.53,44.27,0.89
328,2020-11-12,19.78,188.15,0.05,9220.0,34.03,49.55,0.9,12.42,48.38,1.97
329,2020-11-11,19.95,125.95,0.045,6030.0,33.72,20.22,0.58,12.18,53.21,-1.3
330,2020-11-10,19.73,305.91,0.045,6970.0,33.53,24.87,-1.06,12.34,69.42,-2.91
331,2020-11-09,19.78,255.26,0.04,1170.0,33.89,42.41,1.35,12.71,131.85,2.75
332,2020-11-06,19.34,193.53,0.05,1330.0,33.44,18.61,0.9,12.37,29.28,0.58
333,2020-11-05,19.3,334.94,0.055,674.22,33.14,39.23,4.21,12.3,29.2,5.03
334,2020-11-04,18.43,80.54,0.065,392.32,31.8,27.24,1.92,11.71,29.08,2.0
335,2020-11-03,18.28,108.9,0.07,1410.0,31.2,16.93,3.19,11.48,17.76,1.95
336,2020-11-02,17.75,118.78,0.075,1560.0,30.24,14.2,2.61,11.26,22.07,3.47
337,2020-10-30,17.42,79.71,0.07,2510.0,29.47,21.5,-2.24,10.88,6.28,-0.89
338,2020-10-29,17.69,79.58,0.065,1300.0,30.14,16.23,3.2,10.98,7.57,2.34
339,2020-10-28,17.2,84.37,0.055,3890.0,29.21,38.07,-3.77,10.73,13.44,-2.02
340,2020-10-27,17.82,38.66,0.06,6520.0,30.35,10.39,0.03,10.95,8.55,0.88
341,2020-10-26,17.89,66.16,,,30.34,15.11,-2.02,10.85,15.44,-0.82
342,2020-10-23,18.24,52.33,,,30.97,8.26,0.28,10.94,8.28,-0.78
343,2020-10-22,18.26,90.03,,,30.88,13.76,-0.39,11.03,13.52,0.64
344,2020-10-21,18.1,49.59,,,31.0,9.91,-0.37,10.96,13.11,-0.68
345,2020-10-20,18.08,43.08,,,31.11,7.3,0.66,11.03,8.75,2.37
346,2020-10-19,17.99,56.56,,,30.91,19.03,-1.09,10.78,14.83,-1.1
347,2020-10-16,18.15,80.55,,,31.25,6.29,0.42,10.9,13.06,-1.31
348,2020-10-15,18.15,82.75,,,31.12,26.33,-1.08,11.05,9.29,-0.38
349,2020-10-14,18.19,70.04,,,31.46,31.47,0.51,11.09,6.74,0.98
350,2020-10-13,18.12,79.1,,,31.3,18.97,-1.26,10.98,14.88,-1.35
351,2020-10-12,18.25,90.91,,,31.7,16.31,1.99,11.13,100.0,-0.8
352,2020-10-09,18.09,77.45,,,31.08,25.56,0.91,11.22,9.67,0.9
353,2020-10-08,18.0,87.97,,,30.8,17.04,0.16,11.12,19.44,0.72
354,2020-10-07,17.86,69.75,,,30.75,8.15,2.5,11.04,16.53,2.41
355,2020-10-06,17.35,169.05,,,30.0,11.65,-0.4,10.78,33.75,-1.97
356,2020-10-05,17.49,246.63,,,30.12,7.1,2.55,11.0,38.22,3.94
357,2020-10-02,17.01,61.5,,,29.37,12.46,-1.44,10.58,25.6,1.54
358,2020-10-01,17.15,63.37,,,29.8,8.52,1.56,10.42,11.13,0.87
359,2020-09-30,16.93,46.64,,,29.34,6.92,1.31,10.33,12.78,1.57
360,2020-09-29,16.75,78.87,,,28.96,8.11,0.93,10.17,10.71,0.99
361,2020-09-28,16.72,76.04,,,28.69,11.18,2.67,10.07,8.73,2.34
362,2020-09-25,16.29,58.08,,,27.95,9.75,0.43,9.84,7.2,1.23
363,2020-09-24,16.12,80.54,,,27.83,9.62,0.18,9.72,17.03,-1.32
364,2020-09-23,16.15,60.54,,,27.78,9.89,-3.21,9.85,60.82,-6.9
365,2020-09-22,16.7,74.83,,,28.7,8.21,0.17,10.58,11.83,-1.31
366,2020-09-21,16.67,76.09,,,28.65,8.87,-2.11,10.72,33.86,-4.11
367,2020-09-18,17.1,35.64,,,29.27,10.63,-0.38,11.18,19.41,1.08
368,2020-09-17,17.17,54.72,,,29.38,7.54,-0.34,11.06,13.67,0.55
369,2020-09-16,17.25,67.63,,,29.48,11.34,-0.3,11.0,16.71,1.1
370,2020-09-15,17.29,81.18,,,29.57,18.75,1.02,10.88,11.58,1.68
371,2020-09-14,17.1,33.01,,,29.27,17.18,1.95,10.7,23.58,2.88
372,2020-09-11,16.68,45.87,,,28.71,3.76,0.32,10.4,5.11,1.17
373,2020-09-10,16.62,51.4,,,28.62,9.64,-1.82,10.28,9.63,-1.72
374,2020-09-09,16.86,69.32,,,29.15,11.16,1.99,10.46,10.26,0.67
375,2020-09-08,16.53,76.32,,,28.58,15.75,-2.49,10.39,8.13,-1.56
376,2020-09-04,17.08,71.48,,,29.31,18.61,1.21,10.56,12.19,0.33
377,2020-09-03,17.03,196.23,,,28.96,37.06,-4.89,10.52,36.05,-3.4
378,2020-09-02,17.77,122.61,,,30.45,16.78,0.67,10.89,13.77,0.83
379,2020-09-01,17.64,149.1,,,30.25,7.04,1.5,10.8,22.28,1.6
380,2020-08-31,17.36,109.55,,,29.8,13.29,-0.17,10.63,15.26,0.09
381,2020-08-28,17.33,60.81,,,29.85,37.07,1.19,10.63,15.63,2.16
382,2020-08-27,17.16,84.2,,,29.5,9.77,-0.97,10.4,12.11,0.48
383,2020-08-26,17.17,67.54,,,29.79,13.83,0.61,10.35,10.41,-0.1
384,2020-08-25,16.99,48.66,,,29.61,13.09,1.23,10.36,27.99,-1.8
385,2020-08-24,16.85,183.56,,,29.25,15.26,0.41,10.55,7.52,0.67
386,2020-08-21,16.55,28.89,,,29.13,13.61,0.1,10.48,7.35,-0.85
387,2020-08-20,16.6,31.52,,,29.1,8.99,-1.02,10.57,9.8,-1.58
388,2020-08-19,16.69,50.29,,,29.4,13.15,-0.37,10.74,9.95,0.37
389,2020-08-18,16.72,51.93,,,29.51,21.17,0.34,10.7,16.54,-0.65
390,2020-08-17,16.77,71.21,,,29.41,24.45,1.76,10.77,22.49,2.04
391,2020-08-14,16.61,28.19,,,28.9,4.27,-0.48,10.56,9.16,0.14
392,2020-08-13,16.6,68.02,,,29.04,12.51,-0.17,10.54,13.04,-0.85
393,2020-08-12,16.85,107.42,,,29.09,11.0,1.18,10.63,10.16,-0.75
394,2020-08-11,16.52,113.82,,,28.75,14.98,-0.55,10.71,16.67,-0.19
395,2020-08-10,16.52,43.66,,,28.91,12.92,0.84,10.73,21.05,-0.09
396,2020-08-07,16.2,21.88,,,28.67,10.3,-1.17,10.74,10.17,-1.83
397,2020-08-06,16.33,42.72,,,29.01,12.11,1.01,10.94,17.42,1.48
398,2020-08-05,16.25,77.32,,,28.72,14.21,1.06,10.78,25.11,3.45
399,2020-08-04,16.1,54.09,,,28.42,13.0,1.72,10.42,13.2,2.66
400,2020-08-03,15.89,73.68,,,27.94,17.1,3.02,10.15,4.65,1.4
401,2020-07-31,15.48,22.68,,,27.12,4.28,-0.95,10.01,24.26,-2.34
402,2020-07-30,15.73,16.51,,,27.38,4.79,-1.41,10.25,25.12,-1.44
403,2020-07-29,15.82,24.94,,,27.77,6.5,0.98,10.4,7.7,0.0
404,2020-07-28,15.65,30.97,,,27.5,6.66,-0.76,10.4,30.25,0.29
405,2020-07-27,15.85,49.68,,,27.71,6.51,1.17,10.37,19.19,3.29
406,2020-07-24,15.56,18.4,,,27.39,5.73,-0.67,10.04,22.46,-1.08
407,2020-07-23,15.83,22.93,,,27.57,9.87,-1.08,10.15,28.8,0.3
408,2020-07-22,16.05,18.72,,,27.87,5.53,0.07,10.12,13.36,-1.17
409,2020-07-21,15.94,49.44,,,27.85,8.03,-0.32,10.24,22.63,0.74
410,2020-07-20,16.05,39.99,,,27.94,11.1,1.38,10.17,10.91,2.21
411,2020-07-17,15.78,12.24,,,27.56,10.68,0.88,9.94,4.54,0.96
412,2020-07-16,15.69,22.01,,,27.32,9.46,-1.48,9.85,21.86,-1.89
413,2020-07-15,15.92,32.14,,,27.73,13.2,1.05,10.04,6.05,0.3
414,2020-07-14,15.62,27.49,,,27.44,7.56,0.71,10.01,7.05,-0.99
415,2020-07-13,15.4,53.63,,,27.25,18.66,-0.37,10.11,52.09,3.37
416,2020-07-10,15.48,26.35,,,27.35,10.79,1.11,9.78,5.19,0.51
417,2020-07-09,15.22,24.0,,,27.05,13.88,0.56,9.73,7.45,-1.01
418,2020-07-08,15.25,26.09,,,26.9,12.0,1.39,9.83,18.69,1.65
419,2020-07-07,15.17,25.16,,,26.53,31.5,-1.81,9.67,20.24,-1.02
420,2020-07-06,15.4,53.87,,,27.02,9.33,5.14,9.77,19.19,5.85
421,2020-07-02,14.76,24.13,,,25.7,9.19,1.98,9.23,3.53,1.21
422,2020-07-01,14.45,16.23,,,25.2,5.43,-0.19,9.12,6.58,0.66
423,2020-06-30,14.55,25.46,,,25.25,11.99,1.53,9.06,6.92,1.12
424,2020-06-29,14.32,21.6,,,24.87,6.48,1.71,8.96,6.95,0.85
425,2020-06-26,14.03,19.5,,,24.45,5.01,-1.65,8.88,32.59,-1.39
426,2020-06-25,14.33,10.84,,,24.86,10.5,-0.36,9.01,14.8,0.67
427,2020-06-24,14.21,30.47,,,24.95,10.34,-2.16,8.95,6.42,-2.72
428,2020-06-23,14.61,28.95,,,25.5,10.12,1.59,9.2,9.0,1.48
429,2020-06-22,14.43,33.47,,,25.1,7.01,0.0,9.07,3.89,0.62
430,2020-06-19,14.35,15.09,,,25.1,5.63,-0.11,9.01,5.02,-0.44
431,2020-06-18,14.41,16.47,,,25.13,6.4,-0.53,9.05,4.03,-0.66
432,2020-06-17,14.41,11.81,,,25.26,5.96,-0.54,9.11,3.02,-0.11
433,2020-06-16,14.41,15.91,,,25.4,12.6,1.72,9.12,7.07,3.87
434,2020-06-15,14.21,27.11,,,24.97,9.9,0.72,8.78,4.83,-1.53
435,2020-06-12,14.12,22.12,,,24.79,8.06,1.19,8.92,4.58,1.79
436,2020-06-11,13.77,68.22,,,24.5,24.18,-6.13,8.76,11.37,-7.1
437,2020-06-10,14.96,34.1,,,26.1,8.53,1.44,9.43,9.98,-0.74
438,2020-06-09,14.9,47.54,,,25.73,20.44,-1.04,9.5,7.19,-1.86
439,2020-06-08,15.11,42.49,,,26.0,15.07,0.97,9.68,9.58,1.89
440,2020-06-05,14.82,30.99,,,25.75,8.99,3.08,9.5,11.78,3.26
441,2020-06-04,14.33,21.05,,,24.98,4.74,-0.56,9.2,8.96,0.99
442,2020-06-03,14.29,19.05,,,25.12,7.36,3.04,9.11,7.21,2.47
443,2020-06-02,13.91,14.11,,,24.38,2.22,1.58,8.89,3.93,1.95
444,2020-06-01,13.77,11.8,,,24.0,8.16,1.87,8.72,7.34,3.56
445,2020-05-29,13.52,9.35,,,23.56,2.5,1.13,8.42,22.71,-0.36
446,2020-05-28,13.43,14.27,,,23.3,2.36,-1.24,8.45,9.28,0.72
447,2020-05-27,13.72,63.39,,,23.59,1.93,-0.21,8.39,38.41,1.82
448,2020-05-26,13.44,27.59,,,23.64,3.35,4.28,8.24,19.74,2.49
449,2020-05-22,13.08,10.68,,,22.67,1.27,0.03,8.04,5.37,-1.23
450,2020-05-21,13.11,24.59,,,22.66,1.56,-1.85,8.14,3.35,-1.21
451,2020-05-20,13.28,8.37,,,23.09,22.17,1.49,8.24,5.98,3.52
452,2020-05-19,12.97,17.82,,,22.75,1.49,0.44,7.96,9.82,-1.0
453,2020-05-18,13.02,16.19,,,22.65,3.41,3.95,8.04,3.14,4.01
454,2020-05-15,12.39,6.1,,,21.79,1.96,1.02,7.73,2.58,0.78
455,2020-05-14,12.37,7.07,,,21.57,1.94,1.36,7.67,2.14,-0.52
456,2020-05-13,12.22,11.15,,,21.28,4.65,-4.65,7.71,2.79,-0.61
457,2020-05-12,12.56,15.29,,,22.32,1.27,-1.12,7.76,1.61,-2.3
458,2020-05-11,12.89,27.38,,,22.57,9.97,-0.04,7.94,4.79,-0.13
459,2020-05-08,12.81,8.53,,,22.58,1.17,2.57,7.95,1.57,2.45
460,2020-05-07,12.43,17.34,,,22.01,3.44,1.02,7.76,2.77,1.57
461,2020-05-06,12.31,8.76,,,21.79,1.61,1.07,7.64,1.75,1.46
462,2020-05-05,12.31,8.95,,,21.56,9.67,1.7,7.53,3.84,0.8
463,2020-05-04,12.22,7.85,,,21.2,2.29,0.95,7.47,2.35,-0.53
464,2020-05-01,12.14,17.89,,,21.0,4.95,-4.11,7.51,2.46,-3.59
465,2020-04-30,12.69,11.21,,,21.9,9.27,-2.23,7.79,9.66,-1.02
466,2020-04-29,12.93,13.31,,,22.4,6.91,4.68,7.87,6.68,2.95
467,2020-04-28,12.45,12.98,,,21.4,22.17,0.98,7.64,13.06,0.32
468,2020-04-27,12.48,21.92,,,21.19,2.69,0.28,7.62,2.8,2.42
469,2020-04-24,12.14,14.25,,,21.13,18.62,0.21,7.44,0.83,1.03
470,2020-04-23,11.95,10.87,,,21.09,15.59,0.87,7.36,1.53,0.75
471,2020-04-22,11.94,12.99,,,20.91,1.76,2.78,7.31,3.86,2.09
472,2020-04-21,11.55,23.77,,,20.34,7.79,-2.77,7.16,31.18,-4.02
473,2020-04-20,12.05,15.73,,,20.92,2.25,-0.38,7.46,4.84,-1.54
474,2020-04-17,12.28,13.63,,,21.0,2.14,2.3,7.58,0.62,3.16
475,2020-04-16,11.94,6.22,,,20.53,52.76,1.36,7.35,2.38,-1.41
476,2020-04-15,11.88,11.37,,,20.25,2.76,-3.57,7.45,5.57,-3.5
477,2020-04-14,12.33,12.31,,,21.0,23.47,3.81,7.72,29.38,3.69
478,2020-04-13,11.88,16.07,,,20.23,3.52,-0.68,7.45,3.31,-1.45
479,2020-04-09,11.93,13.34,,,20.37,3.3,1.84,7.55,1.15,2.36
480,2020-04-08,11.76,6.25,,,20.0,51.93,2.46,7.38,2.07,3.08
481,2020-04-07,11.58,15.75,,,19.52,3.83,1.3,7.16,24.19,1.13
482,2020-04-06,11.41,8.71,,,19.27,2.55,8.55,7.08,1.88,5.71
483,2020-04-03,10.47,7.41,,,17.75,1.36,-1.58,6.7,4.29,-1.63
484,2020-04-02,10.61,4.84,,,18.04,3.65,1.84,6.81,2.66,4.58
485,2020-04-01,10.52,11.76,,,17.71,0.85,-6.14,6.51,3.28,-2.54
486,2020-03-31,11.06,78.87,,,18.87,1.28,0.77,6.68,15.36,0.75
487,2020-03-30,11.19,24.62,,,18.73,9.3,-0.4,6.63,4.23,1.07
488,2020-03-27,11.24,25.96,0.06,223.55,18.8,8.31,-4.28,6.56,10.97,-6.42
489,2020-03-26,11.56,14.16,0.01,65.0,19.64,6.54,2.62,7.01,4.82,3.09
490,2020-03-25,11.07,23.93,,,19.14,5.56,3.52,6.8,14.08,3.03
491,2020-03-24,10.8,19.94,,,18.49,10.68,10.14,6.6,7.54,10.37
492,2020-03-23,9.77,21.06,,,16.79,5.09,0.0,5.98,3.69,-2.45
493,2020-03-20,9.82,22.17,,,16.79,1.31,-0.65,6.13,7.48,-5.23
494,2020-03-19,10.08,8.93,,,16.9,2.6,5.22,6.47,8.59,0.0
495,2020-03-18,9.9,22.5,0.01,1.25,16.06,4.81,-7.59,6.47,54.44,-8.74
496,2020-03-17,9.82,60.96,,,17.38,31.34,-0.17,7.09,3.23,4.26
497,2020-03-16,10.25,49.41,,,17.41,9.33,-12.91,6.8,7.26,-9.69
498,2020-03-13,11.65,16.53,0.015,11.16,19.99,6.41,5.71,7.53,11.09,4.44
499,2020-03-12,10.9,32.21,0.04,2.0,18.91,9.69,-10.59,7.21,13.83,-12.71
500,2020-03-11,12.21,12.52,0.01,41.0,21.15,1.76,-3.56,8.26,8.28,-7.19
501,2020-03-10,12.93,12.03,,,21.93,8.64,4.43,8.9,19.0,0.91
502,2020-03-09,12.18,24.06,,,21.0,9.68,-8.1,8.82,4.6,-5.47
503,2020-03-06,13.34,9.32,0.025,4.3,22.85,8.31,-1.89,9.33,6.24,-1.37
504,2020-03-05,13.64,10.51,,,23.29,11.1,-3.6,9.46,15.17,-3.47
505,2020-03-04,14.23,8.33,,,24.16,12.73,3.16,9.8,0.94,2.3
506,2020-03-03,13.87,19.95,,,23.42,14.73,-1.47,9.58,4.08,-0.73
507,2020-03-02,14.16,19.31,,,23.77,76.16,3.8,9.65,3.25,2.33
508,2020-02-28,13.64,41.32,0.025,2.6,22.9,15.95,-1.38,9.43,7.21,-2.98
509,2020-02-27,13.68,32.34,0.025,29.85,23.22,20.72,-4.41,9.72,37.9,-4.71
510,2020-02-26,14.35,23.8,,,24.29,8.71,-0.37,10.2,9.88,-0.87
511,2020-02-25,14.31,36.23,0.045,2.0,24.38,12.91,-1.1,10.29,8.55,0.19
512,2020-02-24,14.77,38.11,0.025,2.0,24.65,21.54,-5.27,10.27,17.06,-5.95
513,2020-02-21,15.48,29.56,,,26.02,14.48,-1.03,10.92,28.83,-1.97
514,2020-02-20,15.82,25.75,,,26.29,17.1,-0.53,11.14,60.07,-0.36
515,2020-02-19,15.88,14.92,0.04,53.15,26.43,26.7,2.05,11.18,9.1,-1.06
516,2020-02-18,15.62,25.06,0.03,6.76,25.9,16.27,1.09,11.3,8.68,-0.88
517,2020-02-14,15.68,18.97,,,25.62,4.88,-0.43,11.4,7.6,-0.09
518,2020-02-13,15.75,44.79,,,25.73,4.99,0.16,11.41,12.37,-1.47
519,2020-02-12,15.85,40.76,0.035,20.5,25.69,8.78,2.11,11.58,52.36,5.75
520,2020-02-11,15.59,34.94,,,25.16,9.36,1.08,10.95,3.49,1.3
521,2020-02-10,15.38,22.9,,,24.89,4.16,0.89,10.81,19.76,2.08
522,2020-02-07,15.2,17.8,,,24.67,4.49,-1.08,10.59,2.65,-3.29
523,2020-02-06,15.5,38.82,0.035,25.0,24.94,5.91,-0.16,10.95,12.95,-0.54
524,2020-02-05,15.47,47.75,0.03,9.16,24.98,18.69,0.93,11.01,131.27,1.19
525,2020-02-04,15.29,20.98,0.03,113.5,24.75,10.97,2.78,10.88,120.03,5.43
526,2020-02-03,14.81,14.83,0.025,1.6,24.08,4.28,2.73,10.32,6.2,-0.96
527,2020-01-31,14.59,6.21,,,23.44,10.2,-2.7,10.42,6.89,-1.23
528,2020-01-30,14.88,23.96,,,24.09,4.6,0.12,10.55,8.52,-2.5
529,2020-01-29,14.96,28.92,0.025,5.39,24.06,5.95,-0.37,10.82,4.51,-0.64
530,2020-01-28,15.02,19.74,0.025,7.0,24.15,3.84,0.25,10.89,7.57,-0.27
531,2020-01-27,14.83,24.06,0.025,58.09,24.09,18.44,-3.06,10.92,13.12,-2.5
532,2020-01-24,15.16,16.49,0.025,2.65,24.85,6.31,-0.44,11.2,7.45,-1.32
533,2020-01-23,15.33,15.2,,,24.96,49.66,-0.36,11.35,8.85,-1.65
534,2020-01-22,15.35,10.28,,,25.05,4.22,-0.2,11.54,8.76,0.7
535,2020-01-21,15.36,36.28,,,25.1,23.5,-0.04,11.46,14.34,-2.47
536,2020-01-17,15.53,9.95,,,25.11,8.09,0.64,11.75,13.86,0.34
537,2020-01-16,15.42,22.55,,,24.95,2.58,0.52,11.71,7.72,-0.09
538,2020-01-15,15.28,27.32,,,24.82,6.18,-0.72,11.72,16.48,-1.92
539,2020-01-14,15.39,28.07,0.025,30.0,25.0,11.52,0.2,11.95,22.26,2.66
540,2020-01-13,15.35,26.14,,,24.95,19.68,1.96,11.64,7.15,3.01
541,2020-01-10,15.1,18.87,0.025,1.9,24.47,3.26,-0.12,11.3,4.47,0.27
542,2020-01-09,15.14,35.07,,,24.5,16.34,0.62,11.27,20.75,0.63
543,2020-01-08,15.12,27.59,0.025,10.45,24.35,11.51,0.95,11.2,3.97,-0.62
544,2020-01-07,15.01,19.07,,,24.12,8.78,1.09,11.27,5.83,0.54
545,2020-01-06,14.9,12.13,0.025,5.0,23.86,4.56,0.04,11.21,6.8,0.09
546,2020-01-03,14.91,29.95,0.025,5.0,23.85,20.6,-1.12,11.2,5.05,0.0
547,2020-01-02,15.13,16.74,,,24.12,3.87,2.38,11.2,11.02,2.1
548,2019-12-31,14.79,5.79,,,23.56,1.11,0.34,10.97,11.22,0.73
549,2019-12-30,14.73,14.98,0.025,41.0,23.48,7.88,-0.68,10.89,12.62,-2.07
550,2019-12-27,14.88,24.58,0.02,12.0,23.64,15.2,-1.17,11.12,2.72,0.36
551,2019-12-26,14.92,9.4,,,23.92,1.61,0.34,11.08,5.9,0.54
552,2019-12-24,14.83,6.62,,,23.84,1.18,0.38,11.02,7.28,0.92
553,2019-12-23,14.8,8.55,0.015,43.0,23.75,2.08,-0.29,10.92,5.26,-0.36
554,2019-12-20,14.79,5.23,0.025,17.38,23.82,0.57,0.04,10.96,2.12,-0.18
555,2019-12-19,14.76,6.16,0.015,12.94,23.81,9.32,0.55,10.98,1.44,0.46
556,2019-12-18,14.74,2.87,0.015,12.0,23.68,0.8,0.04,10.93,0.57,-0.91
557,2019-12-17,14.74,2.95,0.015,16.0,23.67,3.18,0.64,11.03,1.57,1.38
558,2019-12-16,14.68,5.57,0.015,12.0,23.52,8.76,1.42,10.88,1.32,0.55
559,2019-12-13,14.55,7.06,,,23.19,0.97,0.17,10.82,2.8,0.84
560,2019-12-12,14.57,2.49,0.03,6.1,23.15,159.97,1.58,10.73,2.24,1.8
561,2019-12-11,14.32,4.43,,,22.79,56.18,0.97,10.54,0.78,0.48
562,2019-12-10,14.13,2.11,0.03,7.86,22.57,27.44,0.0,10.49,0.99,0.48
563,2019-12-09,14.11,4.93,,,22.57,4.1,-0.53,10.44,0.32,-0.1
564,2019-12-06,14.16,1.38,0.02,71.0,22.69,1.82,1.39,10.45,1.36,1.26
565,2019-12-05,13.95,3.71,0.015,2.0,22.38,1.56,0.18,10.32,0.83,-0.1
566,2019-12-04,13.98,18.06,0.015,9.0,22.34,0.68,1.13,10.33,0.45,1.27
567,2019-12-03,13.85,12.54,,,22.09,1.78,-0.5,10.2,2.38,-1.35
568,2019-12-02,14.05,4.58,,,22.2,2.37,-1.38,10.34,3.3,-0.67
569,2019-11-29,14.14,6.01,,,22.51,0.78,-0.49,10.41,10.38,-1.42
570,2019-11-27,14.29,1.64,,,22.62,0.13,0.4,10.56,0.69,0.86
571,2019-11-26,14.25,1.87,0.02,2.39,22.53,1.93,0.4,10.47,1.58,0.1
572,2019-11-25,14.25,73.05,,,22.44,1.73,0.45,10.46,4.15,1.36
573,2019-11-22,14.05,1.27,,,22.34,1.72,0.95,10.32,2.12,0.19
574,2019-11-21,14.02,3.43,,,22.13,1.21,-0.67,10.3,0.84,-0.87
575,2019-11-20,14.05,76.77,0.015,30.1,22.28,1.97,-0.85,10.39,1.2,-0.57
576,2019-11-19,14.21,5.35,0.015,26.0,22.47,1.92,0.4,10.45,2.14,0.38
577,2019-11-18,14.26,72.09,,,22.38,0.71,-0.18,10.41,1.13,-1.33
578,2019-11-15,14.3,71.56,,,22.42,2.74,0.31,10.55,1.66,0.96
579,2019-11-14,14.17,64.09,0.015,17.4,22.35,1.98,0.13,10.45,2.48,-0.67
580,2019-11-13,14.24,62.83,0.015,83.51,22.32,0.79,-1.15,10.52,2.19,-1.5
581,2019-11-12,14.37,8.74,0.01,16.0,22.58,2.49,0.09,10.68,1.64,-2.11
582,2019-11-11,14.42,3.81,,,22.56,0.51,-0.18,10.91,3.66,-1.53
583,2019-11-08,14.46,8.1,0.015,31.0,22.6,0.51,-0.96,11.08,0.93,-0.72
584,2019-11-07,14.43,37.32,0.015,18.01,22.82,0.78,1.83,11.16,3.96,-0.36
585,2019-11-06,14.2,8.96,0.015,11.0,22.41,0.64,-1.06,11.2,1.85,-0.18
586,2019-11-05,14.31,14.43,0.015,84.06,22.65,1.9,1.34,11.22,2.12,0.63
587,2019-11-04,14.26,18.0,,,22.35,5.83,1.45,11.15,6.85,3.24
588,2019-11-01,13.96,23.35,,,22.03,2.84,2.27,10.8,0.55,1.98
589,2019-10-31,13.62,3.73,0.025,1.0,21.54,0.44,-1.01,10.59,0.32,-1.4
590,2019-10-30,13.78,10.37,,,21.76,0.68,-0.23,10.74,1.6,-0.09
591,2019-10-29,13.77,17.01,,,21.81,0.17,0.05,10.75,1.56,0.0
592,2019-10-28,13.87,11.66,,,21.8,0.72,0.55,10.75,1.42,1.42
593,2019-10-25,13.71,15.01,0.025,34.05,21.68,3.48,1.07,10.6,1.09,-0.19
594,2019-10-24,13.5,13.62,0.025,2.0,21.45,2.79,1.27,10.62,9.95,0.57
595,2019-10-23,13.43,8.53,,,21.18,0.45,-0.14,10.56,2.17,0.38
596,2019-10-22,13.49,18.51,0.015,2.13,21.21,2.73,-0.19,10.52,2.29,0.29
597,2019-10-21,13.43,13.66,,,21.25,0.58,0.43,10.49,0.06,0.48
598,2019-10-18,13.36,14.55,,,21.16,0.41,-0.8,10.44,0.06,-0.29
599,2019-10-17,13.43,10.6,,,21.33,0.8,0.8,10.47,0.25,-0.1
600,2019-10-16,13.34,14.96,,,21.16,0.45,0.38,10.48,0.37,-0.57
601,2019-10-15,13.34,13.55,,,21.08,4.18,0.67,10.54,1.82,-1.13
602,2019-10-14,13.15,6.07,,,20.94,0.9,0.19,10.66,1.66,-0.65
603,2019-10-11,13.22,8.4,0.015,13.1,20.9,2.15,2.3,10.73,0.86,1.8
604,2019-10-10,12.86,24.15,,,20.43,0.7,1.19,10.54,1.7,1.35
605,2019-10-09,12.73,2.69,0.02,1.0,20.19,0.46,1.56,10.4,0.89,0.68
606,2019-10-08,12.61,2.67,0.02,35.14,19.88,2.48,-1.68,10.33,0.23,-0.96
607,2019-10-07,12.85,21.06,0.03,73.08,20.22,2.44,-0.49,10.43,0.1,0.19
608,2019-10-04,12.89,5.76,,,20.32,52.99,1.09,10.41,1.46,0.29
609,2019-10-03,12.79,4.22,0.025,51.13,20.1,4.21,0.6,10.38,0.61,0.87
610,2019-10-02,12.7,31.66,,,19.98,3.97,-1.96,10.29,1.36,-2.0
611,2019-10-01,12.95,4.65,,,20.38,1.3,-0.92,10.5,0.49,-1.78
612,2019-09-30,13.14,10.54,,,20.57,7.07,0.34,10.69,0.28,-0.37
613,2019-09-27,13.11,3.88,0.025,11.0,20.5,2.1,-0.49,10.73,1.4,-0.56
614,2019-09-26,13.22,37.87,0.035,30.41,20.6,6.19,-0.58,10.79,0.92,-1.19
615,2019-09-25,13.11,24.06,,,20.72,9.59,0.0,10.92,0.39,0.28
616,2019-09-24,13.1,11.44,0.035,23.5,20.72,3.52,-1.0,10.89,0.66,-1.09
617,2019-09-23,13.34,8.16,,,20.93,14.45,-1.09,11.01,1.94,-0.72
618,2019-09-20,13.35,9.88,,,21.16,7.82,-0.7,11.09,3.54,-0.18
619,2019-09-19,13.46,22.75,,,21.31,2.03,0.14,11.11,0.06,-0.09
620,2019-09-18,13.48,14.73,0.04,16.0,21.28,1.44,-0.05,11.12,1.27,-0.54
621,2019-09-17,13.51,14.47,0.02,34.88,21.29,2.71,-0.75,11.18,3.19,-1.41
622,2019-09-16,13.61,15.96,0.035,14.3,21.45,6.69,-0.69,11.34,1.37,-0.53
623,2019-09-13,13.73,10.97,0.025,8.5,21.6,6.03,0.65,11.4,0.03,1.24
624,2019-09-12,13.61,15.43,,,21.46,13.27,1.27,11.26,1.11,1.08
625,2019-09-11,13.56,21.25,0.03,19.8,21.19,104.14,0.47,11.14,2.63,1.36
626,2019-09-10,13.4,9.7,0.03,143.6,21.09,10.56,1.39,10.99,0.61,1.1
627,2019-09-09,13.26,5.33,,,20.8,60.68,1.27,10.87,0.49,1.78
628,2019-09-06,13.06,5.02,0.03,13.1,20.54,21.05,-0.19,10.68,5.03,0.0
629,2019-09-05,13.0,26.88,,,20.58,4.56,2.9,10.68,3.79,0.95
630,2019-09-04,12.66,9.12,0.035,24.0,20.0,3.75,1.83,10.58,2.86,1.44
631,2019-09-03,12.39,3.58,0.04,3.5,19.64,0.59,-0.91,10.43,3.59,2.15
632,2019-08-30,12.52,2.53,0.04,26.78,19.82,0.18,0.3,10.21,0.4,1.09
633,2019-08-29,12.46,17.91,0.045,1.4,19.76,0.22,1.59,10.1,0.38,0.6
634,2019-08-28,12.27,7.1,,,19.45,0.99,0.26,10.04,0.2,1.01
635,2019-08-27,12.19,1.05,,,19.4,1.05,0.52,9.94,5.88,-0.2
636,2019-08-26,12.2,5.46,,,19.3,4.2,1.05,9.96,0.67,0.0
637,2019-08-23,12.09,16.56,,,19.1,2.87,-3.44,9.96,1.72,-3.21
638,2019-08-22,12.54,11.72,,,19.78,3.56,-0.75,10.29,13.87,-1.34
639,2019-08-21,12.58,13.79,,,19.93,0.73,1.01,10.43,0.78,0.0
640,2019-08-20,12.5,5.66,,,19.73,0.19,-0.85,10.43,0.27,-0.29
641,2019-08-19,12.56,15.04,,,19.9,0.47,2.21,10.46,0.11,0.58
642,2019-08-16,12.4,2.4,,,19.47,2.37,2.2,10.4,7.69,1.07
643,2019-08-15,12.06,3.12,,,19.05,1.41,-0.47,10.29,1.28,-0.96
644,2019-08-14,12.22,5.86,0.04,1.0,19.14,1.59,-3.53,10.39,4.58,-2.9
645,2019-08-13,12.69,15.18,0.04,7.1,19.84,1.3,2.01,10.7,1.81,1.42
646,2019-08-12,12.46,5.71,,,19.45,3.63,-1.47,10.55,4.2,-2.68
647,2019-08-09,12.68,9.71,,,19.74,1.53,-1.99,10.84,0.99,0.09
648,2019-08-08,12.84,12.84,0.04,9.5,20.14,1.2,2.23,10.83,2.79,3.44
649,2019-08-07,12.66,15.64,,,19.7,0.86,-0.1,10.47,4.55,2.05
650,2019-08-06,12.58,8.57,0.04,10.02,19.72,0.81,0.87,10.26,1.64,1.28
651,2019-08-05,12.49,11.91,,,19.55,3.37,-3.03,10.13,27.77,-4.43
652,2019-08-02,12.86,42.32,,,20.16,1.93,-1.71,10.6,5.14,-1.58
653,2019-08-01,13.1,13.13,,,20.51,4.18,-2.1,10.77,2.32,-2.53
654,2019-07-31,13.33,10.59,0.04,1.9,20.95,1.37,-1.13,11.05,1.29,-0.9
655,2019-07-30,13.53,13.27,,,21.19,16.34,-0.56,11.15,3.2,-1.06
656,2019-07-29,13.62,6.11,,,21.31,100.65,0.38,11.27,0.27,-0.18
657,2019-07-26,13.7,2.9,0.04,1.0,21.23,4.23,0.28,11.29,1.14,-0.18
658,2019-07-25,13.61,3.66,,,21.17,31.91,-2.22,11.31,0.3,-2.25
659,2019-07-24,13.85,8.25,0.05,3.84,21.65,11.96,1.98,11.57,2.53,-0.26
660,2019-07-23,13.71,411.16,0.04,50.0,21.23,17.35,1.97,11.6,1.5,0.87
661,2019-07-22,13.41,39.39,0.04,53.5,20.82,11.15,0.68,11.5,1.12,-0.26
662,2019-07-19,13.43,7.82,,,20.68,16.78,0.88,11.53,5.33,0.79
663,2019-07-18,13.34,4.85,0.04,2.5,20.5,22.67,-0.68,11.44,4.16,0.79
664,2019-07-17,13.34,17.49,,,20.64,32.0,-0.39,11.35,1.39,-0.44
665,2019-07-16,13.45,4.62,0.055,10.2,20.72,16.29,0.44,11.4,3.96,0.26
666,2019-07-15,13.39,15.71,0.04,3.5,20.63,1.92,1.98,11.37,1.2,1.43
667,2019-07-12,13.38,12.9,,,20.23,21.61,-0.15,11.21,0.3,-0.27
668,2019-07-11,13.21,32.34,0.045,5.0,20.26,52.16,-0.78,11.24,0.37,0.27
669,2019-07-10,13.22,5.77,,,20.42,14.21,1.49,11.21,2.85,0.81
670,2019-07-09,13.21,4.35,,,20.12,13.18,-0.35,11.12,2.46,-0.45
671,2019-07-08,13.24,38.09,,,20.19,17.15,-0.74,11.17,0.97,-0.71
672,2019-07-05,13.39,9.23,0.05,3.0,20.34,9.84,-1.55,11.25,2.89,-1.23
673,2019-07-03,13.42,7.72,,,20.66,1.1,0.44,11.39,0.72,-0.52
674,2019-07-02,13.41,11.6,0.04,2.48,20.57,0.07,-0.05,11.45,1.29,0.09
675,2019-07-01,13.44,13.82,,,20.58,0.59,1.23,11.44,1.71,0.88
676,2019-06-28,13.34,10.78,0.05,13.0,20.33,1.6,1.55,11.34,1.01,0.35
677,2019-06-27,13.34,2.81,0.045,39.26,20.02,15.52,0.45,11.3,1.94,0.0
678,2019-06-26,13.34,2.73,0.045,1.0,19.93,2.73,0.96,11.3,0.62,0.44
679,2019-06-25,13.11,6.64,0.04,33.0,19.74,3.58,-0.1,11.25,1.21,-0.18
680,2019-06-24,13.25,4.71,0.045,3.0,19.76,15.81,0.05,11.27,0.95,0.18
681,2019-06-21,13.27,2.91,,,19.75,8.55,-0.5,11.25,1.88,0.81
682,2019-06-20,13.34,11.74,0.04,48.02,19.85,13.56,1.48,11.16,0.77,1.36
683,2019-06-19,13.17,2.53,0.045,14.4,19.56,11.37,0.62,11.01,0.67,0.09
684,2019-06-18,13.13,7.64,0.04,30.65,19.44,15.28,1.57,11.0,3.31,1.2
685,2019-06-17,12.85,3.01,0.04,10.0,19.14,0.55,-0.21,10.87,4.99,-1.09
686,2019-06-14,12.82,5.47,,,19.18,0.62,-1.44,10.99,0.69,-0.99
687,2019-06-13,12.96,2.52,0.04,10.03,19.46,1.86,0.31,11.1,1.03,-0.18
688,2019-06-12,12.96,4.08,0.05,3.92,19.4,0.16,-0.97,11.12,0.33,-0.45
689,2019-06-11,13.08,11.25,0.045,2.0,19.59,1.36,1.14,11.17,0.62,1.36
690,2019-06-10,13.01,11.45,0.06,2.65,19.37,2.67,1.36,11.02,1.65,0.73
691,2019-06-07,12.84,5.21,0.05,4.15,19.11,1.6,1.22,10.94,2.14,0.83
692,2019-06-06,12.68,1.43,,,18.88,0.86,0.16,10.85,0.72,-0.28
693,2019-06-05,12.58,4.18,,,18.85,1.46,-1.05,10.88,3.42,-1.54
694,2019-06-04,12.59,1.81,0.045,1.0,19.05,2.04,3.36,11.05,0.85,1.56
695,2019-06-03,12.16,9.77,0.04,5.0,18.43,2.24,-0.11,10.88,0.48,-0.09
696,2019-05-31,12.17,8.31,0.065,21.31,18.45,1.29,-1.6,10.89,0.56,-0.73
697,2019-05-30,12.35,17.73,0.065,28.52,18.75,2.23,0.05,10.97,2.79,0.64
698,2019-05-29,12.29,11.04,0.05,1.51,18.74,1.18,-0.16,10.9,6.17,0.46
699,2019-05-28,12.38,15.77,0.065,5.05,18.77,1.42,-0.16,10.85,1.6,-0.18
700,2019-05-24,12.37,6.57,,,18.8,3.77,0.05,10.87,0.74,0.28
701,2019-05-23,12.29,8.66,,,18.79,3.17,-1.98,10.84,0.74,-2.95
702,2019-05-22,12.56,13.01,0.055,3.3,19.17,4.64,-1.49,11.17,1.22,-0.53
703,2019-05-21,12.8,2.8,0.065,31.76,19.46,4.21,1.14,11.23,0.46,2.46
704,2019-05-20,12.55,16.92,,,19.24,5.78,-2.34,10.96,2.65,-1.53
705,2019-05-17,12.84,18.94,,,19.7,3.03,-2.86,11.13,2.94,-1.33
706,2019-05-16,13.09,18.69,,,20.28,3.07,-1.12,11.28,0.7,0.18
707,2019-05-15,13.21,5.31,0.05,35.06,20.51,2.88,1.53,11.26,1.0,-0.09
708,2019-05-14,13.07,1.89,0.045,26.4,20.2,0.86,1.87,11.27,1.57,1.35
709,2019-05-13,12.9,19.36,0.045,108.0,19.83,3.18,-5.07,11.12,2.2,-3.14
710,2019-05-10,13.38,4.7,,,20.89,0.33,0.48,11.48,1.34,0.7
711,2019-05-09,13.38,7.82,0.07,123.75,20.79,15.07,-1.0,11.4,1.24,-0.96
712,2019-05-08,13.66,3.69,0.05,19.01,21.0,2.96,-0.19,11.51,6.25,-0.69
713,2019-05-07,13.6,8.18,0.04,24.13,21.04,5.77,-2.05,11.59,3.4,-1.78
714,2019-05-06,13.98,5.06,,,21.48,3.22,-2.94,11.8,1.73,-2.32
715,2019-05-03,14.18,9.68,0.05,3.09,22.13,9.67,1.51,12.08,7.61,1.94
716,2019-05-02,13.91,2.79,0.045,81.0,21.8,2.37,0.23,11.85,3.09,1.02
717,2019-05-01,13.92,7.27,0.035,125.0,21.75,2.66,-0.78,11.73,4.03,-1.35
718,2019-04-30,13.98,3.15,0.045,63.71,21.92,2.01,0.41,11.89,1.56,-0.92
719,2019-04-29,14.06,11.77,0.04,28.16,21.83,3.25,-0.77,12.0,4.5,-1.56
720,2019-04-26,14.0,3.55,0.045,174.0,22.0,1.43,0.18,12.19,1.07,-0.08
721,2019-04-25,14.01,52.68,0.045,2.91,21.96,3.93,-1.83,12.2,4.37,-1.61
722,2019-04-24,14.28,13.53,0.045,6.76,22.37,4.56,0.0,12.4,6.81,-2.21
723,2019-04-23,14.3,9.64,0.045,15.8,22.37,6.63,-0.58,12.68,0.83,-1.25
724,2019-04-22,14.34,8.45,,,22.5,6.48,0.0,12.84,3.29,-1.15
725,2019-04-18,14.4,6.23,0.04,77.24,22.5,1.05,-0.4,12.99,1.65,-1.52
726,2019-04-17,14.38,10.66,0.045,2.17,22.59,8.93,0.85,13.19,1.57,0.53
727,2019-04-16,14.21,22.76,0.04,2.3,22.4,1.52,1.59,13.12,9.6,0.85
728,2019-04-15,14.02,43.38,0.05,3.0,22.05,0.78,-0.32,13.01,2.82,0.15
729,2019-04-12,14.07,8.26,0.04,42.0,22.12,1.18,1.0,12.99,0.33,0.85
730,2019-04-11,13.92,2.08,,,21.9,5.71,-0.18,12.88,1.53,-1.23
731,2019-04-10,13.94,4.52,,,21.94,2.58,0.55,13.04,2.08,-0.53
732,2019-04-09,13.86,25.27,0.055,4.48,21.82,0.84,-0.37,13.11,2.87,-0.83
733,2019-04-08,14.0,9.51,0.055,13.0,21.9,10.74,-0.23,13.22,1.15,0.46
734,2019-04-05,13.93,14.45,0.055,3.07,21.95,0.86,0.27,13.16,1.3,0.77
735,2019-04-04,13.92,11.56,0.04,34.15,21.89,2.43,0.23,13.06,0.28,0.31
736,2019-04-03,13.79,11.01,0.045,12.4,21.84,2.24,1.77,13.02,0.35,1.17
737,2019-04-02,13.63,3.05,0.04,15.71,21.46,1.15,0.05,12.87,1.04,-0.08
738,2019-04-01,13.54,3.57,0.04,2.07,21.45,3.64,3.22,12.88,8.6,2.55
739,2019-03-29,13.22,7.77,0.04,4.32,20.78,2.35,2.36,12.56,0.47,1.21
740,2019-03-28,13.14,1.97,0.05,226.75,20.3,2.52,-0.64,12.41,2.46,0.32
741,2019-03-27,13.11,6.43,0.05,16.23,20.43,1.14,-1.54,12.37,0.27,-0.8
742,2019-03-26,13.16,7.38,0.06,11.92,20.75,2.02,0.73,12.47,1.04,0.65
743,2019-03-25,13.05,4.63,0.065,2.64,20.6,2.77,-1.06,12.39,7.92,-1.35
744,2019-03-22,13.2,6.96,0.065,10.45,20.82,8.59,-3.3,12.56,1.45,-2.64
745,2019-03-21,13.59,4.21,0.065,63.8,21.53,5.92,1.17,12.9,0.69,0.47
746,2019-03-20,13.4,18.01,0.055,196.53,21.28,8.64,-0.09,12.84,4.83,-0.31
747,2019-03-19,13.43,12.91,0.065,5.03,21.3,1.4,1.43,12.88,1.24,0.0
748,2019-03-18,13.38,2.68,0.065,15.86,21.0,1.53,-0.52,12.88,11.91,0.0
749,2019-03-15,13.26,4.53,0.065,8.0,21.11,3.16,1.25,12.88,1.32,0.62
750,2019-03-14,13.19,4.68,0.07,22.2,20.85,0.78,-1.28,12.8,1.28,-0.16
751,2019-03-13,13.26,0.21,0.07,14.2,21.12,2.07,0.19,12.82,6.37,1.5
752,2019-03-12,13.21,2.51,,,21.08,0.94,0.24,12.63,9.29,-0.86
753,2019-03-11,13.19,2.55,0.065,63.2,21.03,6.82,2.64,12.74,0.75,1.76
754,2019-03-08,12.91,2.82,0.07,21.75,20.49,1.56,-0.63,12.52,1.16,-2.11
755,2019-03-07,12.98,16.94,,,20.62,1.31,-2.0,12.79,4.54,-2.07
756,2019-03-06,13.23,4.36,0.08,23.65,21.04,3.57,-0.52,13.06,2.36,0.0
757,2019-03-05,13.4,11.93,0.1,9.16,21.15,2.21,0.62,13.06,0.77,-0.38
758,2019-03-04,13.48,4.98,0.085,1.0,21.02,4.65,-0.24,13.11,1.5,-0.98
759,2019-03-01,13.49,2.67,0.1,5.78,21.07,3.43,0.72,13.24,2.76,0.15
760,2019-02-28,13.45,6.4,0.085,26.49,20.92,2.42,-0.38,13.22,2.35,-0.97
761,2019-02-27,13.57,3.86,0.11,26.0,21.0,2.04,-0.62,13.35,3.9,-1.26
762,2019-02-26,13.62,4.25,,,21.13,4.95,-1.26,13.52,1.76,0.45
763,2019-02-25,13.67,22.23,0.095,30.08,21.4,3.22,2.1,13.46,3.79,2.36
764,2019-02-22,13.49,4.01,0.11,20.6,20.96,3.42,2.54,13.15,3.37,1.7
765,2019-02-21,13.35,4.38,0.115,5.0,20.44,0.64,-0.82,12.93,6.49,-0.39
766,2019-02-20,13.42,3.11,0.13,29.41,20.61,0.87,0.93,12.98,3.33,2.69
767,2019-02-19,13.28,3.33,0.115,18.05,20.42,1.09,0.89,12.64,9.26,1.36
768,2019-02-15,13.23,2.5,0.12,10.34,20.24,1.8,1.0,12.47,1.01,0.81
769,2019-02-14,13.07,1.03,0.1,18.5,20.04,1.89,-0.3,12.37,2.62,-0.32
770,2019-02-13,13.05,7.02,0.08,5.19,20.1,4.34,1.88,12.41,0.63,0.0
771,2019-02-12,12.98,3.58,0.09,6.02,19.73,2.39,1.49,12.41,1.38,-0.08
772,2019-02-11,12.77,2.34,0.1,3.97,19.44,2.77,0.31,12.42,1.12,0.0
773,2019-02-08,12.69,0.63,0.1,13.91,19.38,1.68,-0.82,12.42,2.41,-1.11
774,2019-02-07,12.83,2.11,0.105,50.12,19.54,5.31,-2.79,12.56,1.43,-1.8
775,2019-02-06,13.17,4.07,0.09,12.42,20.1,3.36,0.6,12.79,2.15,0.08
776,2019-02-05,13.09,2.42,0.09,36.06,19.98,10.57,0.71,12.78,3.38,0.16
777,2019-02-04,13.02,1.98,0.075,15.53,19.84,10.48,-0.1,12.76,5.33,0.39
778,2019-02-01,12.95,2.93,0.09,18.15,19.86,9.76,0.46,12.71,0.63,-0.24
779,2019-01-31,12.9,3.32,0.09,15.55,19.77,11.45,0.97,12.74,0.49,0.79
780,2019-01-30,12.79,6.07,0.09,9.53,19.58,1.02,1.19,12.64,2.15,2.43
781,2019-01-29,12.59,4.61,0.09,21.81,19.35,6.89,-0.51,12.34,1.85,-0.56
782,2019-01-28,12.62,2.22,0.075,18.0,19.45,7.51,-1.42,12.41,3.62,-0.96
783,2019-01-25,12.83,4.42,0.1,101.2,19.73,3.32,3.03,12.53,5.39,1.87
784,2019-01-24,12.57,3.82,0.1,39.74,19.15,1.44,1.32,12.3,1.92,-0.32
785,2019-01-23,12.31,2.89,0.09,20.56,18.9,5.79,-0.05,12.34,17.83,-0.48
786,2019-01-22,12.35,6.38,0.075,6.81,18.91,2.01,-2.32,12.4,7.7,-2.97
787,2019-01-18,12.7,3.91,0.06,40.07,19.36,10.11,1.41,12.78,2.78,1.27
788,2019-01-17,12.54,4.6,0.08,13.43,19.09,26.48,-0.1,12.62,2.54,0.72
789,2019-01-16,12.45,6.99,0.08,18.55,19.11,0.96,0.95,12.53,1.1,0.72
790,2019-01-15,12.35,2.38,0.1,26.16,18.93,2.07,0.21,12.44,0.21,0.32
791,2019-01-14,12.33,1.64,0.1,56.1,18.89,0.78,-0.05,12.4,3.35,-0.72
792,2019-01-11,12.41,1.86,0.14,46.0,18.9,0.35,0.16,12.49,2.91,0.24
793,2019-01-10,12.32,2.69,0.15,104.69,18.87,1.6,0.37,12.46,3.22,0.4
794,2019-01-09,12.34,5.57,0.15,115.43,18.8,2.09,2.34,12.41,4.65,1.14
795,2019-01-08,12.08,4.69,0.15,52.55,18.37,1.4,0.77,12.27,1.62,1.15
796,2019-01-07,12.1,2.11,0.1,12.03,18.23,0.87,1.79,12.13,1.55,1.59
797,2019-01-04,11.84,13.08,0.1,11.8,17.91,0.91,3.95,11.94,0.53,3.56
798,2019-01-03,11.39,2.81,0.1,7.1,17.23,0.84,-3.31,11.53,5.79,-1.11
799,2019-01-02,11.76,4.3,0.1,16.0,17.82,1.25,0.0,11.66,2.56,0.43
800,2018-12-31,11.66,6.24,0.1,67.4,,,,,,
801,2018-12-28,11.65,3.93,0.1,16.6,,,,,,
802,2018-12-27,11.6,5.99,0.1,75.95,,,,,,
803,2018-12-26,11.73,13.81,,,,,,,,
804,2018-12-24,11.45,10.35,0.1,172.38,,,,,,
805,2018-12-21,11.66,3.89,0.15,61.27,,,,,,
806,2018-12-20,11.85,4.34,0.1,21.32,,,,,,
807,2018-12-18,12.31,3.97,0.05,24.55,,,,,,
808,2018-12-17,12.14,2.39,0.1,201.46,,,,,,
809,2018-12-14,12.53,0.97,0.1,127.83,,,,,,
810,2018-12-13,12.64,5.51,0.1,5.07,,,,,,
811,2018-12-12,12.71,15.88,0.2,161.89,,,,,,
812,2018-12-11,12.53,8.24,0.1,524.43,,,,,,
813,2018-12-10,12.48,42.06,,,,,,,,
814,2018-12-07,12.53,6.19,,,,,,,,
815,2018-12-06,12.83,4.56,,,,,,,,
816,2018-12-04,13.14,3.56,,,,,,,,
817,2018-12-03,13.54,2.23,,,,,,,,
818,2018-11-30,13.25,1.63,,,,,,,,
819,2018-11-29,13.21,1.33,,,,,,,,
820,2018-11-28,13.18,2.28,,,,,,,,
821,2018-11-27,12.98,1.21,,,,,,,,
822,2018-11-26,13.01,3.33,,,,,,,,
823,2018-11-21,12.93,1.67,,,,,,,,
824,2018-11-20,12.69,6.47,,,,,,,,
825,2018-11-19,12.99,9.23,,,,,,,,
826,2018-11-16,13.22,1.06,,,,,,,,
827,2018-11-15,13.19,1.74,,,,,,,,
828,2018-11-14,13.05,4.35,,,,,,,,
829,2018-11-13,13.09,1.28,,,,,,,,
830,2018-11-12,13.06,10.66,,,,,,,,
831,2018-11-09,13.36,2.27,,,,,,,,
832,2018-11-08,13.63,3.63,,,,,,,,
833,2018-11-07,13.71,2.86,,,,,,,,
834,2018-11-06,13.56,1.58,,,,,,,,
835,2018-11-05,13.36,1.19,,,,,,,,
836,2018-11-02,13.46,3.3,,,,,,,,
837,2018-11-01,13.5,2.78,,,,,,,,
838,2018-10-31,13.24,2.36,,,,,,,,
839,2018-10-30,12.86,9.87,,,,,,,,
840,2018-10-29,12.8,6.73,,,,,,,,
841,2018-10-26,12.83,82.8,,,,,,,,
842,2018-10-25,13.01,54.18,,,,,,,,
843,2018-10-24,12.87,22.24,,,,,,,,
844,2018-10-23,13.33,28.6,,,,,,,,
845,2018-10-22,13.44,5.63,,,,,,,,
846,2018-10-19,13.39,1.09,,,,,,,,
847,2018-10-18,13.45,10.37,,,,,,,,
848,2018-10-17,13.71,3.68,,,,,,,,
849,2018-10-16,13.74,64.88,,,,,,,,
850,2018-10-15,13.48,29.4,,,,,,,,
851,2018-10-12,13.49,2.56,,,,,,,,
852,2018-10-11,13.5,7.98,,,,,,,,
853,2018-10-10,13.69,7.21,,,,,,,,
854,2018-10-09,14.12,6.04,,,,,,,,
855,2018-10-08,14.26,6.02,,,,,,,,
856,2018-10-05,14.34,3.86,,,,,,,,
857,2018-10-04,14.54,1.47,,,,,,,,
858,2018-10-03,14.81,3.08,,,,,,,,
859,2018-10-02,14.84,1.69,,,,,,,,
860,2018-10-01,14.85,3.28,,,,,,,,
861,2018-09-28,14.73,2.05,,,,,,,,
862,2018-09-27,14.78,3.38,,,,,,,,
863,2018-09-26,14.78,6.22,,,,,,,,
864,2018-09-25,14.84,4.87,,,,,,,,
865,2018-09-24,14.91,2.54,,,,,,,,
866,2018-09-21,15.04,2.11,,,,,,,,
867,2018-09-20,15.01,8.21,,,,,,,,
868,2018-09-19,14.81,2.16,,,,,,,,
869,2018-09-18,14.67,2.14,,,,,,,,
870,2018-09-17,14.63,2.52,,,,,,,,
871,2018-09-14,14.67,2.98,,,,,,,,
872,2018-09-13,14.61,3.42,,,,,,,,
873,2018-09-12,14.42,3.48,,,,,,,,
874,2018-09-11,14.4,6.93,,,,,,,,
875,2018-09-10,14.48,3.51,,,,,,,,
876,2018-09-07,14.41,3.26,,,,,,,,
877,2018-09-06,14.54,4.74,,,,,,,,
878,2018-09-05,14.63,4.15,,,,,,,,
879,2018-09-04,14.74,2.7,,,,,,,,
880,2018-08-31,14.82,2.97,,,,,,,,
881,2018-08-30,14.91,5.87,,,,,,,,
882,2018-08-29,15.04,10.36,,,,,,,,
883,2018-08-28,15.01,3.06,,,,,,,,
884,2018-08-27,14.94,3.55,,,,,,,,
885,2018-08-24,14.72,4.9,,,,,,,,
886,2018-08-23,14.55,2.49,,,,,,,,
887,2018-08-22,14.6,1.64,,,,,,,,
888,2018-08-21,14.64,2.15,,,,,,,,
889,2018-08-20,14.5,7.2,,,,,,,,
890,2018-08-17,14.38,6.23,,,,,,,,
891,2018-08-16,14.34,2.2,,,,,,,,
892,2018-08-15,14.27,3.3,,,,,,,,
893,2018-08-14,14.57,1.75,,,,,,,,
894,2018-08-13,14.48,8.77,,,,,,,,
895,2018-08-10,14.6,1.24,,,,,,,,
896,2018-08-09,14.88,1.0,,,,,,,,
897,2018-08-08,14.94,2.88,,,,,,,,
898,2018-08-07,14.95,1.27,,,,,,,,
899,2018-08-06,14.85,1.83,,,,,,,,
900,2018-08-03,14.81,0.83,,,,,,,,
901,2018-08-02,14.78,8.31,,,,,,,,
902,2018-08-01,14.71,2.35,,,,,,,,
903,2018-07-31,14.83,1.03,,,,,,,,
904,2018-07-30,14.78,5.33,,,,,,,,
905,2018-07-27,14.86,5.43,,,,,,,,
906,2018-07-26,14.97,2.26,,,,,,,,
907,2018-07-25,14.79,4.98,,,,,,,,
908,2018-07-24,14.87,4.04,,,,,,,,
909,2018-07-23,14.75,3.66,,,,,,,,
910,2018-07-20,14.79,3.11,,,,,,,,
911,2018-07-19,14.86,5.36,,,,,,,,
912,2018-07-18,14.97,16.04,,,,,,,,
913,2018-07-17,14.89,5.04,,,,,,,,
914,2018-07-16,14.75,8.73,,,,,,,,
915,2018-07-13,14.84,3.89,,,,,,,,
916,2018-07-12,14.83,1.44,,,,,,,,
917,2018-07-11,14.67,3.83,,,,,,,,
918,2018-07-10,14.97,7.51,,,,,,,,
919,2018-07-09,14.87,5.86,,,,,,,,
920,2018-07-06,14.7,4.39,,,,,,,,
921,2018-07-05,14.56,0.78,,,,,,,,
922,2018-07-03,14.37,3.27,,,,,,,,
923,2018-07-02,14.45,7.44,,,,,,,,
924,2018-06-29,14.51,5.51,,,,,,,,
925,2018-06-28,14.39,1.96,0.6,228.51,,,,,,
926,2018-06-27,14.59,16.33,0.55,114.34,,,,,,
927,2018-06-26,14.7,2.5,0.55,235.29,,,,,,
928,2018-06-25,14.59,11.7,0.6,187.27,,,,,,
929,2018-06-22,14.99,13.18,0.65,351.8,,,,,,
930,2018-06-21,15.0,6.87,0.75,922.59,,,,,,
931,2018-06-20,15.23,15.45,0.7,413.64,,,,,,
932,2018-06-19,15.2,10.46,0.75,1030.0,,,,,,
933,2018-06-18,15.44,12.18,0.95,540.95,,,,,,
934,2018-06-15,15.45,12.7,1.1,644.39,,,,,,
935,2018-06-14,15.57,11.59,1.1,1130.0,,,,,,
936,2018-06-13,15.59,4.55,1.55,493.79,,,,,,
937,2018-06-12,15.56,8.99,2.0,672.39,,,,,,
938,2018-06-11,15.66,25.88,1.8,24.4,,,,,,
939,2018-06-08,15.62,9.4,1.8,85.07,,,,,,
940,2018-06-07,15.68,12.24,2.1,80.31,,,,,,
941,2018-06-06,15.71,12.31,1.8,45.53,,,,,,
942,2018-06-05,15.57,5.02,1.75,14.7,,,,,,
943,2018-06-04,15.5,8.57,1.75,59.48,,,,,,
944,2018-06-01,15.36,8.29,1.85,168.18,,,,,,
945,2018-05-31,15.12,17.99,1.75,17.55,,,,,,
946,2018-05-30,15.18,10.39,1.75,60.26,,,,,,
947,2018-05-29,15.05,13.58,1.7,92.0,,,,,,
948,2018-05-25,15.27,4.93,,,,,,,,
949,2018-05-24,15.32,12.66,,,,,,,,
950,2018-05-23,15.38,16.95,2.0,22.09,,,,,,
951,2018-05-22,15.49,25.25,2.0,60.18,,,,,,
952,2018-05-21,15.44,9.09,,,,,,,,
953,2018-05-18,15.38,11.78,1.9,8.44,,,,,,
954,2018-05-17,15.41,8.64,1.7,13.2,,,,,,
955,2018-05-16,15.46,5.71,1.65,23.18,,,,,,
956,2018-05-15,15.28,6.59,1.7,6.27,,,,,,
957,2018-05-14,15.45,33.52,1.8,9.46,,,,,,
958,2018-05-11,15.39,9.17,1.7,27.42,,,,,,
959,2018-05-10,15.38,20.57,1.85,19.72,,,,,,
960,2018-05-09,15.18,10.24,2.0,7.1,,,,,,
961,2018-05-08,15.03,10.98,2.0,127.46,,,,,,
962,2018-05-07,15.06,13.06,2.0,34.53,,,,,,
963,2018-05-04,15.03,5.15,2.0,66.39,,,,,,
964,2018-05-03,14.82,12.45,2.05,58.64,,,,,,
965,2018-05-02,14.8,12.39,2.0,29.85,,,,,,
966,2018-05-01,14.81,12.19,2.0,67.72,,,,,,
967,2018-04-30,14.76,9.9,2.2,73.96,,,,,,
968,2018-04-27,14.82,5.05,,,,,,,,
969,2018-04-26,14.93,5.03,,,,,,,,
970,2018-04-25,14.67,8.37,2.45,67.97,,,,,,
971,2018-04-24,14.69,9.6,2.65,43.58,,,,,,
972,2018-04-23,14.85,14.21,2.85,32.35,,,,,,
973,2018-04-20,15.0,72.16,3.0,100.85,,,,,,
974,2018-04-19,15.16,817.39,2.6,57.42,,,,,,
975,2018-04-18,15.32,85.68,2.35,71.26,,,,,,
976,2022-01-17,,,0.105,1110.0,,,,,,
977,2021-12-24,,,0.16,1650.0,,,,,,
978,2021-11-25,,,0.195,804.42,,,,,,
979,2021-07-05,,,0.33,1570.0,45.98,,0.0,17.66,,0.0
980,2021-05-31,,,0.235,995.34,,,,,,
981,2021-01-18,,,0.24,18840.0,,,,,,
982,2020-11-26,,,0.035,2630.0,,,,,,
983,2019-11-28,,,0.015,2.6,,,,,,
984,2019-01-21,,,0.07,27.49,,,,,,
985,2018-12-19,,,0.1,336.12,,,,,,
986,2018-05-28,,,2.2,48.52,,,,,,
987,2018-04-17,,,2.6,74.34,,,,,,
988,2018-04-16,,,2.9,132.19,,,,,,
989,2018-04-13,,,3.3,42.32,,,,,,
990,2018-04-12,,,3.65,145.01,,,,,,
991,2018-04-11,,,3.8,34.92,,,,,,
992,2018-04-10,,,3.7,44.45,,,,,,
993,2018-04-09,,,3.65,245.87,,,,,,
994,2017-12-13,,,0.61,3320.0,,,,,,
995,2017-12-12,,,0.485,379.4,,,,,,
996,2017-12-11,,,0.5,485.25,,,,,,
997,2017-12-08,,,0.495,281.85,,,,,,
998,2017-12-07,,,0.5,572.99,,,,,,
999,2017-12-06,,,0.5,1610.0,,,,,,
1000,2017-12-05,,,0.53,1100.0,,,,,,
1001,2017-12-04,,,0.5,1030.0,,,,,,
1002,2017-12-01,,,0.5,1110.0,,,,,,
1003,2017-11-30,,,0.48,1080.0,,,,,,
1004,2017-11-29,,,0.46,1260.0,,,,,,
1005,2017-11-28,,,0.54,2080.0,,,,,,
1006,2017-11-27,,,0.5,2220.0,,,,,,
1007,2017-11-24,,,0.45,886.73,,,,,,
1008,2017-11-23,,,0.43,1270.0,,,,,,
1009,2017-11-22,,,0.38,1150.0,,,,,,
1010,2017-11-21,,,0.35,1570.0,,,,,,
1011,2017-11-20,,,0.38,413.0,,,,,,
1012,2017-11-17,,,0.4,1850.0,,,,,,
1013,2017-11-16,,,0.38,582.57,,,,,,
1014,2017-11-15,,,0.44,606.4,,,,,,
1015,2017-11-14,,,0.46,1900.0,,,,,,
1016,2017-11-13,,,0.455,1300.0,,,,,,
1017,2017-11-10,,,0.395,1170.0,,,,,,
1018,2017-11-09,,,0.43,1050.0,,,,,,
1019,2017-11-08,,,0.435,4050.0,,,,,,
1020,2017-11-07,,,0.4,2110.0,,,,,,
1021,2017-11-06,,,0.4,3270.0,,,,,,
1022,2017-11-03,,,0.37,2740.0,,,,,,
1023,2017-11-02,,,0.235,1590.0,,,,,,
1024,2017-11-01,,,0.17,1960.0,,,,,,
1025,2017-10-31,,,0.19,419.5,,,,,,
1026,2017-10-30,,,0.175,204.5,,,,,,
1027,2017-10-27,,,0.185,171.0,,,,,,
1028,2017-10-26,,,0.17,66.83,,,,,,
1029,2017-10-25,,,0.17,431.0,,,,,,
1030,2017-10-24,,,0.16,424.1,,,,,,
1031,2017-10-23,,,0.18,463.0,,,,,,
1032,2017-10-20,,,0.17,1450.0,,,,,,
1033,2017-10-19,,,0.19,1980.0,,,,,,
1034,2017-10-18,,,0.19,3200.0,,,,,,
1035,2017-10-17,,,0.185,2500.0,,,,,,
1036,2017-10-16,,,0.13,360.96,,,,,,
1037,2017-10-13,,,0.115,107.5,,,,,,
1038,2017-10-12,,,0.12,170.0,,,,,,
1039,2017-10-11,,,0.115,40.0,,,,,,
1040,2017-10-10,,,0.12,2100.0,,,,,,
1041,2017-10-06,,,0.11,121.5,,,,,,
1042,2017-10-05,,,0.1,419.0,,,,,,
1043,2017-10-04,,,0.095,310.5,,,,,,
1044,2017-10-03,,,0.1,98.0,,,,,,
1045,2017-10-02,,,0.105,305.0,,,,,,
1046,2017-09-29,,,0.115,175.0,,,,,,
1047,2017-09-27,,,0.11,93.0,,,,,,
1048,2017-09-26,,,0.11,46.0,,,,,,
1049,2017-09-25,,,0.11,180.0,,,,,,
1050,2017-09-22,,,0.11,212.0,,,,,,
1051,2017-09-21,,,0.115,14.5,,,,,,
1052,2017-09-20,,,0.12,215.5,,,,,,
1053,2017-09-19,,,0.12,535.0,,,,,,
1054,2017-09-18,,,0.115,205.0,,,,,,
1055,2017-09-15,,,0.125,150.0,,,,,,
1056,2017-09-14,,,0.13,674.5,,,,,,
1057,2017-09-13,,,0.1,40.0,,,,,,
1058,2017-09-12,,,0.105,150.0,,,,,,
1059,2017-09-11,,,0.105,165.0,,,,,,
1060,2017-09-08,,,0.125,214.0,,,,,,
1061,2017-09-07,,,0.12,7.0,,,,,,
1062,2017-09-06,,,0.12,495.0,,,,,,
1063,2017-09-05,,,0.11,131.5,,,,,,
1064,2017-09-01,,,0.115,643.0,,,,,,
1065,2017-08-31,,,0.09,132.0,,,,,,
1066,2017-08-30,,,0.08,260.0,,,,,,
1067,2017-08-29,,,0.075,179.0,,,,,,
1068,2017-08-28,,,0.08,195.0,,,,,,
1069,2017-08-25,,,0.07,273.0,,,,,,
1070,2017-08-24,,,0.08,25.0,,,,,,
1071,2017-08-23,,,0.075,280.0,,,,,,
1072,2017-08-22,,,0.06,18.0,,,,,,
1073,2017-08-21,,,0.065,220.0,,,,,,
1074,2017-08-18,,,0.07,569.0,,,,,,
1075,2017-08-17,,,0.07,377.0,,,,,,
1076,2017-08-16,,,0.065,132.0,,,,,,
1077,2017-08-15,,,0.065,98.0,,,,,,
1078,2017-08-14,,,0.06,36.0,,,,,,
1079,2017-08-11,,,0.065,63.0,,,,,,
1080,2017-08-10,,,0.065,55.0,,,,,,
1081,2017-08-09,,,0.07,265.0,,,,,,
1082,2017-08-04,,,0.075,635.0,,,,,,
1083,2017-08-03,,,0.065,2760.0,,,,,,
1084,2017-08-02,,,0.06,1750.0,,,,,,
1085,2017-08-01,,,0.06,272.0,,,,,,
1086,2017-07-28,,,0.1,174.0,,,,,,
1087,2017-07-27,,,0.085,74.0,,,,,,
1088,2017-07-26,,,0.08,86.0,,,,,,
1089,2017-06-06,,,0.1,20.0,,,,,,
1090,2017-06-05,,,0.1,150.0,,,,,,
1091,2017-06-01,,,0.1,70.0,,,,,,
1092,2017-05-31,,,0.115,222.0,,,,,,
1093,2017-05-30,,,0.1,188.0,,,,,,
1094,2017-05-29,,,0.085,,,,,,,
1095,2017-05-25,,,0.105,250.0,,,,,,
1096,2017-05-24,,,0.115,50.0,,,,,,
1097,2017-05-23,,,0.09,190.0,,,,,,
1098,2017-05-19,,,0.11,167.1,,,,,,
1099,2017-05-18,,,0.1,50.0,,,,,,
1100,2017-05-17,,,0.1,100.0,,,,,,
1101,2017-05-15,,,0.115,299.5,,,,,,
1102,2017-05-12,,,0.11,50.5,,,,,,
1103,2017-05-11,,,0.12,50.0,,,,,,
1104,2017-05-10,,,0.105,250.0,,,,,,
1105,2017-05-09,,,0.125,100.0,,,,,,
1106,2017-05-08,,,0.11,30.0,,,,,,
1107,2017-05-05,,,0.11,100.0,,,,,,
1108,2017-05-04,,,0.115,98.0,,,,,,
1109,2017-05-03,,,0.115,29.0,,,,,,
1110,2017-05-01,,,0.12,221.0,,,,,,
1111,2017-04-28,,,0.135,295.7,,,,,,
1112,2017-04-27,,,0.14,290.51,,,,,,
1113,2017-04-26,,,0.18,258.5,,,,,,
1114,2017-04-25,,,0.115,314.0,,,,,,
1115,2017-04-24,,,0.105,283.6,,,,,,
1116,2017-04-21,,,0.11,47.5,,,,,,
1117,2017-04-20,,,0.105,2.5,,,,,,
1118,2017-04-19,,,0.115,620.4,,,,,,
1119,2017-04-18,,,0.125,100.0,,,,,,
1120,2017-04-17,,,0.12,9.0,,,,,,
1121,2017-04-13,,,0.12,20.0,,,,,,
1122,2017-04-12,,,0.115,183.0,,,,,,
1123,2017-04-11,,,0.125,100.0,,,,,,
1124,2017-04-10,,,0.125,190.7,,,,,,
1125,2017-04-07,,,0.125,25.0,,,,,,
1126,2017-04-06,,,0.125,25.0,,,,,,
1127,2017-04-05,,,0.125,50.0,,,,,,
1128,2017-04-04,,,0.125,367.7,,,,,,
1129,2017-04-03,,,0.12,128.5,,,,,,
1130,2017-03-31,,,0.14,560.0,,,,,,
1131,2017-03-30,,,0.11,469.0,,,,,,
1132,2017-03-29,,,0.14,449.67,,,,,,
1133,2017-03-28,,,0.105,107.0,,,,,,
1134,2017-03-27,,,0.1,65.0,,,,,,
1135,2017-03-24,,,0.1,47.0,,,,,,
1136,2017-03-23,,,0.09,33.0,,,,,,
1137,2017-03-22,,,0.085,267.5,,,,,,
1138,2017-03-21,,,0.08,313.0,,,,,,
1139,2017-03-20,,,0.1,25.0,,,,,,
1140,2017-03-17,,,0.095,168.5,,,,,,
1141,2017-03-16,,,0.1,320.0,,,,,,
1142,2017-03-15,,,0.105,385.0,,,,,,
1143,2017-03-13,,,0.09,6.0,,,,,,
1144,2017-03-10,,,0.085,231.5,,,,,,
1145,2017-03-09,,,0.09,55.0,,,,,,
1146,2017-03-08,,,0.09,1.5,,,,,,
1147,2017-03-07,,,0.1,22.5,,,,,,
1148,2017-03-06,,,0.09,34.54,,,,,,
1149,2017-03-02,,,0.115,350.0,,,,,,
1150,2017-02-24,,,0.12,10.0,,,,,,
1151,2017-02-23,,,0.12,152.5,,,,,,
1152,2017-02-22,,,0.12,508.0,,,,,,
1153,2017-02-21,,,0.12,78.1,,,,,,
1154,2017-02-17,,,0.125,137.5,,,,,,
1155,2017-02-16,,,0.135,117.5,,,,,,
1156,2017-02-15,,,0.125,42.5,,,,,,
1157,2017-02-14,,,0.125,99.0,,,,,,
1158,2017-02-10,,,0.135,10.0,,,,,,
1159,2017-02-09,,,0.105,244.0,,,,,,
1160,2017-02-08,,,0.105,173.5,,,,,,
1161,2017-02-07,,,0.115,287.5,,,,,,
1162,2017-02-03,,,0.145,8.0,,,,,,
1163,2017-02-02,,,0.13,10.0,,,,,,
1164,2017-02-01,,,0.12,10.0,,,,,,
1165,2017-01-31,,,0.12,71.0,,,,,,
1166,2017-01-30,,,0.11,24.0,,,,,,
1167,2017-01-27,,,0.14,1.77,,,,,,
1168,2017-01-26,,,0.125,227.75,,,,,,
1169,2017-01-25,,,0.13,205.0,,,,,,
1170,2017-01-23,,,0.11,22.0,,,,,,
1171,2017-01-20,,,0.11,3.0,,,,,,
1172,2017-01-19,,,0.11,105.0,,,,,,
1173,2017-01-18,,,0.12,448.0,,,,,,
1174,2017-01-17,,,0.11,7.0,,,,,,
1175,2017-01-13,,,0.115,12.5,,,,,,
1176,2017-01-12,,,0.12,5.0,,,,,,
1177,2017-01-09,,,0.12,238.5,,,,,,
1178,2017-01-06,,,0.14,128.0,,,,,,
1179,2017-01-05,,,0.14,20.0,,,,,,
1180,2017-01-04,,,0.14,605.0,,,,,,
1181,2017-01-03,,,0.13,411.0,,,,,,
1182,2016-12-30,,,0.11,200.5,,,,,,
1183,2016-12-28,,,0.105,134.39,,,,,,
1184,2016-12-23,,,0.105,20.5,,,,,,
1185,2016-12-22,,,0.11,100.0,,,,,,
1186,2016-12-21,,,0.1,300.0,,,,,,
1187,2016-12-20,,,0.11,113.0,,,,,,
1188,2016-12-16,,,0.115,177.0,,,,,,
1189,2016-12-15,,,0.105,49.44,,,,,,
1190,2016-12-14,,,0.12,50.0,,,,,,
1191,2016-12-13,,,0.14,0.5,,,,,,
1192,2016-12-06,,,0.135,122.28,,,,,,
1193,2016-12-05,,,0.135,176.5,,,,,,
1194,2016-12-02,,,0.145,18.6,,,,,,
1195,2016-12-01,,,0.145,84.6,,,,,,
1196,2016-11-30,,,0.14,413.86,,,,,,
1197,2016-11-29,,,0.135,5.0,,,,,,
1198,2016-11-28,,,0.13,60.5,,,,,,
1199,2016-11-25,,,0.135,65.66,,,,,,
1200,2016-11-24,,,0.13,670.0,,,,,,
1201,2016-11-23,,,0.12,107.57,,,,,,
1202,2016-11-22,,,0.135,326.69,,,,,,
1203,2016-11-21,,,0.135,384.94,,,,,,
1204,2016-11-18,,,0.09,733.68,,,,,,
1205,2016-10-05,,,0.09,202.5,,,,,,
1206,2016-10-04,,,0.1,125.0,,,,,,
1207,2016-10-03,,,0.15,214.6,,,,,,
1208,2016-09-30,,,0.12,97.5,,,,,,
1209,2016-09-29,,,0.115,257.5,,,,,,
1210,2016-09-28,,,0.1,160.0,,,,,,
1211,2016-09-27,,,0.11,277.0,,,,,,
1212,2016-09-26,,,0.1,75.0,,,,,,
1213,2016-09-22,,,0.08,20.0,,,,,,
1214,2016-09-20,,,0.08,55.0,,,,,,
1215,2016-09-19,,,0.08,220.0,,,,,,
1216,2016-09-16,,,0.085,35.0,,,,,,
1217,2016-09-15,,,0.1,20.0,,,,,,
1218,2016-09-14,,,0.085,25.0,,,,,,
1219,2016-09-13,,,0.09,20.4,,,,,,
1220,2016-09-09,,,0.1,10.0,,,,,,
1221,2016-09-08,,,0.09,20.0,,,,,,
1222,2016-09-07,,,0.1,10.0,,,,,,
1223,2016-09-06,,,0.09,637.1,,,,,,
1224,2016-09-02,,,0.085,45.0,,,,,,
1225,2016-09-01,,,0.08,270.0,,,,,,
1226,2016-08-30,,,0.11,30.0,,,,,,
1227,2016-08-29,,,0.1,18.0,,,,,,
1228,2016-08-26,,,0.1,40.0,,,,,,
1229,2016-08-25,,,0.1,127.0,,,,,,
1230,2016-08-24,,,0.145,25.0,,,,,,
1231,2016-08-23,,,0.12,75.0,,,,,,
1232,2016-08-22,,,0.13,201.6,,,,,,
1233,2016-08-19,,,0.17,162.7,,,,,,
1234,2016-08-18,,,0.15,62.0,,,,,,
1235,2016-08-17,,,0.15,56.0,,,,,,
1236,2016-08-16,,,0.145,44.0,,,,,,
1237,2016-08-15,,,0.17,7.0,,,,,,
1238,2016-08-12,,,0.175,163.8,,,,,,
1239,2016-08-11,,,0.155,98.22,,,,,,
1240,2016-08-10,,,0.17,44.0,,,,,,
1241,2016-08-09,,,0.16,83.05,,,,,,
1242,2016-08-05,,,0.23,27.66,,,,,,
1243,2016-08-04,,,0.235,20.0,,,,,,
1244,2016-08-03,,,0.215,20.0,,,,,,
1245,2016-08-02,,,0.225,78.0,,,,,,
1246,2016-07-29,,,0.235,30.0,,,,,,
1247,2016-07-28,,,0.2,85.3,,,,,,
1248,2016-07-26,,,0.2,75.0,,,,,,
1249,2016-07-25,,,0.2,2.0,,,,,,
1250,2016-07-22,,,0.215,204.2,,,,,,
1251,2016-07-21,,,0.21,77.0,,,,,,
1252,2016-07-20,,,0.22,91.25,,,,,,
1253,2016-07-19,,,0.22,24.5,,,,,,
1254,2016-07-18,,,0.25,63.0,,,,,,
1255,2016-07-15,,,0.25,158.86,,,,,,
1256,2016-07-14,,,0.235,164.09,,,,,,
1257,2016-07-13,,,0.25,148.5,,,,,,
1258,2016-07-11,,,0.28,2.0,,,,,,
1259,2016-07-08,,,0.295,1130.0,,,,,,
1260,2016-07-07,,,0.25,284.52,,,,,,
1261,2016-07-06,,,0.22,0.75,,,,,,
1262,2016-07-05,,,0.22,3.0,,,,,,
1263,2016-06-30,,,0.3,26.0,,,,,,
1264,2016-06-29,,,0.32,111.0,,,,,,
1265,2016-06-28,,,0.295,28.59,,,,,,
1266,2016-06-27,,,0.28,11.0,,,,,,
1267,2016-06-24,,,0.31,73.81,,,,,,
1268,2016-06-23,,,0.31,39.0,,,,,,
1269,2016-06-22,,,0.33,91.1,,,,,,
1270,2016-06-20,,,0.35,25.37,,,,,,
1271,2016-06-17,,,0.35,35.0,,,,,,
1272,2016-06-16,,,0.39,1.28,,,,,,
1273,2016-06-13,,,0.39,15.5,,,,,,
1274,2016-06-10,,,0.39,24.0,,,,,,
1275,2016-06-08,,,0.4,57.1,,,,,,
1276,2016-06-07,,,0.42,1.0,,,,,,
1277,2016-06-06,,,0.45,40.51,,,,,,
1278,2016-06-03,,,0.445,25.1,,,,,,
1279,2016-06-02,,,0.445,53.0,,,,,,
1280,2016-06-01,,,0.47,5.7,,,,,,
1281,2016-05-31,,,0.43,16.0,,,,,,
1282,2016-05-30,,,0.48,84.0,,,,,,
1283,2016-05-27,,,0.45,4.0,,,,,,
1284,2016-05-25,,,0.54,43.6,,,,,,
1285,2016-05-24,,,0.54,193.3,,,,,,
1286,2016-05-18,,,0.54,6.2,,,,,,
1287,2016-05-17,,,0.56,112.13,,,,,,
1288,2016-05-16,,,0.54,79.0,,,,,,
1289,2016-05-13,,,0.54,50.0,,,,,,
1290,2016-05-12,,,0.45,13.0,,,,,,
1291,2016-05-11,,,0.43,12.4,,,,,,
1292,2016-05-10,,,0.41,23.04,,,,,,
1293,2016-05-09,,,0.5,70.9,,,,,,
1294,2016-05-06,,,0.475,21.46,,,,,,
1295,2016-05-05,,,0.5,17.0,,,,,,
1296,2016-05-04,,,0.44,132.39,,,,,,
1297,2016-05-03,,,0.34,48.0,,,,,,
1298,2016-05-02,,,0.22,128.5,,,,,,
1299,2016-04-29,,,0.33,98.46,,,,,,
1300,2016-04-28,,,0.46,518.4,,,,,,
1301,2016-04-27,,,0.62,329.02,,,,,,
1302,2016-04-26,,,0.67,898.95,,,,,,
1303,2016-04-25,,,0.66,917.66,,,,,,
1304,2016-04-22,,,0.62,239.8,,,,,,
1305,2016-04-21,,,0.61,383.5,,,,,,
1306,2016-04-20,,,0.58,494.67,,,,,,
1307,2016-04-19,,,0.55,335.5,,,,,,
1308,2016-04-18,,,0.51,572.48,,,,,,
1309,2016-04-15,,,0.46,222.75,,,,,,
1310,2016-04-14,,,0.425,174.0,,,,,,
1311,2016-04-13,,,0.44,275.46,,,,,,
1312,2016-04-12,,,0.43,331.67,,,,,,
1313,2016-04-11,,,0.41,627.47,,,,,,
1314,2016-04-08,,,0.37,148.0,,,,,,
1315,2016-04-07,,,0.355,48.6,,,,,,
1316,2016-04-06,,,0.33,124.0,,,,,,
1317,2016-04-05,,,0.25,73.5,,,,,,
1318,2016-04-04,,,0.25,260.04,,,,,,
1319,2016-04-01,,,0.215,27.0,,,,,,
1320,2016-03-31,,,0.23,25.0,,,,,,
1321,2016-03-30,,,0.22,103.0,,,,,,
1322,2016-03-28,,,0.22,2.0,,,,,,
1323,2016-03-24,,,0.235,16.5,,,,,,
1324,2016-03-22,,,0.225,40.0,,,,,,
1325,2016-03-21,,,0.24,136.58,,,,,,
1326,2016-03-18,,,0.225,152.0,,,,,,
1327,2016-03-17,,,0.245,95.0,,,,,,
1328,2016-03-16,,,0.245,175.5,,,,,,
1329,2016-03-15,,,0.235,74.5,,,,,,
1330,2016-03-14,,,0.25,35.0,,,,,,
1331,2016-03-11,,,0.24,37.46,,,,,,
1332,2016-03-10,,,0.265,4.0,,,,,,
1333,2016-03-07,,,0.27,15.0,,,,,,
1334,2016-03-04,,,0.265,675.5,,,,,,
1335,2016-03-03,,,0.265,73.63,,,,,,
1336,2016-03-02,,,0.24,25.3,,,,,,
1337,2016-03-01,,,0.23,96.5,,,,,,
1338,2016-02-29,,,0.2,29.59,,,,,,
1339,2016-02-23,,,0.2,23.0,,,,,,
1340,2016-02-19,,,0.195,8.0,,,,,,
1341,2016-02-18,,,0.2,20.0,,,,,,
1342,2016-02-16,,,0.195,18.5,,,,,,
1343,2016-02-12,,,0.19,5.0,,,,,,
1344,2016-02-05,,,0.2,5.5,,,,,,
1345,2016-02-04,,,0.2,19.65,,,,,,
1346,2016-01-29,,,0.2,16.85,,,,,,
1347,2016-01-28,,,0.185,40.4,,,,,,
1348,2016-01-27,,,0.15,2.0,,,,,,
1349,2016-01-26,,,0.17,62.0,,,,,,
1350,2016-01-13,,,0.18,100.0,,,,,,
1351,2015-12-30,,,0.18,15.0,,,,,,
1352,2015-12-29,,,0.18,5.0,,,,,,
1353,2015-12-21,,,0.18,5.0,,,,,,
1354,2015-12-17,,,0.2,4.11,,,,,,
1355,2015-12-14,,,0.19,3.0,,,,,,
1356,2015-12-11,,,0.2,209.0,,,,,,
1357,2015-12-09,,,0.17,11.5,,,,,,
1358,2015-12-08,,,0.2,50.0,,,,,,
1359,2015-12-04,,,0.2,8.0,,,,,,
1360,2015-12-03,,,0.19,17.0,,,,,,
1361,2015-12-01,,,0.18,15.0,,,,,,
1362,2015-11-30,,,0.22,20.0,,,,,,
1363,2015-11-27,,,0.25,50.0,,,,,,
1364,2015-11-25,,,0.23,60.0,,,,,,
1365,2015-11-24,,,0.21,49.0,,,,,,
1366,2015-11-23,,,0.2,5.0,,,,,,
1367,2015-11-19,,,0.205,31.0,,,,,,
1368,2015-11-17,,,0.235,95.0,,,,,,
1369,2015-11-16,,,0.21,36.56,,,,,,
1370,2015-11-13,,,0.2,5.0,,,,,,
1371,2015-11-10,,,0.3,140.0,,,,,,
1372,2015-11-09,,,0.27,55.0,,,,,,
1373,2015-11-06,,,0.27,98.0,,,,,,
1374,2015-11-04,,,0.26,139.5,,,,,,
1375,2015-11-03,,,0.18,30.0,,,,,,
1376,2015-11-02,,,0.18,75.0,,,,,,
1377,2015-10-28,,,0.18,20.0,,,,,,
1378,2015-10-21,,,0.19,11.5,,,,,,
1379,2015-10-19,,,0.2,18.5,,,,,,
1380,2015-10-15,,,0.22,32.5,,,,,,
1381,2015-10-14,,,0.21,10.0,,,,,,
1382,2015-10-08,,,0.23,2.0,,,,,,
1383,2015-10-07,,,0.24,48.0,,,,,,
1384,2015-10-06,,,0.22,25.0,,,,,,
1385,2015-10-05,,,0.22,5.0,,,,,,
1386,2015-10-02,,,0.2,12.0,,,,,,
1387,2015-09-18,,,0.18,4.2,,,,,,
1388,2015-09-16,,,0.2,19.0,,,,,,
1389,2015-09-14,,,0.18,1.0,,,,,,
1390,2015-09-10,,,0.21,50.0,,,,,,
1391,2015-09-04,,,0.19,20.0,,,,,,
1392,2015-08-28,,,0.22,50.0,,,,,,
1393,2015-08-18,,,0.205,23.5,,,,,,
1394,2015-08-17,,,0.205,19.0,,,,,,
1395,2015-08-14,,,0.22,12.0,,,,,,
1396,2015-08-11,,,0.23,1.0,,,,,,
1397,2015-08-07,,,0.19,350.0,,,,,,
1398,2015-08-06,,,0.2,11.5,,,,,,
1399,2015-07-31,,,0.2,94.0,,,,,,
1400,2015-07-28,,,0.2,1.0,,,,,,
1401,2015-07-23,,,0.24,10.0,,,,,,
1402,2015-07-21,,,0.22,9.5,,,,,,
1403,2015-07-20,,,0.22,0.6,,,,,,
1404,2015-07-17,,,0.23,130.0,,,,,,
1405,2015-07-16,,,0.24,10.0,,,,,,
1406,2015-07-15,,,0.24,25.0,,,,,,
1407,2015-07-14,,,0.24,30.0,,,,,,
1408,2015-07-13,,,0.24,130.0,,,,,,
1409,2015-06-29,,,0.24,82.0,,,,,,
1410,2015-06-26,,,0.24,14.0,,,,,,
1411,2015-06-25,,,0.24,16.5,,,,,,
1412,2015-06-24,,,0.24,19.0,,,,,,
1413,2015-06-23,,,0.24,0.5,,,,,,
1414,2015-06-22,,,0.24,17.5,,,,,,
1415,2015-06-19,,,0.24,17.0,,,,,,
1416,2015-06-18,,,0.24,17.0,,,,,,
1417,2015-06-17,,,0.24,15.5,,,,,,
1418,2015-06-16,,,0.22,14.5,,,,,,
1419,2015-06-12,,,0.25,4.0,,,,,,
1420,2015-06-11,,,0.25,3.5,,,,,,
1421,2015-06-10,,,0.25,16.0,,,,,,
1422,2015-06-09,,,0.23,16.0,,,,,,
1423,2015-06-08,,,0.23,3.5,,,,,,
1424,2015-06-05,,,0.23,21.0,,,,,,
1425,2015-06-04,,,0.23,25.0,,,,,,
1426,2015-06-03,,,0.255,38.0,,,,,,
1427,2015-06-02,,,0.23,40.0,,,,,,
1428,2015-06-01,,,0.23,45.0,,,,,,
1429,2015-05-29,,,0.23,13.0,,,,,,
1430,2015-05-20,,,0.1,2.0,,,,,,
1431,2015-05-15,,,0.125,1.0,,,,,,
1432,2022-03-09,,,,,37.08,62.11,3.37,15.83,110.91,2.59
1433,2022-03-08,,,,,35.87,89.28,1.13,15.43,148.02,0.52
1434,2022-03-07,,,,,35.47,205.71,-4.62,15.35,98.67,-2.48
1435,2021-08-08,,,,,49.11,,0.0,18.58,,0.0
1436,2021-08-07,,,,,49.11,,0.0,18.58,,0.0
1437,2021-07-04,,,,,45.98,,0.0,17.66,,0.0
1438,2021-07-03,,,,,45.98,,0.0,17.66,,0.0
1439,2020-10-04,,,,,29.37,,0.0,10.58,,0.0
1440,2020-10-03,,,,,29.37,,0.0,10.58,,0.0
1441,2020-09-27,,,,,27.95,,0.0,9.84,,0.0
1442,2020-09-26,,,,,27.95,,0.0,9.84,,0.0
1443,2020-09-13,,,,,28.71,,0.0,10.4,,0.0
1444,2020-08-30,,,,,29.85,,0.0,10.62,,-0.05
1445,2020-08-23,,,,,29.13,,0.0,10.48,,0.0
1446,2020-08-22,,,,,29.13,,0.0,,,
1447,2020-08-09,,,,,28.67,,0.0,10.74,,0.0
1448,2020-08-08,,,,,28.67,,0.0,10.74,,0.0
1449,2020-08-02,,,,,27.12,,0.0,10.01,,0.0
1450,2020-07-26,,,,,27.39,,0.0,10.04,,0.0
1451,2020-07-25,,,,,27.39,,0.0,10.04,,0.0
1452,2020-07-12,,,,,27.35,,0.0,9.78,,0.0
1453,2020-07-11,,,,,27.35,,0.0,9.78,,0.0
1454,2020-07-05,,,,,25.7,,0.0,9.23,,0.0
1455,2020-07-04,,,,,25.7,,0.0,9.23,,0.0
1456,2020-06-07,,,,,25.75,,0.0,9.5,,0.0
1457,2020-05-10,,,,,22.58,,0.0,7.95,,0.0
1458,2020-05-09,,,,,22.58,,0.0,7.95,,0.0
1459,2020-05-03,,,,,21.0,,0.0,7.51,,0.0
1460,2020-05-02,,,,,21.0,,0.0,7.51,,0.0
1461,2020-03-28,,,,,18.8,,0.0,6.56,,0.0
1462,2020-03-21,,,,,16.79,,0.0,6.13,,0.0
1463,2020-03-14,,,,,19.99,,0.0,7.53,,0.0
1464,2020-02-17,,,,,25.62,,0.0,11.4,,0.0
